State,District,Year,Population
Mizoram,Aizawl,2000,323938.8
Mizoram,Champhai,2000,55516.5
Mizoram,Kolasib,2000,70341.6
Mizoram,Lawngtlai,2000,69637.4
Mizoram,Lunglei,2000,112339.3
Mizoram,Mamit,2000,79545.5
Mizoram,Saiha,2000,54627.1
Mizoram,Serchhip,2000,43649.2
Mizoram,Khawzawl,2000,44226.0
Mizoram,Hnahthial,2000,21346.7
Tamil Nadu,Thiruvallur,2000,2883333.2
Tamil Nadu,Chennai,2000,4250264.0
Tamil Nadu,Krishnagiri,2000,1480531.5
Tamil Nadu,Tiruvannamalai,2000,2304356.5
Tamil Nadu,Dharmapuri,2000,1267638.5
Tamil Nadu,Salem,2000,2987373.5
Tamil Nadu,Erode,2000,1842383.1
Tamil Nadu,Nilgiris,2000,741400.4
Tamil Nadu,Namakkal,2000,1521017.1
Tamil Nadu,Perambalur,2000,449283.6
Tamil Nadu,Coimbatore,2000,2973864.5
Tamil Nadu,Tiruchirappalli,2000,2422285.0
Tamil Nadu,Ariyalur,2000,622541.7
Tamil Nadu,Tiruppur,2000,1918568.9
Tamil Nadu,Thanjavur,2000,2116360.5
Tamil Nadu,Karur,2000,961621.0
Tamil Nadu,Thiruvarur,2000,1219381.8
Tamil Nadu,Dindigul,2000,1950725.4
Tamil Nadu,Madurai,2000,2446817.8
Tamil Nadu,Theni,2000,1051531.6
Tamil Nadu,Virudhunagar,2000,1708767.8
Tamil Nadu,Thoothukkudi,2000,1486806.6
Tamil Nadu,Kanyakumari,2000,1664253.0
Tamil Nadu,Viluppuram,2000,1923089.0
Tamil Nadu,Cuddalore,2000,2347712.0
Tamil Nadu,Pudukkottai,2000,1465325.1
Tamil Nadu,Sivaganga,2000,1178531.5
Tamil Nadu,Ramanathapuram,2000,1172520.9
Tamil Nadu,Nagapattinam,2000,1557625.5
Tamil Nadu,Kallakurichi,2000,1160194.6
Tamil Nadu,Tenkasi,2000,1298287.1
Tamil Nadu,Tirunelveli,2000,1448910.9
Tamil Nadu,Vellore,2000,1354770.4
Tamil Nadu,Ranipet,2000,910440.9
Tamil Nadu,Tirupathur,2000,1028710.3
Tamil Nadu,Kancheepuram,2000,778224.8
Tamil Nadu,Chengalpattu,2000,1782034.8
Madhya Pradesh,Burhanpur,2000,634381.9
Maharashtra,Gondia,2000,1361218.0
Maharashtra,Bhandara,2000,1001257.1
Maharashtra,Jalgaon,2000,3584991.8
Chhattisgarh,Mahasamund,2000,799402.2
Maharashtra,Wardha,2000,1236968.4
Maharashtra,Buldhana,2000,2199423.0
Gujarat,Valsad,2000,1387693.2
Maharashtra,Akola,2000,1616786.6
Odisha,Bhadrak,2000,1263954.2
Odisha,Dhenkanal,2000,1110409.5
Odisha,Jajpur,2000,1606866.5
Odisha,Subarnapur,2000,528304.6
Odisha,Nuapada,2000,517735.7
Odisha,Balangir,2000,1336294.5
Maharashtra,Nashik,2000,4906307.0
Odisha,Boudh,2000,377398.4
Maharashtra,Gadchiroli,2000,958788.0
Maharashtra,Washim,2000,996048.4
Odisha,Cuttack,2000,2275608.8
Maharashtra,Chandrapur,2000,2089123.0
Maharashtra,Yavatmal,2000,2410144.0
Odisha,Kandhamal,2000,643591.2
Maharashtra,Jalna,2000,1581338.8
Odisha,Nayagarh,2000,812713.2
Chhattisgarh,Uttar Bastar Kanker,2000,656300.2
Odisha,Khordha,2000,1818798.5
Odisha,Kalahandi,2000,1332803.4
Odisha,Jagatsinghpur,2000,1080779.8
Odisha,Puri,2000,1405046.4
Maharashtra,Ahmednagar,2000,4008793.0
Odisha,Nabarangapur,2000,995828.1
Maharashtra,Hingoli,2000,1012413.9
Odisha,Rayagada,2000,840632.9
Maharashtra,Nanded,2000,2837520.5
Chhattisgarh,Narayanpur,2000,85083.5
Maharashtra,Parbhani,2000,1418092.8
Maharashtra,Pune,2000,7065149.5
Maharashtra,Beed,2000,2136933.8
Maharashtra,Mumbai,2000,11649372.0
Odisha,Koraput,2000,1144257.5
Andhra Pradesh,Srikakulam,2000,2377657.5
Andhra Pradesh,Vizianagaram,2000,2226195.0
Maharashtra,Latur,2000,1980963.5
Maharashtra,Osmanabad,2000,1554725.0
Odisha,Malkangiri,2000,518486.9
Maharashtra,Solapur,2000,3793512.2
Andhra Pradesh,Visakhapatnam,2000,3895890.0
Karnataka,Bidar,2000,1438813.0
Maharashtra,Satara,2000,2760515.0
Maharashtra,Ratnagiri,2000,1596582.2
Karnataka,Kalaburagi,2000,2109683.5
Maharashtra,Sangli,2000,2703436.8
Maharashtra,Kolhapur,2000,3301962.2
Andhra Pradesh,Krishna,2000,4022275.0
Karnataka,Belagavi,2000,4228805.5
Karnataka,Yadgir,2000,905656.1
Karnataka,Bagalkote,2000,1591049.2
Maharashtra,Sindhudurg,2000,846110.4
Andhra Pradesh,Guntur,2000,4490763.0
Andhra Pradesh,East Godavari,2000,5017525.0
Karnataka,Raichur,2000,1605310.0
Andhra Pradesh,Prakasam,2000,3023475.0
Andhra Pradesh,Kurnool,2000,3468066.0
Karnataka,Koppal,2000,1143261.2
Karnataka,Gadag,2000,985020.6
Goa,North Goa,2000,560899.5
Karnataka,Ballari,2000,2054554.0
Karnataka,Dharwad,2000,1585168.8
Karnataka,Uttara Kannada,2000,1363241.6
Goa,South Goa,2000,621982.5
Karnataka,Haveri,2000,1278762.6
Andhra Pradesh,Anantapur,2000,3637108.5
Andhra Pradesh,S.P.S. Nellore,2000,2676370.5
Karnataka,Chitradurga,2000,1484154.4
Karnataka,Davanagere,2000,1770661.2
Karnataka,Shivamogga,2000,1655343.5
Karnataka,Udupi,2000,1022562.9
Karnataka,Chikkamagaluru,2000,1177529.5
Karnataka,Chikkaballapura,2000,1112780.8
Karnataka,Hassan,2000,1712746.6
Karnataka,Kolar,2000,1309155.5
Karnataka,Bengaluru Rural,2000,903500.4
Karnataka,Dakshina Kannada,2000,1985673.0
Karnataka,Bengaluru Urban,2000,6275192.0
Kerala,Kasaragod,2000,1076351.4
Karnataka,Kodagu,2000,564698.8
Karnataka,Chamarajanagara,2000,926613.3
Kerala,Wayanad,2000,788510.8
Kerala,Kozhikode,2000,2816149.0
Kerala,Malappuram,2000,3505904.0
Kerala,Palakkad,2000,2614528.5
Kerala,Thrissur,2000,2988517.0
Kerala,Idukki,2000,1103078.8
Kerala,Ernakulam,2000,3075128.2
Kerala,Alappuzha,2000,2151137.2
Kerala,Kottayam,2000,1947264.0
Kerala,Pathanamthitta,2000,1364848.1
Kerala,Kollam,2000,2383853.0
Kerala,Thiruvananthapuram,2000,3046735.8
Andhra Pradesh,West Godavari,2000,3871335.5
Chhattisgarh,Dakshin Bastar Dantewada,2000,256927.8
Chhattisgarh,Bastar,2000,683976.5
Chhattisgarh,Kondagaon,2000,470778.9
Chhattisgarh,Gariaband,2000,452723.7
Chhattisgarh,Raipur,2000,1557990.5
Chhattisgarh,Durg,2000,1406712.2
Maharashtra,Thane,2000,5082742.5
Telangana,Adilabad,2000,659940.2
Telangana,Hyderabad,2000,2125047.0
Telangana,Jagtial,2000,888036.4
Telangana,Jangaon,2000,510189.3
Telangana,Mulugu,2000,261702.5
Telangana,Jogulamba Gadwal,2000,529841.4
Telangana,Kamareddy,2000,906383.8
Telangana,Karimnagar,2000,969750.6
Telangana,Khammam,2000,1330516.2
Telangana,Komaram Bheem,2000,469483.3
Telangana,Mahabubabad,2000,670464.1
Telangana,Mahabubnagar,2000,756541.9
Telangana,Mancherial,2000,622313.7
Telangana,Medak,2000,640843.5
Telangana,Medchal Malkajgiri,2000,2459479.2
Telangana,Nagarkurnool,2000,722511.0
Telangana,Nalgonda,2000,1532657.4
Telangana,Nirmal,2000,628503.0
Telangana,Nizamabad,2000,1447846.2
Telangana,Peddapalli,2000,785719.9
Telangana,Rajanna Sircilla,2000,502300.8
Telangana,Ranga Reddy,2000,2533109.8
Telangana,Sangareddy,2000,1385102.4
Telangana,Siddipet,2000,866484.2
Telangana,Suryapet,2000,1021967.2
Telangana,Vikarabad,2000,676307.6
Telangana,Wanaparthy,2000,513350.6
Telangana,Warangal Rural,2000,674307.4
Telangana,Warangal Urban,2000,1019695.4
Telangana,Yadadri Bhuvanagiri,2000,669620.7
West Bengal,South 24 Parganas,2000,9539318.0
Gujarat,Amreli,2000,1392704.0
Odisha,Angul,2000,1127955.6
Gujarat,Dang,2000,188424.9
Chhattisgarh,Dhamtari,2000,704418.9
Odisha,Kendrapara,2000,1388515.2
Dadra and Nagar Haveli and Daman and Diu,Dadra and Nagar Haveli,2000,260272.7
Maharashtra,Palghar,2000,2292952.2
Odisha,Ganjam,2000,3172835.2
Odisha,Gajapati,2000,508329.7
Andhra Pradesh,Y.S.R. Kadapa,2000,2568217.0
Karnataka,Tumakuru,2000,2567912.5
Andhra Pradesh,Chittoor,2000,3669187.0
Karnataka,Ramanagara,2000,1057607.5
Karnataka,Mandya,2000,1531122.8
Karnataka,Mysuru,2000,2869473.5
Kerala,Kannur,2000,2406060.0
Puducherry,Puducherry,2000,462509.8
Chhattisgarh,Balod,2000,684096.1
Telangana,Bhadradri Kothagudem,2000,961128.1
Gujarat,Vadodara,2000,2685304.5
West Bengal,Paschim Medinipur,2000,4323277.0
Madhya Pradesh,Seoni,2000,1150575.0
Madhya Pradesh,Alirajpur,2000,646775.3
Madhya Pradesh,Chhindwara,2000,1863197.2
Madhya Pradesh,Harda,2000,467922.6
Madhya Pradesh,Khargone,2000,1472262.8
West Bengal,Purba Medinipur,2000,4291741.5
Odisha,Mayurbhanj,2000,2250825.5
Gujarat,Bharuch,2000,1300111.2
Odisha,Sundargarh,2000,1795707.2
Chhattisgarh,Kabeerdham,2000,567676.1
Madhya Pradesh,Khandwa,2000,1018838.9
Gujarat,Porbandar,2000,536797.6
Madhya Pradesh,Balaghat,2000,1407568.4
Gujarat,Narmada,2000,529494.1
Madhya Pradesh,Barwani,2000,1108065.6
Chhattisgarh,Janjgir Champa,2000,1368782.8
Maharashtra,Nandurbar,2000,1279019.5
Odisha,Kendujhar,2000,1604912.5
Odisha,Balasore,2000,1906355.0
Odisha,Jharsuguda,2000,476224.8
Chhattisgarh,Bametara,2000,641828.0
Chhattisgarh,Rajnandgaon,2000,1254977.2
Maharashtra,Amravati,2000,2615055.8
Gujarat,Surat,2000,4042573.5
Maharashtra,Dhule,2000,1710731.6
Gujarat,Tapi,2000,739307.7
Odisha,Bargarh,2000,1311557.1
Maharashtra,Nagpur,2000,4007770.5
Chhattisgarh,Baloda Bazar,2000,916894.8
Chhattisgarh,Mungeli,2000,630669.1
Gujarat,Botad,2000,490813.4
Gujarat,Chhota Udaipur,2000,895364.6
Gujarat,Gir Somnath,2000,1068847.6
West Bengal,Jhargram,2000,984718.0
Gujarat,Rajkot,2000,2463706.2
Gujarat,Bhavnagar,2000,2035295.8
Madhya Pradesh,Betul,2000,1395291.5
Gujarat,Junagadh,2000,1326436.4
Odisha,Deogarh,2000,266526.1
Gujarat,Jamnagar,2000,1174850.8
Gujarat,Devbhumi Dwarka,2000,639063.5
Maharashtra,Aurangabad,2000,2783334.0
Karnataka,Vijayapura,2000,1778561.8
Chhattisgarh,Bijapur,2000,232574.1
Maharashtra,Raigad,2000,2139246.0
Chhattisgarh,Raigarh,2000,1182042.5
Chhattisgarh,Bilaspur,2000,1738789.5
Puducherry,Karaikal,2000,131508.6
Puducherry,Mahe,2000,2657.3
Puducherry,Yanam,2000,6469.3
Odisha,Sambalpur,2000,1016373.0
Gujarat,Navsari,2000,1198440.8
Lakshadweep,Lakshadweep,2000,3341.0
Dadra and Nagar Haveli and Daman and Diu,Daman,2000,28960.6
Dadra and Nagar Haveli and Daman and Diu,Diu,2000,12064.4
Telangana,Jayashankar Bhupalapally,2000,353596.3
Telangana,Narayanpet,2000,516378.6
Chhattisgarh,Sukma,2000,201198.8
Arunachal Pradesh,Upper Subansiri,2000,53182.3
Arunachal Pradesh,Anjaw,2000,19002.3
Assam,Tinsukia,2000,1019483.6
Assam,Dhemaji,2000,472455.9
Arunachal Pradesh,Changlang,2000,129760.7
Assam,Dibrugarh,2000,1263558.2
Arunachal Pradesh,Tawang,2000,36100.4
Arunachal Pradesh,Papum Pare,2000,112281.3
Assam,Lakhimpur,2000,865366.2
Arunachal Pradesh,Tirap,2000,49850.7
Assam,Sivasagar,2000,667222.5
Assam,Jorhat,2000,869481.8
Nagaland,Mon,2000,247777.1
Assam,Sonitpur,2000,1098457.9
Assam,Golaghat,2000,1058059.0
Nagaland,Longleng,2000,122380.8
Nagaland,Mokokchung,2000,254955.8
Assam,Udalguri,2000,751470.8
Assam,Chirang,2000,498914.0
Assam,Baksa,2000,968658.6
Assam,Nagaon,2000,1562335.8
Assam,Kokrajhar,2000,1082607.5
Assam,Darrang,2000,752440.2
Nagaland,Tuensang,2000,173833.9
Assam,Barpeta,2000,1264119.6
Assam,Nalbari,2000,777928.4
Assam,Morigaon,2000,742131.6
Assam,Kamrup,2000,1204224.2
Assam,Bongaigaon,2000,552737.9
Assam,Dhubri,2000,849427.0
Assam,Kamrup Metropolitan,2000,1039208.8
Nagaland,Kiphire,2000,109887.3
Assam,Goalpara,2000,725767.9
Meghalaya,Ribhoi,2000,201545.4
Assam,Dima Hasao,2000,220711.7
Manipur,Kamjong,2000,35987.3
Meghalaya,West Khasi Hills,2000,200532.4
Nagaland,Peren,2000,85967.6
Manipur,Senapati,2000,172718.7
Meghalaya,East Jaintia Hills,2000,83979.6
Meghalaya,East Khasi Hills,2000,637174.9
Manipur,Tamenglong,2000,90093.7
Meghalaya,South Garo Hills,2000,105137.6
Assam,Cachar,2000,1481205.8
Manipur,Imphal West,2000,548929.0
Assam,Karimganj,2000,941551.8
Assam,Hailakandi,2000,478779.8
Manipur,Kakching,2000,148596.3
Manipur,Bishnupur,2000,160222.0
Manipur,Chandel,2000,83581.9
Manipur,Churachandpur,2000,183987.1
Tripura,North Tripura,2000,294347.8
Tripura,Dhalai,2000,289341.4
Tripura,Sipahijala,2000,374990.2
Tripura,Gomati,2000,431365.9
Nagaland,Wokha,2000,162469.8
Nagaland,Zunheboto,2000,152080.4
Nagaland,Phek,2000,145637.2
Meghalaya,West Garo Hills,2000,415037.5
Meghalaya,East Garo Hills,2000,123112.6
Nagaland,Kohima,2000,210936.2
Nagaland,Dimapur,2000,331349.9
Arunachal Pradesh,East Siang,2000,65582.0
Arunachal Pradesh,Lohit,2000,38758.7
Arunachal Pradesh,Kurung Kumey,2000,16446.9
Arunachal Pradesh,Lower Subansiri,2000,43331.3
Arunachal Pradesh,East Kameng,2000,45763.8
Arunachal Pradesh,West Kameng,2000,74892.2
Meghalaya,West Jaintia Hills,2000,207525.3
Meghalaya,South West Khasi Hills,2000,75209.2
Meghalaya,North Garo Hills,2000,122750.0
Meghalaya,South West Garo Hills,2000,102484.8
Tripura,Khowai,2000,256166.6
Tripura,West Tripura,2000,828625.2
Tripura,South Tripura,2000,272939.2
Tripura,Unokoti,2000,276898.0
Assam,Charaideo,2000,403594.2
Assam,Majuli,2000,111784.4
Assam,Biswanath,2000,484269.4
Assam,Hojai,2000,766119.4
Assam,South Salmara Mankachar,2000,342220.4
Assam,Karbi Anglong,2000,508252.4
Assam,West Karbi Anglong,2000,257931.8
Arunachal Pradesh,Kra Daadi,2000,20434.7
Arunachal Pradesh,Namsai,2000,84907.0
Arunachal Pradesh,Longding,2000,46374.3
Manipur,Imphal East,2000,256886.2
Manipur,Jiribam,2000,37654.1
Manipur,Kangpokpi,2000,106931.4
Manipur,Thoubal,2000,212610.4
Manipur,Tengnoupal,2000,49780.1
Manipur,Ukhrul,2000,100972.0
Manipur,Noney,2000,33334.8
Manipur,Pherzawl,2000,41442.7
Arunachal Pradesh,Upper Siang,2000,30618.2
Arunachal Pradesh,Lower Siang,2000,15981.3
Arunachal Pradesh,Upper Dibang Valley,2000,8313.9
Arunachal Pradesh,Lower Dibang Valley,2000,51217.6
Arunachal Pradesh,Siang,2000,41496.2
Arunachal Pradesh,Shi Yomi,2000,10418.0
Arunachal Pradesh,Pakke Kessang,2000,12855.2
Arunachal Pradesh,West Siang,2000,39974.4
Arunachal Pradesh,Lepa Rada,2000,19007.4
Arunachal Pradesh,Kamle,2000,10417.2
Andaman and Nicobar Islands,North and Middle Andaman,2000,88658.0
Andaman and Nicobar Islands,South Andaman,2000,91489.1
Andaman and Nicobar Islands,Nicobars,2000,19214.8
Uttar Pradesh,Amroha,2000,1457950.5
Rajasthan,Churu,2000,1889164.5
Uttar Pradesh,Hapur,2000,932439.5
Delhi,Delhi,2000,12687598.0
Haryana,Jhajjar,2000,867543.6
Uttar Pradesh,Bareilly,2000,3549835.8
Uttar Pradesh,Pilibhit,2000,1692871.1
Uttar Pradesh,Bulandshahr,2000,2976463.5
Uttar Pradesh,Gautam Buddha Nagar,2000,1106581.2
Uttar Pradesh,Lakhimpur Kheri,2000,3047206.8
Rajasthan,Jhunjhunu,2000,1985714.9
Haryana,Gurugram,2000,924451.6
Haryana,Faridabad,2000,1534428.4
Haryana,Mahendragarh,2000,763592.9
Haryana,Rewari,2000,779905.4
Uttar Pradesh,Budaun,2000,2537076.0
Rajasthan,Jaisalmer,2000,495524.8
Uttar Pradesh,Bahraich,2000,2517757.8
Haryana,Nuh,2000,650626.2
Uttar Pradesh,Shahjahanpur,2000,2404878.2
Rajasthan,Sikar,2000,2199189.0
Haryana,Palwal,2000,833038.9
Rajasthan,Alwar,2000,2947818.2
Sikkim,North Sikkim,2000,39850.5
Uttar Pradesh,Aligarh,2000,2933362.2
Uttar Pradesh,Kasganj,2000,1162076.2
Uttar Pradesh,Mathura,2000,2017255.5
Rajasthan,Jaipur,2000,5153203.0
Uttar Pradesh,Shrawasti,2000,795274.4
Rajasthan,Jodhpur,2000,2822669.8
Uttar Pradesh,Sitapur,2000,3516854.0
Rajasthan,Bharatpur,2000,1996114.8
Uttar Pradesh,Hathras,2000,1260086.0
Rajasthan,Nagaur,2000,2695851.5
Uttar Pradesh,Etah,2000,1600249.1
Uttar Pradesh,Hardoi,2000,3334538.2
Uttar Pradesh,Farrukhabad,2000,1468793.6
Sikkim,West Sikkim,2000,104788.5
Sikkim,South Sikkim,2000,134337.4
Sikkim,East Sikkim,2000,252166.2
Uttar Pradesh,Firozabad,2000,2039304.9
Bihar,West Champaran,2000,3029716.5
Uttar Pradesh,Siddharthnagar,2000,2169416.5
Uttar Pradesh,Mainpuri,2000,1577908.5
Uttar Pradesh,Maharajganj,2000,2180187.8
Uttar Pradesh,Agra,2000,3589028.2
Uttar Pradesh,Gonda,2000,2604115.5
Uttar Pradesh,Barabanki,2000,2646543.0
West Bengal,Darjeeling,2000,1497976.2
Rajasthan,Dausa,2000,1423799.5
Uttar Pradesh,Kushinagar,2000,2782645.0
Uttar Pradesh,Kannauj,2000,1346419.2
Uttar Pradesh,Lucknow,2000,3605722.5
West Bengal,Jalpaiguri,2000,2066981.2
Uttar Pradesh,Basti,2000,1947908.5
Uttar Pradesh,Gorakhpur,2000,3671679.8
Uttar Pradesh,Sant Kabir Nagar,2000,1360153.8
Rajasthan,Karauli,2000,1181046.4
Bihar,East Champaran,2000,3829693.0
Uttar Pradesh,Unnao,2000,2746680.5
Uttar Pradesh,Etawah,2000,1319487.5
Rajasthan,Dholpur,2000,995082.9
Uttar Pradesh,Kanpur Nagar,2000,4162969.5
Uttar Pradesh,Auraiya,2000,1196453.0
Madhya Pradesh,Morena,2000,1518918.2
Rajasthan,Barmer,2000,1908498.4
Uttar Pradesh,Ayodhya,2000,2124247.8
Uttar Pradesh,Kanpur Dehat,2000,1508249.2
Madhya Pradesh,Bhind,2000,1383582.8
Rajasthan,Sawai Madhopur,2000,1080249.4
Uttar Pradesh,Deoria,2000,2536872.5
Bihar,Sitamarhi,2000,2561968.0
Rajasthan,Tonk,2000,1195394.8
Bihar,Sheohar,2000,507986.2
Uttar Pradesh,Sultanpur,2000,1800612.6
Rajasthan,Pali,2000,1805348.8
Bihar,Gopalganj,2000,1990985.0
Uttar Pradesh,Ambedkar Nagar,2000,2064404.2
Uttar Pradesh,Rae Bareli,2000,1900794.8
Uttar Pradesh,Jalaun,2000,1411870.9
Uttar Pradesh,Azamgarh,2000,3717843.5
Madhya Pradesh,Gwalior,2000,1626146.8
Madhya Pradesh,Sheopur,2000,588853.3
Uttar Pradesh,Mau,2000,1811575.0
Uttar Pradesh,Fatehpur,2000,2311793.8
Uttar Pradesh,Ballia,2000,2675814.8
Uttar Pradesh,Jaunpur,2000,3754361.5
Rajasthan,Bhilwara,2000,1996229.0
Bihar,Samastipur,2000,3434424.5
Rajasthan,Jalore,2000,1397006.6
Rajasthan,Bundi,2000,976746.3
Bihar,Katihar,2000,2257618.0
Uttar Pradesh,Jhansi,2000,1675960.9
Madhya Pradesh,Shivpuri,2000,1371537.5
Rajasthan,Kota,2000,1489237.6
Uttar Pradesh,Banda,2000,1503407.6
Uttar Pradesh,Ghazipur,2000,2972725.2
Uttar Pradesh,Kaushambi,2000,1260254.6
Bihar,Khagaria,2000,1227622.9
Bihar,Bhojpur,2000,2272878.0
Uttar Pradesh,Prayagraj,2000,4899020.0
Bihar,Buxar,2000,1328643.9
West Bengal,Dakshin Dinajpur,2000,1440835.8
West Bengal,Malda,2000,2857524.0
Madhya Pradesh,Tikamgarh,2000,824305.2
Uttar Pradesh,Varanasi,2000,3124175.8
Bihar,Darbhanga,2000,3161675.5
Bihar,Saharsa,2000,1528653.8
Rajasthan,Sirohi,2000,826024.1
Uttar Pradesh,Chitrakoot,2000,861759.0
Uttar Pradesh,Chandauli,2000,1574252.2
Uttar Pradesh,Bhadohi,2000,1299205.2
Rajasthan,Baran,2000,996497.9
Jharkhand,Sahibganj,2000,1215019.9
Bihar,Kaimur,2000,1207446.0
Bihar,Rohtas,2000,2493741.0
Rajasthan,Udaipur,2000,2401817.0
Jharkhand,Godda,2000,956058.9
Uttar Pradesh,Mirzapur,2000,2208741.2
Uttar Pradesh,Lalitpur,2000,960319.5
Bihar,Jamui,2000,1361821.8
Madhya Pradesh,Neemuch,2000,698360.2
Bihar,Banka,2000,1678679.0
Madhya Pradesh,Rewa,2000,1964944.2
Madhya Pradesh,Satna,2000,1804747.1
Madhya Pradesh,Guna,2000,922929.2
Bihar,Nawada,2000,1898285.8
Bihar,Gaya,2000,3421056.0
Madhya Pradesh,Ashoknagar,2000,720760.9
Rajasthan,Jhalawar,2000,1192911.4
West Bengal,Murshidabad,2000,5706496.5
Uttar Pradesh,Sonbhadra,2000,1438182.5
Jharkhand,Pakur,2000,623578.8
Madhya Pradesh,Mandsaur,2000,1105175.8
Bihar,Munger,2000,1191544.9
Jharkhand,Giridih,2000,1836933.1
Jharkhand,Dumka,2000,1062435.6
Madhya Pradesh,Singrauli,2000,977314.8
West Bengal,Birbhum,2000,3004169.2
Jharkhand,Deoghar,2000,1139936.9
Jharkhand,Palamu,2000,1428692.5
Madhya Pradesh,Sidhi,2000,832432.6
Jharkhand,Chatra,2000,790269.6
Jharkhand,Garhwa,2000,1065517.0
Madhya Pradesh,Sagar,2000,2035587.1
Gujarat,Patan,2000,1137521.0
Madhya Pradesh,Damoh,2000,1056606.6
Madhya Pradesh,Shajapur,2000,749378.1
Madhya Pradesh,Vidisha,2000,1153703.5
Gujarat,Mehsana,2000,1770449.2
Madhya Pradesh,Rajgarh,2000,1182621.6
Madhya Pradesh,Shahdol,2000,786405.8
West Bengal,Nadia,2000,4287697.5
Jharkhand,Jamtara,2000,613536.7
Rajasthan,Dungarpur,2000,1038293.5
Madhya Pradesh,Katni,2000,1012378.4
Jharkhand,Dhanbad,2000,2384311.5
Rajasthan,Banswara,2000,1398451.2
Madhya Pradesh,Umaria,2000,548991.2
Jharkhand,Latehar,2000,569424.9
Madhya Pradesh,Ratlam,2000,1165549.5
Jharkhand,Bokaro,2000,1818612.5
Jharkhand,Ramgarh,2000,867217.0
Madhya Pradesh,Bhopal,2000,1764807.5
West Bengal,Purba Bardhaman,2000,3979396.0
Chhattisgarh,Koriya,2000,604179.6
Madhya Pradesh,Ujjain,2000,1686788.0
Gujarat,Gandhinagar,2000,1025580.2
Gujarat,Ahmedabad,2000,5871052.5
Madhya Pradesh,Raisen,2000,1126878.5
West Bengal,Purulia,2000,2543972.0
Madhya Pradesh,Sehore,2000,1071635.8
Jharkhand,Ranchi,2000,2310344.5
West Bengal,Bankura,2000,3139005.8
Jharkhand,Lohardaga,2000,366087.5
Gujarat,Panchmahal,2000,1384189.8
Madhya Pradesh,Jabalpur,2000,2145800.8
Jharkhand,Gumla,2000,820683.1
Gujarat,Dahod,2000,1643232.5
Madhya Pradesh,Dewas,2000,1278945.0
Madhya Pradesh,Anuppur,2000,697623.2
Madhya Pradesh,Jhabua,2000,745431.9
West Bengal,North 24 Parganas,2000,9115590.0
Madhya Pradesh,Dindori,2000,649483.6
West Bengal,Hooghly,2000,4574084.0
Jharkhand,Khunti,2000,450539.6
Madhya Pradesh,Narsinghpur,2000,984573.4
Madhya Pradesh,Dhar,2000,1692631.5
Chhattisgarh,Jashpur,2000,727860.2
Madhya Pradesh,Indore,2000,2416023.2
Jharkhand,Saraikela-Kharsawan,2000,919246.0
Madhya Pradesh,Mandla,2000,801814.0
Jharkhand,East Singhbhum,2000,1844041.0
Madhya Pradesh,Hoshangabad,2000,1055931.4
Chhattisgarh,Korba,2000,970788.4
Jharkhand,West Singhbhum,2000,1212310.0
West Bengal,Howrah,2000,3172828.8
Jharkhand,Simdega,2000,497695.9
West Bengal,Kolkata,2000,2356881.2
Jharkhand,Koderma,2000,511455.2
Jharkhand,Hazaribagh,2000,1323331.8
Bihar,Vaishali,2000,2783653.2
Bihar,Begusarai,2000,2491010.0
Bihar,Bhagalpur,2000,2312123.5
Bihar,Lakhisarai,2000,775464.9
Bihar,Sheikhpura,2000,551345.2
Bihar,Arwal,2000,405248.0
Bihar,Jehanabad,2000,901660.9
Bihar,Nalanda,2000,2445703.5
Bihar,Patna,2000,4387695.0
Bihar,Saran,2000,3156916.5
Bihar,Siwan,2000,2561346.2
Bihar,Muzaffarpur,2000,3828739.0
Bihar,Madhepura,2000,1372232.0
Bihar,Araria,2000,2122195.0
Bihar,Supaul,2000,1772931.2
Bihar,Madhubani,2000,3280934.5
Bihar,Purnia,2000,2523261.0
Chhattisgarh,Surajpur,2000,645470.9
Chhattisgarh,Surguja,2000,658868.9
Gujarat,Aravalli,2000,931400.5
Gujarat,Mahisagar,2000,740354.4
Uttar Pradesh,Amethi,2000,2267801.5
Uttar Pradesh,Ghaziabad,2000,2857230.8
Madhya Pradesh,Agar Malwa,2000,495836.5
Uttar Pradesh,Sambhal,2000,1885407.4
Haryana,Charkhi Dadri,2000,420558.5
West Bengal,Alipurduar,2000,1068735.9
West Bengal,Paschim Bardhaman,2000,2972624.2
West Bengal,Kalimpong,2000,164141.2
Rajasthan,Ajmer,2000,2123288.0
West Bengal,Cooch Behar,2000,2371474.0
West Bengal,Uttar Dinajpur,2000,2186011.5
Madhya Pradesh,Datia,2000,668388.4
Rajasthan,Rajsamand,2000,953344.4
Uttar Pradesh,Mahoba,2000,773559.6
Madhya Pradesh,Chhatarpur,2000,1505818.8
Rajasthan,Chittorgarh,2000,1356453.5
Madhya Pradesh,Panna,2000,872456.8
Gujarat,Sabarkantha,2000,1161270.6
Gujarat,Kutch,2000,1365510.0
Gujarat,Surendranagar,2000,1329026.8
Gujarat,Kheda,2000,1670608.8
Gujarat,Anand,2000,2047408.4
Bihar,Kishanganj,2000,1197288.8
Gujarat,Morbi,2000,761081.0
Ladakh,Leh,2000,121221.5
Ladakh,Kargil,2000,116078.9
Jammu and Kashmir,Kupwara,2000,590442.8
Jammu and Kashmir,Bandipora,2000,237873.1
Jammu and Kashmir,Baramulla,2000,830411.8
Jammu and Kashmir,Ganderbal,2000,400865.3
Jammu and Kashmir,Anantnag,2000,669098.8
Jammu and Kashmir,Kishtwar,2000,163273.5
Jammu and Kashmir,Srinagar,2000,552998.9
Jammu and Kashmir,Budgam,2000,653813.5
Jammu and Kashmir,Pulwama,2000,648697.0
Jammu and Kashmir,Punch,2000,428789.3
Jammu and Kashmir,Shopiyan,2000,236075.6
Jammu and Kashmir,Kulgam,2000,443799.8
Jammu and Kashmir,Rajouri,2000,381740.3
Jammu and Kashmir,Ramban,2000,210196.5
Jammu and Kashmir,Reasi,2000,238075.5
Jammu and Kashmir,Doda,2000,339651.5
Himachal Pradesh,Lahaul and Spiti,2000,33874.7
Himachal Pradesh,Chamba,2000,459220.1
Jammu and Kashmir,Jammu,2000,1363637.4
Jammu and Kashmir,Kathua,2000,443901.4
Punjab,Gurdaspur,2000,1456715.4
Himachal Pradesh,Kangra,2000,1347571.2
Himachal Pradesh,Kullu,2000,350335.0
Punjab,Hoshiarpur,2000,1531233.5
Punjab,Amritsar,2000,2036861.2
Himachal Pradesh,Mandi,2000,924326.5
Himachal Pradesh,Kinnaur,2000,76213.4
Himachal Pradesh,Una,2000,437766.7
Himachal Pradesh,Shimla,2000,711624.3
Punjab,Jalandhar,2000,2022953.8
Punjab,Tarn Taran,2000,875395.8
Punjab,Rupnagar,2000,622264.4
Uttarakhand,Uttarkashi,2000,322872.6
Himachal Pradesh,Solan,2000,497279.6
Punjab,Shahid Bhagat Singh Nagar,2000,541725.6
Punjab,Fazilka,2000,846020.2
Punjab,Moga,2000,836936.1
Punjab,Ludhiana,2000,3016994.0
Uttarakhand,Chamoli,2000,378991.7
Uttarakhand,Dehradun,2000,1230574.5
Himachal Pradesh,Sirmaur,2000,434843.2
Punjab,S.A.S. Nagar,2000,1095984.5
Punjab,Faridkot,2000,539586.9
Punjab,Fatehgarh Sahib,2000,503038.1
Uttarakhand,Tehri Garhwal,2000,605187.2
Chandigarh,Chandigarh,2000,537917.6
Punjab,Sri Muktsar Sahib,2000,821210.9
Uttarakhand,Rudraprayag,2000,221192.1
Uttarakhand,Pithoragarh,2000,445744.4
Punjab,Sangrur,2000,1427032.9
Punjab,Barnala,2000,529540.0
Punjab,Bathinda,2000,1234860.2
Punjab,Patiala,2000,1616361.2
Haryana,Yamunanagar,2000,1040293.8
Uttar Pradesh,Saharanpur,2000,2845619.2
Rajasthan,Ganganagar,2000,1808078.4
Punjab,Mansa,2000,591164.1
Haryana,Kurukshetra,2000,816828.0
Uttarakhand,Bageshwar,2000,247663.0
Uttarakhand,Haridwar,2000,1390284.4
Uttarakhand,Pauri Garhwal,2000,736421.3
Haryana,Kaithal,2000,941966.0
Haryana,Sirsa,2000,1119681.8
Rajasthan,Hanumangarh,2000,1484462.8
Haryana,Karnal,2000,1217983.5
Uttarakhand,Almora,2000,638945.4
Haryana,Jind,2000,1147248.8
Haryana,Fatehabad,2000,767202.0
Uttar Pradesh,Bijnor,2000,3159295.5
Uttar Pradesh,Muzaffarnagar,2000,2465036.5
Haryana,Hisar,2000,1534694.8
Uttarakhand,Nainital,2000,702527.4
Haryana,Panipat,2000,951130.4
Uttarakhand,Champawat,2000,211630.5
Uttarakhand,Udham Singh Nagar,2000,1236426.2
Haryana,Sonipat,2000,1473213.2
Uttar Pradesh,Baghpat,2000,988637.8
Uttar Pradesh,Meerut,2000,2861818.8
Uttar Pradesh,Moradabad,2000,2316502.5
Rajasthan,Bikaner,2000,1608176.8
Uttar Pradesh,Rampur,2000,1924687.8
Haryana,Bhiwani,2000,974838.9
Haryana,Rohtak,2000,948616.1
Uttar Pradesh,Shamli,2000,1035739.9
Punjab,Ferozepur,2000,794056.3
Punjab,Pathankot,2000,574745.3
Jammu and Kashmir,Udhampur,2000,457984.0
Jammu and Kashmir,Samba,2000,313063.7
Punjab,Kapurthala,2000,658974.9
Haryana,Panchkula,2000,415437.0
Haryana,Ambala,2000,1028038.1
Bihar,Aurangabad,2000,2011833.4
Chhattisgarh,Balrampur,2000,594116.5
Uttar Pradesh,Balrampur,2000,1574083.8
Uttar Pradesh,Hamirpur,2000,971985.6
Himachal Pradesh,Hamirpur,2000,415306.8
Rajasthan,Pratapgarh,2000,715260.1
Uttar Pradesh,Pratapgarh,2000,2843683.8
Himachal Pradesh,Bilaspur,2000,286010.3
Madhya Pradesh,Niwari,2000,314983.3
Jammu and Kashmir,Muzaffarabad,2000,8486.9
Jammu and Kashmir,Mirpur,2000,2281.7
Gujarat,Banaskantha,2000,1641588.2
Gujarat,Vav-Tharad,2000,747766.6
Mizoram,Aizawl,2005,359114.0
Mizoram,Champhai,2005,60874.8
Mizoram,Kolasib,2005,78566.1
Mizoram,Lawngtlai,2005,82106.6
Mizoram,Lunglei,2005,121582.7
Mizoram,Mamit,2005,91236.3
Mizoram,Saiha,2005,60691.1
Mizoram,Serchhip,2005,47627.1
Mizoram,Khawzawl,2005,46727.3
Mizoram,Hnahthial,2005,23248.9
Tamil Nadu,Thiruvallur,2005,3292800.5
Tamil Nadu,Chennai,2005,4444622.0
Tamil Nadu,Krishnagiri,2005,1639918.5
Tamil Nadu,Tiruvannamalai,2005,2454660.2
Tamil Nadu,Dharmapuri,2005,1368659.8
Tamil Nadu,Salem,2005,3211972.5
Tamil Nadu,Erode,2005,1941286.8
Tamil Nadu,Nilgiris,2005,728072.1
Tamil Nadu,Namakkal,2005,1627117.5
Tamil Nadu,Perambalur,2005,478687.4
Tamil Nadu,Coimbatore,2005,3227628.2
Tamil Nadu,Tiruchirappalli,2005,2570624.2
Tamil Nadu,Ariyalur,2005,649512.1
Tamil Nadu,Tiruppur,2005,2174583.5
Tamil Nadu,Thanjavur,2005,2197327.8
Tamil Nadu,Karur,2005,1030233.2
Tamil Nadu,Thiruvarur,2005,1269117.2
Tamil Nadu,Dindigul,2005,2061798.1
Tamil Nadu,Madurai,2005,2656040.2
Tamil Nadu,Theni,2005,1128986.5
Tamil Nadu,Virudhunagar,2005,1795816.4
Tamil Nadu,Thoothukkudi,2005,1564182.4
Tamil Nadu,Kanyakumari,2005,1754917.8
Tamil Nadu,Viluppuram,2005,2089899.4
Tamil Nadu,Cuddalore,2005,2515319.2
Tamil Nadu,Pudukkottai,2005,1542856.9
Tamil Nadu,Sivaganga,2005,1271281.0
Tamil Nadu,Ramanathapuram,2005,1252514.0
Tamil Nadu,Nagapattinam,2005,1617956.5
Tamil Nadu,Kallakurichi,2005,1256897.0
Tamil Nadu,Tenkasi,2005,1386510.1
Tamil Nadu,Tirunelveli,2005,1543638.5
Tamil Nadu,Vellore,2005,1450685.1
Tamil Nadu,Ranipet,2005,957144.5
Tamil Nadu,Tirupathur,2005,1094928.2
Tamil Nadu,Kancheepuram,2005,948605.1
Tamil Nadu,Chengalpattu,2005,2072937.8
Madhya Pradesh,Burhanpur,2005,689492.0
Maharashtra,Gondia,2005,1427028.0
Maharashtra,Bhandara,2005,1025014.8
Maharashtra,Jalgaon,2005,3846909.0
Chhattisgarh,Mahasamund,2005,881748.5
Maharashtra,Wardha,2005,1268859.1
Maharashtra,Buldhana,2005,2364243.8
Gujarat,Valsad,2005,1525012.6
Maharashtra,Akola,2005,1707145.9
Odisha,Bhadrak,2005,1343500.4
Odisha,Dhenkanal,2005,1170341.5
Odisha,Jajpur,2005,1710958.6
Odisha,Subarnapur,2005,554395.4
Odisha,Nuapada,2005,555955.2
Odisha,Balangir,2005,1482488.5
Maharashtra,Nashik,2005,5426872.0
Odisha,Boudh,2005,415144.9
Maharashtra,Gadchiroli,2005,1007016.7
Maharashtra,Washim,2005,1080671.4
Odisha,Cuttack,2005,2413163.8
Maharashtra,Chandrapur,2005,2155141.5
Maharashtra,Yavatmal,2005,2558711.2
Odisha,Kandhamal,2005,683452.2
Maharashtra,Jalna,2005,1747107.6
Odisha,Nayagarh,2005,864921.4
Chhattisgarh,Uttar Bastar Kanker,2005,707893.2
Odisha,Khordha,2005,1982458.0
Odisha,Kalahandi,2005,1447947.1
Odisha,Jagatsinghpur,2005,1121115.5
Odisha,Puri,2005,1492564.6
Maharashtra,Ahmednagar,2005,4251039.5
Odisha,Nabarangapur,2005,1085958.5
Maharashtra,Hingoli,2005,1106434.4
Odisha,Rayagada,2005,906299.5
Maharashtra,Nanded,2005,3063497.5
Chhattisgarh,Narayanpur,2005,88602.2
Maharashtra,Parbhani,2005,1548132.2
Maharashtra,Pune,2005,8061697.0
Maharashtra,Beed,2005,2343306.8
Maharashtra,Mumbai,2005,11960575.0
Odisha,Koraput,2005,1235479.5
Andhra Pradesh,Srikakulam,2005,2453775.2
Andhra Pradesh,Vizianagaram,2005,2281558.8
Maharashtra,Latur,2005,2149623.5
Maharashtra,Osmanabad,2005,1644352.8
Odisha,Malkangiri,2005,573494.6
Maharashtra,Solapur,2005,4013994.5
Andhra Pradesh,Visakhapatnam,2005,4110778.5
Karnataka,Bidar,2005,1528713.8
Maharashtra,Satara,2005,2853467.2
Maharashtra,Ratnagiri,2005,1571721.6
Karnataka,Kalaburagi,2005,2291520.5
Maharashtra,Sangli,2005,2823079.2
Maharashtra,Kolhapur,2005,3454749.5
Andhra Pradesh,Krishna,2005,4175156.2
Karnataka,Belagavi,2005,4499864.0
Karnataka,Yadgir,2005,1001538.0
Karnataka,Bagalkote,2005,1711438.5
Maharashtra,Sindhudurg,2005,839473.8
Andhra Pradesh,Guntur,2005,4709867.0
Andhra Pradesh,East Godavari,2005,5147266.5
Karnataka,Raichur,2005,1727738.9
Andhra Pradesh,Prakasam,2005,3182024.5
Andhra Pradesh,Kurnool,2005,3725670.8
Karnataka,Koppal,2005,1232694.8
Karnataka,Gadag,2005,1032295.9
Goa,North Goa,2005,579491.2
Karnataka,Ballari,2005,2253416.0
Karnataka,Dharwad,2005,1707764.0
Karnataka,Uttara Kannada,2005,1401032.6
Goa,South Goa,2005,652348.1
Karnataka,Haveri,2005,1348104.8
Andhra Pradesh,Anantapur,2005,3837342.5
Andhra Pradesh,S.P.S. Nellore,2005,2821634.0
Karnataka,Chitradurga,2005,1555523.8
Karnataka,Davanagere,2005,1850029.5
Karnataka,Shivamogga,2005,1708209.8
Karnataka,Udupi,2005,1046516.6
Karnataka,Chikkamagaluru,2005,1175113.4
Karnataka,Chikkaballapura,2005,1163793.8
Karnataka,Hassan,2005,1744192.2
Karnataka,Kolar,2005,1380175.5
Karnataka,Bengaluru Rural,2005,1000734.0
Karnataka,Dakshina Kannada,2005,2078662.0
Karnataka,Bengaluru Urban,2005,7570174.5
Kerala,Kasaragod,2005,1121215.0
Karnataka,Kodagu,2005,562793.9
Karnataka,Chamarajanagara,2005,956998.4
Kerala,Wayanad,2005,803998.4
Kerala,Kozhikode,2005,2894701.2
Kerala,Malappuram,2005,3739781.8
Kerala,Palakkad,2005,2724887.2
Kerala,Thrissur,2005,3061845.2
Kerala,Idukki,2005,1080761.9
Kerala,Ernakulam,2005,3164572.5
Kerala,Alappuzha,2005,2147370.2
Kerala,Kottayam,2005,1955676.0
Kerala,Pathanamthitta,2005,1352090.6
Kerala,Kollam,2005,2417205.0
Kerala,Thiruvananthapuram,2005,3073650.5
Andhra Pradesh,West Godavari,2005,3940609.0
Chhattisgarh,Dakshin Bastar Dantewada,2005,272476.9
Chhattisgarh,Bastar,2005,747869.9
Chhattisgarh,Kondagaon,2005,510658.2
Chhattisgarh,Gariaband,2005,524122.1
Chhattisgarh,Raipur,2005,1808305.0
Chhattisgarh,Durg,2005,1540286.1
Maharashtra,Thane,2005,5919661.5
Telangana,Adilabad,2005,694589.4
Telangana,Hyderabad,2005,2167752.0
Telangana,Jagtial,2005,930808.7
Telangana,Jangaon,2005,531615.6
Telangana,Mulugu,2005,273280.0
Telangana,Jogulamba Gadwal,2005,566496.9
Telangana,Kamareddy,2005,941816.4
Telangana,Karimnagar,2005,1010498.6
Telangana,Khammam,2005,1382977.2
Telangana,Komaram Bheem,2005,493598.7
Telangana,Mahabubabad,2005,697974.1
Telangana,Mahabubnagar,2005,820089.9
Telangana,Mancherial,2005,650702.1
Telangana,Medak,2005,686018.6
Telangana,Medchal Malkajgiri,2005,2808140.0
Telangana,Nagarkurnool,2005,777837.2
Telangana,Nalgonda,2005,1592171.0
Telangana,Nirmal,2005,655281.8
Telangana,Nizamabad,2005,1511460.4
Telangana,Peddapalli,2005,816590.4
Telangana,Rajanna Sircilla,2005,521113.7
Telangana,Ranga Reddy,2005,2866218.2
Telangana,Sangareddy,2005,1478191.2
Telangana,Siddipet,2005,915697.3
Telangana,Suryapet,2005,1054665.5
Telangana,Vikarabad,2005,796704.7
Telangana,Wanaparthy,2005,547068.6
Telangana,Warangal Rural,2005,702510.3
Telangana,Warangal Urban,2005,1062100.0
Telangana,Yadadri Bhuvanagiri,2005,689752.1
West Bengal,South 24 Parganas,2005,10065808.0
Gujarat,Amreli,2005,1453482.2
Odisha,Angul,2005,1191479.6
Gujarat,Dang,2005,207264.4
Chhattisgarh,Dhamtari,2005,750258.8
Odisha,Kendrapara,2005,1462111.0
Dadra and Nagar Haveli and Daman and Diu,Dadra and Nagar Haveli,2005,328757.0
Maharashtra,Palghar,2005,2686697.0
Odisha,Ganjam,2005,3350259.0
Odisha,Gajapati,2005,535703.6
Andhra Pradesh,Y.S.R. Kadapa,2005,2706541.5
Karnataka,Tumakuru,2005,2616561.5
Andhra Pradesh,Chittoor,2005,3870412.0
Karnataka,Ramanagara,2005,1090413.5
Karnataka,Mandya,2005,1564900.2
Karnataka,Mysuru,2005,3032790.0
Kerala,Kannur,2005,2464395.2
Puducherry,Puducherry,2005,518683.9
Chhattisgarh,Balod,2005,743264.2
Telangana,Bhadradri Kothagudem,2005,1000425.3
Gujarat,Vadodara,2005,2875803.0
West Bengal,Paschim Medinipur,2005,4605277.0
Madhya Pradesh,Seoni,2005,1253115.8
Madhya Pradesh,Alirajpur,2005,711277.4
Madhya Pradesh,Chhindwara,2005,1976385.2
Madhya Pradesh,Harda,2005,512062.3
Madhya Pradesh,Khargone,2005,1629288.5
West Bengal,Purba Medinipur,2005,4610759.0
Odisha,Mayurbhanj,2005,2393998.5
Gujarat,Bharuch,2005,1378060.0
Odisha,Sundargarh,2005,1915470.8
Chhattisgarh,Kabeerdham,2005,670469.7
Madhya Pradesh,Khandwa,2005,1129739.8
Gujarat,Porbandar,2005,563051.8
Madhya Pradesh,Balaghat,2005,1506810.5
Gujarat,Narmada,2005,570778.2
Madhya Pradesh,Barwani,2005,1242497.1
Chhattisgarh,Janjgir Champa,2005,1504737.4
Maharashtra,Nandurbar,2005,1428760.8
Odisha,Kendujhar,2005,1722068.5
Odisha,Balasore,2005,2043446.1
Odisha,Jharsuguda,2005,500520.8
Chhattisgarh,Bametara,2005,700458.1
Chhattisgarh,Rajnandgaon,2005,1371937.8
Maharashtra,Amravati,2005,2754118.5
Gujarat,Surat,2005,4797466.5
Maharashtra,Dhule,2005,1873721.8
Gujarat,Tapi,2005,791070.6
Odisha,Bargarh,2005,1381506.9
Maharashtra,Nagpur,2005,4283846.5
Chhattisgarh,Baloda Bazar,2005,1056395.1
Chhattisgarh,Mungeli,2005,668044.6
Gujarat,Botad,2005,528067.8
Gujarat,Chhota Udaipur,2005,955173.0
Gujarat,Gir Somnath,2005,1122601.4
West Bengal,Jhargram,2005,1060872.0
Gujarat,Rajkot,2005,2690881.5
Gujarat,Bhavnagar,2005,2195940.2
Madhya Pradesh,Betul,2005,1483410.1
Gujarat,Junagadh,2005,1407319.8
Odisha,Deogarh,2005,283846.5
Gujarat,Jamnagar,2005,1254718.1
Gujarat,Devbhumi Dwarka,2005,682805.2
Maharashtra,Aurangabad,2005,3138845.0
Karnataka,Vijayapura,2005,1953461.4
Chhattisgarh,Bijapur,2005,242482.1
Maharashtra,Raigad,2005,2334863.0
Chhattisgarh,Raigarh,2005,1299519.4
Chhattisgarh,Bilaspur,2005,1850738.4
Puducherry,Karaikal,2005,147357.8
Puducherry,Mahe,2005,2833.2
Puducherry,Yanam,2005,9275.5
Odisha,Sambalpur,2005,1075544.5
Gujarat,Navsari,2005,1248508.8
Lakshadweep,Lakshadweep,2005,2957.8
Dadra and Nagar Haveli and Daman and Diu,Daman,2005,40181.8
Dadra and Nagar Haveli and Daman and Diu,Diu,2005,16298.3
Telangana,Jayashankar Bhupalapally,2005,366532.7
Telangana,Narayanpet,2005,557752.6
Chhattisgarh,Sukma,2005,211033.5
Arunachal Pradesh,Upper Subansiri,2005,65104.5
Arunachal Pradesh,Anjaw,2005,20086.2
Assam,Tinsukia,2005,1120248.1
Assam,Dhemaji,2005,525372.6
Arunachal Pradesh,Changlang,2005,141456.8
Assam,Dibrugarh,2005,1305261.5
Arunachal Pradesh,Tawang,2005,41001.8
Arunachal Pradesh,Papum Pare,2005,133852.2
Assam,Lakhimpur,2005,939003.0
Arunachal Pradesh,Tirap,2005,53846.4
Assam,Sivasagar,2005,699092.9
Assam,Jorhat,2005,910346.8
Nagaland,Mon,2005,244191.6
Assam,Sonitpur,2005,1183182.1
Assam,Golaghat,2005,1114245.9
Nagaland,Longleng,2005,81498.6
Nagaland,Mokokchung,2005,228343.6
Assam,Udalguri,2005,792812.8
Assam,Chirang,2005,532545.0
Assam,Baksa,2005,1016863.1
Assam,Nagaon,2005,1723453.4
Assam,Kokrajhar,2005,1125234.0
Assam,Darrang,2005,825645.4
Nagaland,Tuensang,2005,178463.7
Assam,Barpeta,2005,1399269.0
Assam,Nalbari,2005,838065.1
Assam,Morigaon,2005,827799.2
Assam,Kamrup,2005,1282166.4
Assam,Bongaigaon,2005,608676.3
Assam,Dhubri,2005,953038.2
Assam,Kamrup Metropolitan,2005,1128569.2
Nagaland,Kiphire,2005,93218.4
Assam,Goalpara,2005,807656.2
Meghalaya,Ribhoi,2005,233418.5
Assam,Dima Hasao,2005,234157.9
Manipur,Kamjong,2005,41596.1
Meghalaya,West Khasi Hills,2005,222553.8
Nagaland,Peren,2005,87684.2
Manipur,Senapati,2005,221462.3
Meghalaya,East Jaintia Hills,2005,97238.1
Meghalaya,East Khasi Hills,2005,716553.5
Manipur,Tamenglong,2005,100953.2
Meghalaya,South Garo Hills,2005,118240.7
Assam,Cachar,2005,1620308.4
Manipur,Imphal West,2005,584540.2
Assam,Karimganj,2005,1031653.5
Assam,Hailakandi,2005,537857.4
Manipur,Kakching,2005,155599.3
Manipur,Bishnupur,2005,172830.6
Manipur,Chandel,2005,92279.9
Manipur,Churachandpur,2005,199311.5
Tripura,North Tripura,2005,319180.3
Tripura,Dhalai,2005,319979.9
Tripura,Sipahijala,2005,397240.1
Tripura,Gomati,2005,467160.3
Nagaland,Wokha,2005,162949.6
Nagaland,Zunheboto,2005,145310.0
Nagaland,Phek,2005,151733.8
Meghalaya,West Garo Hills,2005,479261.1
Meghalaya,East Garo Hills,2005,140060.0
Nagaland,Kohima,2005,233147.2
Nagaland,Dimapur,2005,376126.9
Arunachal Pradesh,East Siang,2005,70477.7
Arunachal Pradesh,Lohit,2005,41222.3
Arunachal Pradesh,Kurung Kumey,2005,24386.2
Arunachal Pradesh,Lower Subansiri,2005,54279.7
Arunachal Pradesh,East Kameng,2005,53354.6
Arunachal Pradesh,West Kameng,2005,79511.9
Meghalaya,West Jaintia Hills,2005,241019.3
Meghalaya,South West Khasi Hills,2005,86598.1
Meghalaya,North Garo Hills,2005,132482.0
Meghalaya,South West Garo Hills,2005,113592.2
Tripura,Khowai,2005,275181.5
Tripura,West Tripura,2005,880418.8
Tripura,South Tripura,2005,293551.0
Tripura,Unokoti,2005,300674.7
Assam,Charaideo,2005,422747.5
Assam,Majuli,2005,119532.9
Assam,Biswanath,2005,528666.4
Assam,Hojai,2005,856918.9
Assam,South Salmara Mankachar,2005,373258.7
Assam,Karbi Anglong,2005,533912.3
Assam,West Karbi Anglong,2005,272223.7
Arunachal Pradesh,Kra Daadi,2005,29760.6
Arunachal Pradesh,Namsai,2005,92950.0
Arunachal Pradesh,Longding,2005,48183.6
Manipur,Imphal East,2005,285613.9
Manipur,Jiribam,2005,41020.8
Manipur,Kangpokpi,2005,126737.4
Manipur,Thoubal,2005,242548.2
Manipur,Tengnoupal,2005,53256.7
Manipur,Ukhrul,2005,114718.0
Manipur,Noney,2005,37690.9
Manipur,Pherzawl,2005,44537.7
Arunachal Pradesh,Upper Siang,2005,31862.1
Arunachal Pradesh,Lower Siang,2005,16026.9
Arunachal Pradesh,Upper Dibang Valley,2005,8477.7
Arunachal Pradesh,Lower Dibang Valley,2005,53105.7
Arunachal Pradesh,Siang,2005,42971.6
Arunachal Pradesh,Shi Yomi,2005,11162.0
Arunachal Pradesh,Pakke Kessang,2005,14797.3
Arunachal Pradesh,West Siang,2005,41350.5
Arunachal Pradesh,Lepa Rada,2005,19748.5
Arunachal Pradesh,Kamle,2005,13118.7
Andaman and Nicobar Islands,North and Middle Andaman,2005,88856.2
Andaman and Nicobar Islands,South Andaman,2005,99300.9
Andaman and Nicobar Islands,Nicobars,2005,17520.7
Uttar Pradesh,Amroha,2005,1615626.2
Rajasthan,Churu,2005,1960950.0
Uttar Pradesh,Hapur,2005,1095235.0
Delhi,Delhi,2005,13898626.0
Haryana,Jhajjar,2005,912840.3
Uttar Pradesh,Bareilly,2005,3928339.0
Uttar Pradesh,Pilibhit,2005,1830079.8
Uttar Pradesh,Bulandshahr,2005,3206735.0
Uttar Pradesh,Gautam Buddha Nagar,2005,1370935.2
Uttar Pradesh,Lakhimpur Kheri,2005,3399092.5
Rajasthan,Jhunjhunu,2005,2099430.0
Haryana,Gurugram,2005,1209283.9
Haryana,Faridabad,2005,1777870.1
Haryana,Mahendragarh,2005,808547.0
Haryana,Rewari,2005,852278.1
Uttar Pradesh,Budaun,2005,2780366.0
Rajasthan,Jaisalmer,2005,569759.7
Uttar Pradesh,Bahraich,2005,2856234.0
Haryana,Nuh,2005,759956.0
Uttar Pradesh,Shahjahanpur,2005,2670886.0
Rajasthan,Sikar,2005,2383351.0
Haryana,Palwal,2005,934964.9
Rajasthan,Alwar,2005,3256741.5
Sikkim,North Sikkim,2005,41489.8
Uttar Pradesh,Aligarh,2005,3247849.5
Uttar Pradesh,Kasganj,2005,1251989.8
Uttar Pradesh,Mathura,2005,2231166.8
Rajasthan,Jaipur,2005,5781804.5
Uttar Pradesh,Shrawasti,2005,914826.8
Rajasthan,Jodhpur,2005,3190482.0
Uttar Pradesh,Sitapur,2005,3925655.5
Rajasthan,Bharatpur,2005,2209903.8
Uttar Pradesh,Hathras,2005,1364553.6
Rajasthan,Nagaur,2005,2945491.2
Uttar Pradesh,Etah,2005,1722753.5
Uttar Pradesh,Hardoi,2005,3654157.8
Uttar Pradesh,Farrukhabad,2005,1607909.2
Sikkim,West Sikkim,2005,114575.3
Sikkim,South Sikkim,2005,139735.9
Sikkim,East Sikkim,2005,272380.1
Uttar Pradesh,Firozabad,2005,2226022.8
Bihar,West Champaran,2005,3426434.0
Uttar Pradesh,Siddharthnagar,2005,2408914.2
Uttar Pradesh,Mainpuri,2005,1709098.0
Uttar Pradesh,Maharajganj,2005,2439407.5
Uttar Pradesh,Agra,2005,3969468.0
Uttar Pradesh,Gonda,2005,2908915.5
Uttar Pradesh,Barabanki,2005,2907507.2
West Bengal,Darjeeling,2005,1584676.9
Rajasthan,Dausa,2005,1575406.5
Uttar Pradesh,Kushinagar,2005,3091432.0
Uttar Pradesh,Kannauj,2005,1474137.6
Uttar Pradesh,Lucknow,2005,4065792.0
West Bengal,Jalpaiguri,2005,2218702.0
Uttar Pradesh,Basti,2005,2096872.8
Uttar Pradesh,Gorakhpur,2005,3986814.2
Uttar Pradesh,Sant Kabir Nagar,2005,1498578.9
Rajasthan,Karauli,2005,1307682.6
Bihar,East Champaran,2005,4363423.0
Uttar Pradesh,Unnao,2005,2943544.5
Uttar Pradesh,Etawah,2005,1441846.2
Rajasthan,Dholpur,2005,1100974.9
Uttar Pradesh,Kanpur Nagar,2005,4367434.5
Uttar Pradesh,Auraiya,2005,1292931.6
Madhya Pradesh,Morena,2005,1687232.5
Rajasthan,Barmer,2005,2201656.0
Uttar Pradesh,Ayodhya,2005,2330786.0
Uttar Pradesh,Kanpur Dehat,2005,1610030.5
Madhya Pradesh,Bhind,2005,1512832.1
Rajasthan,Sawai Madhopur,2005,1179355.5
Uttar Pradesh,Deoria,2005,2715743.0
Bihar,Sitamarhi,2005,2901865.8
Rajasthan,Tonk,2005,1299465.4
Bihar,Sheohar,2005,574976.6
Uttar Pradesh,Sultanpur,2005,1964171.8
Rajasthan,Pali,2005,1915803.8
Bihar,Gopalganj,2005,2177658.5
Uttar Pradesh,Ambedkar Nagar,2005,2259426.5
Uttar Pradesh,Rae Bareli,2005,2064035.1
Uttar Pradesh,Jalaun,2005,1523322.5
Uttar Pradesh,Azamgarh,2005,4028374.0
Madhya Pradesh,Gwalior,2005,1811467.8
Madhya Pradesh,Sheopur,2005,648895.2
Uttar Pradesh,Mau,2005,1967929.1
Uttar Pradesh,Fatehpur,2005,2484001.0
Uttar Pradesh,Ballia,2005,2895800.0
Uttar Pradesh,Jaunpur,2005,4031427.8
Rajasthan,Bhilwara,2005,2174873.5
Bihar,Samastipur,2005,3841868.0
Rajasthan,Jalore,2005,1571072.8
Rajasthan,Bundi,2005,1051475.6
Bihar,Katihar,2005,2555441.5
Uttar Pradesh,Jhansi,2005,1794280.2
Madhya Pradesh,Shivpuri,2005,1523398.6
Rajasthan,Kota,2005,1656271.5
Uttar Pradesh,Banda,2005,1639964.5
Uttar Pradesh,Ghazipur,2005,3243380.0
Uttar Pradesh,Kaushambi,2005,1409783.8
Bihar,Khagaria,2005,1398176.8
Bihar,Bhojpur,2005,2501974.8
Uttar Pradesh,Prayagraj,2005,5368750.0
Bihar,Buxar,2005,1469221.0
West Bengal,Dakshin Dinajpur,2005,1527216.2
West Bengal,Malda,2005,3137787.8
Madhya Pradesh,Tikamgarh,2005,902601.9
Uttar Pradesh,Varanasi,2005,3376687.5
Bihar,Darbhanga,2005,3465177.0
Bihar,Saharsa,2005,1720411.2
Rajasthan,Sirohi,2005,911853.8
Uttar Pradesh,Chitrakoot,2005,945581.2
Uttar Pradesh,Chandauli,2005,1715274.0
Uttar Pradesh,Bhadohi,2005,1404357.5
Rajasthan,Baran,2005,1095810.0
Jharkhand,Sahibganj,2005,1352889.0
Bihar,Kaimur,2005,1361452.6
Bihar,Rohtas,2005,2739128.2
Rajasthan,Udaipur,2005,2666358.5
Jharkhand,Godda,2005,1069035.2
Uttar Pradesh,Mirzapur,2005,2426792.8
Uttar Pradesh,Lalitpur,2005,1072846.6
Bihar,Jamui,2005,1526353.2
Madhya Pradesh,Neemuch,2005,739955.9
Bihar,Banka,2005,1886387.8
Madhya Pradesh,Rewa,2005,2155098.0
Madhya Pradesh,Satna,2005,1965748.2
Madhya Pradesh,Guna,2005,1031049.2
Bihar,Nawada,2005,2099388.2
Bihar,Gaya,2005,3851210.2
Madhya Pradesh,Ashoknagar,2005,798256.6
Rajasthan,Jhalawar,2005,1308545.9
West Bengal,Murshidabad,2005,6275126.0
Uttar Pradesh,Sonbhadra,2005,1608651.5
Jharkhand,Pakur,2005,704247.4
Madhya Pradesh,Mandsaur,2005,1180598.1
Bihar,Munger,2005,1308417.5
Jharkhand,Giridih,2005,2081020.5
Jharkhand,Dumka,2005,1160065.0
Madhya Pradesh,Singrauli,2005,1085258.4
West Bengal,Birbhum,2005,3259750.2
Jharkhand,Deoghar,2005,1290688.6
Jharkhand,Palamu,2005,1601363.9
Madhya Pradesh,Sidhi,2005,936263.8
Jharkhand,Chatra,2005,891756.8
Jharkhand,Garhwa,2005,1209806.4
Madhya Pradesh,Sagar,2005,2203070.5
Gujarat,Patan,2005,1208344.8
Madhya Pradesh,Damoh,2005,1143723.5
Madhya Pradesh,Shajapur,2005,812866.2
Madhya Pradesh,Vidisha,2005,1266906.1
Gujarat,Mehsana,2005,1870333.2
Madhya Pradesh,Rajgarh,2005,1305360.5
Madhya Pradesh,Shahdol,2005,855419.6
West Bengal,Nadia,2005,4541568.0
Jharkhand,Jamtara,2005,670337.9
Rajasthan,Dungarpur,2005,1172794.0
Madhya Pradesh,Katni,2005,1117473.0
Jharkhand,Dhanbad,2005,2519332.5
Rajasthan,Banswara,2005,1569611.2
Madhya Pradesh,Umaria,2005,610260.8
Jharkhand,Latehar,2005,645891.2
Madhya Pradesh,Ratlam,2005,1272808.5
Jharkhand,Bokaro,2005,1965447.4
Jharkhand,Ramgarh,2005,912196.1
Madhya Pradesh,Bhopal,2005,2003773.0
West Bengal,Purba Bardhaman,2005,4210029.0
Chhattisgarh,Koriya,2005,642177.7
Madhya Pradesh,Ujjain,2005,1815167.8
Gujarat,Gandhinagar,2005,1070800.5
Gujarat,Ahmedabad,2005,6498678.5
Madhya Pradesh,Raisen,2005,1229221.4
West Bengal,Purulia,2005,2738001.5
Madhya Pradesh,Sehore,2005,1183079.6
Jharkhand,Ranchi,2005,2572903.2
West Bengal,Bankura,2005,3341032.5
Jharkhand,Lohardaga,2005,411623.1
Gujarat,Panchmahal,2005,1505621.0
Madhya Pradesh,Jabalpur,2005,2301901.0
Jharkhand,Gumla,2005,908655.5
Gujarat,Dahod,2005,1875682.8
Madhya Pradesh,Dewas,2005,1398101.5
Madhya Pradesh,Anuppur,2005,739798.0
Madhya Pradesh,Jhabua,2005,844458.1
West Bengal,North 24 Parganas,2005,9660276.0
Madhya Pradesh,Dindori,2005,710532.1
West Bengal,Hooghly,2005,4752894.0
Jharkhand,Khunti,2005,497077.5
Madhya Pradesh,Narsinghpur,2005,1050741.1
Madhya Pradesh,Dhar,2005,1902569.8
Chhattisgarh,Jashpur,2005,782954.8
Madhya Pradesh,Indore,2005,2787553.5
Jharkhand,Saraikela-Kharsawan,2005,1004737.0
Madhya Pradesh,Mandla,2005,870820.6
Jharkhand,East Singhbhum,2005,2000678.8
Madhya Pradesh,Hoshangabad,2005,1133586.4
Chhattisgarh,Korba,2005,1057574.4
Jharkhand,West Singhbhum,2005,1338911.4
West Bengal,Howrah,2005,3361298.0
Jharkhand,Simdega,2005,536744.8
West Bengal,Kolkata,2005,2466250.2
Jharkhand,Koderma,2005,589602.6
Jharkhand,Hazaribagh,2005,1497487.9
Bihar,Vaishali,2005,3162565.5
Bihar,Begusarai,2005,2804798.5
Bihar,Bhagalpur,2005,2589768.8
Bihar,Lakhisarai,2005,869180.8
Bihar,Sheikhpura,2005,605654.9
Bihar,Arwal,2005,443924.7
Bihar,Jehanabad,2005,987037.9
Bihar,Nalanda,2005,2699698.0
Bihar,Patna,2005,4874421.0
Bihar,Saran,2005,3491682.5
Bihar,Siwan,2005,2839979.5
Bihar,Muzaffarpur,2005,4309710.0
Bihar,Madhepura,2005,1570297.5
Bihar,Araria,2005,2409868.5
Bihar,Supaul,2005,2012515.1
Bihar,Madhubani,2005,3667434.5
Bihar,Purnia,2005,2868044.5
Chhattisgarh,Surajpur,2005,704221.6
Chhattisgarh,Surguja,2005,721765.4
Gujarat,Aravalli,2005,1002959.4
Gujarat,Mahisagar,2005,802987.2
Uttar Pradesh,Amethi,2005,2445592.0
Uttar Pradesh,Ghaziabad,2005,3349705.0
Madhya Pradesh,Agar Malwa,2005,535028.1
Uttar Pradesh,Sambhal,2005,2091756.6
Haryana,Charkhi Dadri,2005,449967.1
West Bengal,Alipurduar,2005,1135359.2
West Bengal,Paschim Bardhaman,2005,3136947.2
West Bengal,Kalimpong,2005,175768.0
Rajasthan,Ajmer,2005,2308139.0
West Bengal,Cooch Behar,2005,2529255.5
West Bengal,Uttar Dinajpur,2005,2426773.0
Madhya Pradesh,Datia,2005,727944.9
Rajasthan,Rajsamand,2005,1033150.3
Uttar Pradesh,Mahoba,2005,829830.6
Madhya Pradesh,Chhatarpur,2005,1645783.2
Rajasthan,Chittorgarh,2005,1464799.9
Madhya Pradesh,Panna,2005,949664.8
Gujarat,Sabarkantha,2005,1257139.0
Gujarat,Kutch,2005,1582516.0
Gujarat,Surendranagar,2005,1430537.0
Gujarat,Kheda,2005,1778932.0
Gujarat,Anand,2005,2154387.2
Bihar,Kishanganj,2005,1362814.4
Gujarat,Morbi,2005,831310.9
Ladakh,Leh,2005,128958.1
Ladakh,Kargil,2005,127307.7
Jammu and Kashmir,Kupwara,2005,679082.8
Jammu and Kashmir,Bandipora,2005,271321.6
Jammu and Kashmir,Baramulla,2005,910257.5
Jammu and Kashmir,Ganderbal,2005,460619.6
Jammu and Kashmir,Anantnag,2005,788314.5
Jammu and Kashmir,Kishtwar,2005,175698.8
Jammu and Kashmir,Srinagar,2005,606909.5
Jammu and Kashmir,Budgam,2005,733294.9
Jammu and Kashmir,Pulwama,2005,721248.4
Jammu and Kashmir,Punch,2005,487842.0
Jammu and Kashmir,Shopiyan,2005,261317.9
Jammu and Kashmir,Kulgam,2005,476284.7
Jammu and Kashmir,Rajouri,2005,439316.6
Jammu and Kashmir,Ramban,2005,235429.6
Jammu and Kashmir,Reasi,2005,269414.9
Jammu and Kashmir,Doda,2005,384547.7
Himachal Pradesh,Lahaul and Spiti,2005,33255.0
Himachal Pradesh,Chamba,2005,486413.2
Jammu and Kashmir,Jammu,2005,1458624.6
Jammu and Kashmir,Kathua,2005,483493.9
Punjab,Gurdaspur,2005,1529097.2
Himachal Pradesh,Kangra,2005,1429420.4
Himachal Pradesh,Kullu,2005,373354.8
Punjab,Hoshiarpur,2005,1592106.1
Punjab,Amritsar,2005,2185731.0
Himachal Pradesh,Mandi,2005,984768.7
Himachal Pradesh,Kinnaur,2005,79011.5
Himachal Pradesh,Una,2005,469974.1
Himachal Pradesh,Shimla,2005,755057.7
Punjab,Jalandhar,2005,2136473.5
Punjab,Tarn Taran,2005,963638.1
Punjab,Rupnagar,2005,653113.9
Uttarakhand,Uttarkashi,2005,339831.9
Himachal Pradesh,Solan,2005,532512.0
Punjab,Shahid Bhagat Singh Nagar,2005,553342.1
Punjab,Fazilka,2005,918871.4
Punjab,Moga,2005,880273.0
Punjab,Ludhiana,2005,3236897.0
Uttarakhand,Chamoli,2005,393116.8
Uttarakhand,Dehradun,2005,1416092.0
Himachal Pradesh,Sirmaur,2005,471333.2
Punjab,S.A.S. Nagar,2005,1248259.9
Punjab,Faridkot,2005,568201.6
Punjab,Fatehgarh Sahib,2005,539693.0
Uttarakhand,Tehri Garhwal,2005,615790.8
Chandigarh,Chandigarh,2005,578803.5
Punjab,Sri Muktsar Sahib,2005,889697.7
Uttarakhand,Rudraprayag,2005,221563.4
Uttarakhand,Pithoragarh,2005,455075.8
Punjab,Sangrur,2005,1509287.4
Punjab,Barnala,2005,565541.6
Punjab,Bathinda,2005,1338879.6
Punjab,Patiala,2005,1752377.2
Haryana,Yamunanagar,2005,1116329.0
Uttar Pradesh,Saharanpur,2005,3112038.2
Rajasthan,Ganganagar,2005,1898069.1
Punjab,Mansa,2005,627380.5
Haryana,Kurukshetra,2005,881753.4
Uttarakhand,Bageshwar,2005,253909.5
Uttarakhand,Haridwar,2005,1593243.9
Uttarakhand,Pauri Garhwal,2005,741119.6
Haryana,Kaithal,2005,1006659.6
Haryana,Sirsa,2005,1204874.1
Rajasthan,Hanumangarh,2005,1610546.9
Haryana,Karnal,2005,1325545.0
Uttarakhand,Almora,2005,634931.9
Haryana,Jind,2005,1221470.0
Haryana,Fatehabad,2005,822753.0
Uttar Pradesh,Bijnor,2005,3423273.5
Uttar Pradesh,Muzaffarnagar,2005,2658691.0
Haryana,Hisar,2005,1634277.5
Uttarakhand,Nainital,2005,792197.9
Haryana,Panipat,2005,1058417.2
Uttarakhand,Champawat,2005,229069.9
Uttarakhand,Udham Singh Nagar,2005,1420113.5
Haryana,Sonipat,2005,1564503.6
Uttar Pradesh,Baghpat,2005,1043309.6
Uttar Pradesh,Meerut,2005,3094745.5
Uttar Pradesh,Moradabad,2005,2598159.5
Rajasthan,Bikaner,2005,1898883.0
Uttar Pradesh,Rampur,2005,2119901.8
Haryana,Bhiwani,2005,1042830.7
Haryana,Rohtak,2005,1007395.6
Uttar Pradesh,Shamli,2005,1122763.1
Punjab,Ferozepur,2005,848183.9
Punjab,Pathankot,2005,598307.2
Jammu and Kashmir,Udhampur,2005,496652.0
Jammu and Kashmir,Samba,2005,339521.3
Punjab,Kapurthala,2005,687187.6
Haryana,Panchkula,2005,454316.8
Haryana,Ambala,2005,1079250.2
Bihar,Aurangabad,2005,2259584.5
Chhattisgarh,Balrampur,2005,645750.9
Uttar Pradesh,Balrampur,2005,1779669.0
Uttar Pradesh,Hamirpur,2005,1031132.0
Himachal Pradesh,Hamirpur,2005,438198.8
Rajasthan,Pratapgarh,2005,791066.2
Uttar Pradesh,Pratapgarh,2005,3066264.8
Himachal Pradesh,Bilaspur,2005,323597.5
Madhya Pradesh,Niwari,2005,346947.8
Jammu and Kashmir,Muzaffarabad,2005,9489.7
Jammu and Kashmir,Mirpur,2005,3123.8
Gujarat,Banaskantha,2005,1838021.0
Gujarat,Vav-Tharad,2005,829922.0
Mizoram,Aizawl,2010,391943.3
Mizoram,Champhai,2010,63681.7
Mizoram,Kolasib,2010,92744.3
Mizoram,Lawngtlai,2010,94026.2
Mizoram,Lunglei,2010,132605.5
Mizoram,Mamit,2010,111259.4
Mizoram,Saiha,2010,68728.8
Mizoram,Serchhip,2010,51507.9
Mizoram,Khawzawl,2010,53089.1
Mizoram,Hnahthial,2010,25415.0
Tamil Nadu,Thiruvallur,2010,3799695.5
Tamil Nadu,Chennai,2010,4627564.0
Tamil Nadu,Krishnagiri,2010,1798599.9
Tamil Nadu,Tiruvannamalai,2010,2612161.5
Tamil Nadu,Dharmapuri,2010,1479583.8
Tamil Nadu,Salem,2010,3448315.5
Tamil Nadu,Erode,2010,2062812.4
Tamil Nadu,Nilgiris,2010,715749.5
Tamil Nadu,Namakkal,2010,1740711.2
Tamil Nadu,Perambalur,2010,518301.3
Tamil Nadu,Coimbatore,2010,3516353.0
Tamil Nadu,Tiruchirappalli,2010,2730556.8
Tamil Nadu,Ariyalur,2010,683914.7
Tamil Nadu,Tiruppur,2010,2457549.2
Tamil Nadu,Thanjavur,2010,2270421.0
Tamil Nadu,Karur,2010,1104172.6
Tamil Nadu,Thiruvarur,2010,1329071.1
Tamil Nadu,Dindigul,2010,2185716.5
Tamil Nadu,Madurai,2010,2883851.0
Tamil Nadu,Theni,2010,1201939.1
Tamil Nadu,Virudhunagar,2010,1887904.0
Tamil Nadu,Thoothukkudi,2010,1647286.5
Tamil Nadu,Kanyakumari,2010,1854719.0
Tamil Nadu,Viluppuram,2010,2259555.5
Tamil Nadu,Cuddalore,2010,2677185.0
Tamil Nadu,Pudukkottai,2010,1625497.0
Tamil Nadu,Sivaganga,2010,1361641.2
Tamil Nadu,Ramanathapuram,2010,1344096.4
Tamil Nadu,Nagapattinam,2010,1686904.6
Tamil Nadu,Kallakurichi,2010,1363039.0
Tamil Nadu,Tenkasi,2010,1467204.1
Tamil Nadu,Tirunelveli,2010,1652308.6
Tamil Nadu,Vellore,2010,1540226.0
Tamil Nadu,Ranipet,2010,1032385.7
Tamil Nadu,Tirupathur,2010,1156161.2
Tamil Nadu,Kancheepuram,2010,1144106.9
Tamil Nadu,Chengalpattu,2010,2422005.5
Madhya Pradesh,Burhanpur,2010,749001.5
Maharashtra,Gondia,2010,1488449.6
Maharashtra,Bhandara,2010,1051259.4
Maharashtra,Jalgaon,2010,4122280.8
Chhattisgarh,Mahasamund,2010,969917.1
Maharashtra,Wardha,2010,1302275.1
Maharashtra,Buldhana,2010,2548649.0
Gujarat,Valsad,2010,1701405.0
Maharashtra,Akola,2010,1803991.0
Odisha,Bhadrak,2010,1428525.6
Odisha,Dhenkanal,2010,1238951.2
Odisha,Jajpur,2010,1818460.5
Odisha,Subarnapur,2010,590037.5
Odisha,Nuapada,2010,594457.6
Odisha,Balangir,2010,1645264.0
Maharashtra,Nashik,2010,5997632.0
Odisha,Boudh,2010,450011.9
Maharashtra,Gadchiroli,2010,1059527.6
Maharashtra,Washim,2010,1171300.0
Odisha,Cuttack,2010,2552982.0
Maharashtra,Chandrapur,2010,2224352.2
Maharashtra,Yavatmal,2010,2717415.2
Odisha,Kandhamal,2010,726038.4
Maharashtra,Jalna,2010,1928265.2
Odisha,Nayagarh,2010,915042.6
Chhattisgarh,Uttar Bastar Kanker,2010,757737.5
Odisha,Khordha,2010,2165106.5
Odisha,Kalahandi,2010,1575792.2
Odisha,Jagatsinghpur,2010,1165095.9
Odisha,Puri,2010,1590414.2
Maharashtra,Ahmednagar,2010,4518318.0
Odisha,Nabarangapur,2010,1182467.5
Maharashtra,Hingoli,2010,1205758.2
Odisha,Rayagada,2010,977517.9
Maharashtra,Nanded,2010,3320276.0
Chhattisgarh,Narayanpur,2010,97997.3
Maharashtra,Parbhani,2010,1692321.5
Maharashtra,Pune,2010,9187392.0
Maharashtra,Beed,2010,2560969.0
Maharashtra,Mumbai,2010,12315943.0
Odisha,Koraput,2010,1338422.5
Andhra Pradesh,Srikakulam,2010,2532489.0
Andhra Pradesh,Vizianagaram,2010,2336097.0
Maharashtra,Latur,2010,2339117.8
Maharashtra,Osmanabad,2010,1737120.0
Odisha,Malkangiri,2010,627652.1
Maharashtra,Solapur,2010,4252359.5
Andhra Pradesh,Visakhapatnam,2010,4338224.0
Karnataka,Bidar,2010,1622339.0
Maharashtra,Satara,2010,2952184.0
Maharashtra,Ratnagiri,2010,1533280.0
Karnataka,Kalaburagi,2010,2497472.5
Maharashtra,Sangli,2010,2967022.8
Maharashtra,Kolhapur,2010,3627713.8
Andhra Pradesh,Krishna,2010,4327680.0
Karnataka,Belagavi,2010,4774886.0
Karnataka,Yadgir,2010,1110265.2
Karnataka,Bagalkote,2010,1826230.8
Maharashtra,Sindhudurg,2010,826468.4
Andhra Pradesh,Guntur,2010,4932894.0
Andhra Pradesh,East Godavari,2010,5285148.5
Karnataka,Raichur,2010,1852572.8
Andhra Pradesh,Prakasam,2010,3352129.8
Andhra Pradesh,Kurnool,2010,4006046.8
Karnataka,Koppal,2010,1331056.1
Karnataka,Gadag,2010,1082222.2
Goa,North Goa,2010,594090.7
Karnataka,Ballari,2010,2464584.2
Karnataka,Dharwad,2010,1832032.0
Karnataka,Uttara Kannada,2010,1447672.2
Goa,South Goa,2010,679674.6
Karnataka,Haveri,2010,1406692.2
Andhra Pradesh,Anantapur,2010,4067572.2
Andhra Pradesh,S.P.S. Nellore,2010,2970707.8
Karnataka,Chitradurga,2010,1628445.8
Karnataka,Davanagere,2010,1929053.0
Karnataka,Shivamogga,2010,1783681.1
Karnataka,Udupi,2010,1075113.2
Karnataka,Chikkamagaluru,2010,1174146.1
Karnataka,Chikkaballapura,2010,1212924.6
Karnataka,Hassan,2010,1769833.8
Karnataka,Kolar,2010,1451220.9
Karnataka,Bengaluru Rural,2010,1097682.2
Karnataka,Dakshina Kannada,2010,2174435.5
Karnataka,Bengaluru Urban,2010,9172768.0
Kerala,Kasaragod,2010,1167804.2
Karnataka,Kodagu,2010,567877.8
Karnataka,Chamarajanagara,2010,987143.7
Kerala,Wayanad,2010,822969.6
Kerala,Kozhikode,2010,2988597.0
Kerala,Malappuram,2010,3982949.0
Kerala,Palakkad,2010,2817200.0
Kerala,Thrissur,2010,3133686.5
Kerala,Idukki,2010,1073935.8
Kerala,Ernakulam,2010,3252912.2
Kerala,Alappuzha,2010,2154207.0
Kerala,Kottayam,2010,1970725.2
Kerala,Pathanamthitta,2010,1332311.0
Kerala,Kollam,2010,2433164.0
Kerala,Thiruvananthapuram,2010,3094145.0
Andhra Pradesh,West Godavari,2010,4008767.5
Chhattisgarh,Dakshin Bastar Dantewada,2010,288383.8
Chhattisgarh,Bastar,2010,812968.7
Chhattisgarh,Kondagaon,2010,556047.8
Chhattisgarh,Gariaband,2010,607309.0
Chhattisgarh,Raipur,2010,2105347.0
Chhattisgarh,Durg,2010,1669951.9
Maharashtra,Thane,2010,6923904.0
Telangana,Adilabad,2010,731058.3
Telangana,Hyderabad,2010,2189731.5
Telangana,Jagtial,2010,971251.4
Telangana,Jangaon,2010,555457.0
Telangana,Mulugu,2010,279961.9
Telangana,Jogulamba Gadwal,2010,600415.8
Telangana,Kamareddy,2010,984621.8
Telangana,Karimnagar,2010,1050726.2
Telangana,Khammam,2010,1435663.2
Telangana,Komaram Bheem,2010,516085.6
Telangana,Mahabubabad,2010,727139.0
Telangana,Mahabubnagar,2010,890491.7
Telangana,Mancherial,2010,685139.8
Telangana,Medak,2010,732455.2
Telangana,Medchal Malkajgiri,2010,3247739.2
Telangana,Nagarkurnool,2010,832310.9
Telangana,Nalgonda,2010,1652810.4
Telangana,Nirmal,2010,685304.2
Telangana,Nizamabad,2010,1574372.5
Telangana,Peddapalli,2010,847599.6
Telangana,Rajanna Sircilla,2010,541355.2
Telangana,Ranga Reddy,2010,3251235.5
Telangana,Sangareddy,2010,1581087.9
Telangana,Siddipet,2010,966820.6
Telangana,Suryapet,2010,1100865.0
Telangana,Vikarabad,2010,936434.8
Telangana,Wanaparthy,2010,588303.0
Telangana,Warangal Rural,2010,729937.1
Telangana,Warangal Urban,2010,1103552.9
Telangana,Yadadri Bhuvanagiri,2010,714306.3
West Bengal,South 24 Parganas,2010,10776508.0
Gujarat,Amreli,2010,1518428.9
Odisha,Angul,2010,1257007.0
Gujarat,Dang,2010,226683.1
Chhattisgarh,Dhamtari,2010,800340.4
Odisha,Kendrapara,2010,1536774.4
Dadra and Nagar Haveli and Daman and Diu,Dadra and Nagar Haveli,2010,391565.6
Maharashtra,Palghar,2010,3102165.0
Odisha,Ganjam,2010,3537486.0
Odisha,Gajapati,2010,564257.9
Andhra Pradesh,Y.S.R. Kadapa,2010,2848330.0
Karnataka,Tumakuru,2010,2665535.2
Andhra Pradesh,Chittoor,2010,4092752.5
Karnataka,Ramanagara,2010,1118938.8
Karnataka,Mandya,2010,1582924.2
Karnataka,Mysuru,2010,3219211.5
Kerala,Kannur,2010,2523399.5
Puducherry,Puducherry,2010,614198.4
Chhattisgarh,Balod,2010,813326.2
Telangana,Bhadradri Kothagudem,2010,1044015.1
Gujarat,Vadodara,2010,3076255.0
West Bengal,Paschim Medinipur,2010,4914226.0
Madhya Pradesh,Seoni,2010,1366408.2
Madhya Pradesh,Alirajpur,2010,769333.9
Madhya Pradesh,Chhindwara,2010,2102152.5
Madhya Pradesh,Harda,2010,563761.6
Madhya Pradesh,Khargone,2010,1812208.5
West Bengal,Purba Medinipur,2010,4950455.0
Odisha,Mayurbhanj,2010,2550521.8
Gujarat,Bharuch,2010,1463945.8
Odisha,Sundargarh,2010,2048838.4
Chhattisgarh,Kabeerdham,2010,791164.1
Madhya Pradesh,Khandwa,2010,1244041.8
Gujarat,Porbandar,2010,584500.8
Madhya Pradesh,Balaghat,2010,1613860.9
Gujarat,Narmada,2010,613327.0
Madhya Pradesh,Barwani,2010,1393165.0
Chhattisgarh,Janjgir Champa,2010,1668513.8
Maharashtra,Nandurbar,2010,1607496.8
Odisha,Kendujhar,2010,1845988.1
Odisha,Balasore,2010,2189693.0
Odisha,Jharsuguda,2010,534656.9
Chhattisgarh,Bametara,2010,768136.4
Chhattisgarh,Rajnandgaon,2010,1499346.2
Maharashtra,Amravati,2010,2901258.8
Gujarat,Surat,2010,5687252.5
Maharashtra,Dhule,2010,2055576.8
Gujarat,Tapi,2010,839179.1
Odisha,Bargarh,2010,1452081.5
Maharashtra,Nagpur,2010,4586121.5
Chhattisgarh,Baloda Bazar,2010,1223732.8
Chhattisgarh,Mungeli,2010,708831.4
Gujarat,Botad,2010,570417.1
Gujarat,Chhota Udaipur,2010,1032454.4
Gujarat,Gir Somnath,2010,1186511.0
West Bengal,Jhargram,2010,1130091.2
Gujarat,Rajkot,2010,2943261.5
Gujarat,Bhavnagar,2010,2374745.8
Madhya Pradesh,Betul,2010,1580351.5
Gujarat,Junagadh,2010,1487196.9
Odisha,Deogarh,2010,305772.1
Gujarat,Jamnagar,2010,1334314.8
Gujarat,Devbhumi Dwarka,2010,737083.2
Maharashtra,Aurangabad,2010,3540493.5
Karnataka,Vijayapura,2010,2146934.5
Chhattisgarh,Bijapur,2010,252967.1
Maharashtra,Raigad,2010,2556743.0
Chhattisgarh,Raigarh,2010,1411848.2
Chhattisgarh,Bilaspur,2010,1958728.1
Puducherry,Karaikal,2010,160096.1
Puducherry,Mahe,2010,2663.8
Puducherry,Yanam,2010,14019.6
Odisha,Sambalpur,2010,1128619.8
Gujarat,Navsari,2010,1305072.2
Lakshadweep,Lakshadweep,2010,3144.5
Dadra and Nagar Haveli and Daman and Diu,Daman,2010,50476.6
Dadra and Nagar Haveli and Daman and Diu,Diu,2010,15807.1
Telangana,Jayashankar Bhupalapally,2010,385084.8
Telangana,Narayanpet,2010,599382.2
Chhattisgarh,Sukma,2010,222337.6
Arunachal Pradesh,Upper Subansiri,2010,79788.5
Arunachal Pradesh,Anjaw,2010,21154.0
Assam,Tinsukia,2010,1204605.6
Assam,Dhemaji,2010,581271.6
Arunachal Pradesh,Changlang,2010,156934.0
Assam,Dibrugarh,2010,1371857.5
Arunachal Pradesh,Tawang,2010,46511.5
Arunachal Pradesh,Papum Pare,2010,162102.9
Assam,Lakhimpur,2010,1018869.3
Arunachal Pradesh,Tirap,2010,57228.6
Assam,Sivasagar,2010,725435.4
Assam,Jorhat,2010,952210.0
Nagaland,Mon,2010,239240.8
Assam,Sonitpur,2010,1266227.5
Assam,Golaghat,2010,1177173.6
Nagaland,Longleng,2010,55084.5
Nagaland,Mokokchung,2010,207233.8
Assam,Udalguri,2010,832058.2
Assam,Chirang,2010,564521.1
Assam,Baksa,2010,1073917.0
Assam,Nagaon,2010,1898439.5
Assam,Kokrajhar,2010,1169852.8
Assam,Darrang,2010,909655.8
Nagaland,Tuensang,2010,183057.4
Assam,Barpeta,2010,1544046.0
Assam,Nalbari,2010,887488.8
Assam,Morigaon,2010,916096.9
Assam,Kamrup,2010,1385695.9
Assam,Bongaigaon,2010,668029.0
Assam,Dhubri,2010,1067770.5
Assam,Kamrup Metropolitan,2010,1233240.8
Nagaland,Kiphire,2010,79423.3
Assam,Goalpara,2010,897544.4
Meghalaya,Ribhoi,2010,266296.8
Assam,Dima Hasao,2010,248073.9
Manipur,Kamjong,2010,47680.5
Meghalaya,West Khasi Hills,2010,254175.8
Nagaland,Peren,2010,89511.8
Manipur,Senapati,2010,284853.8
Meghalaya,East Jaintia Hills,2010,113478.3
Meghalaya,East Khasi Hills,2010,802683.9
Manipur,Tamenglong,2010,112156.8
Meghalaya,South Garo Hills,2010,134043.7
Assam,Cachar,2010,1772290.0
Manipur,Imphal West,2010,632157.6
Assam,Karimganj,2010,1131897.8
Assam,Hailakandi,2010,593341.4
Manipur,Kakching,2010,170964.9
Manipur,Bishnupur,2010,183687.9
Manipur,Chandel,2010,99911.2
Manipur,Churachandpur,2010,217895.6
Tripura,North Tripura,2010,346592.2
Tripura,Dhalai,2010,354609.8
Tripura,Sipahijala,2010,418884.6
Tripura,Gomati,2010,498987.4
Nagaland,Wokha,2010,162864.1
Nagaland,Zunheboto,2010,138619.9
Nagaland,Phek,2010,158349.9
Meghalaya,West Garo Hills,2010,525525.4
Meghalaya,East Garo Hills,2010,158609.0
Nagaland,Kohima,2010,258864.7
Nagaland,Dimapur,2010,416729.7
Arunachal Pradesh,East Siang,2010,75935.1
Arunachal Pradesh,Lohit,2010,44809.6
Arunachal Pradesh,Kurung Kumey,2010,35726.0
Arunachal Pradesh,Lower Subansiri,2010,65818.5
Arunachal Pradesh,East Kameng,2010,62712.6
Arunachal Pradesh,West Kameng,2010,84668.0
Meghalaya,West Jaintia Hills,2010,276509.0
Meghalaya,South West Khasi Hills,2010,96899.2
Meghalaya,North Garo Hills,2010,147670.5
Meghalaya,South West Garo Hills,2010,128695.9
Tripura,Khowai,2010,291695.4
Tripura,West Tripura,2010,929233.6
Tripura,South Tripura,2010,317440.4
Tripura,Unokoti,2010,329197.3
Assam,Charaideo,2010,446940.5
Assam,Majuli,2010,130917.0
Assam,Biswanath,2010,574807.1
Assam,Hojai,2010,931282.0
Assam,South Salmara Mankachar,2010,422063.4
Assam,Karbi Anglong,2010,590547.7
Assam,West Karbi Anglong,2010,304900.0
Arunachal Pradesh,Kra Daadi,2010,43883.8
Arunachal Pradesh,Namsai,2010,101862.5
Arunachal Pradesh,Longding,2010,50745.1
Manipur,Imphal East,2010,309018.4
Manipur,Jiribam,2010,45235.7
Manipur,Kangpokpi,2010,163447.5
Manipur,Thoubal,2010,261302.4
Manipur,Tengnoupal,2010,56717.1
Manipur,Ukhrul,2010,131501.5
Manipur,Noney,2010,42489.7
Manipur,Pherzawl,2010,47903.6
Arunachal Pradesh,Upper Siang,2010,32989.9
Arunachal Pradesh,Lower Siang,2010,16313.1
Arunachal Pradesh,Upper Dibang Valley,2010,8746.0
Arunachal Pradesh,Lower Dibang Valley,2010,54928.7
Arunachal Pradesh,Siang,2010,44305.2
Arunachal Pradesh,Shi Yomi,2010,11981.8
Arunachal Pradesh,Pakke Kessang,2010,16285.9
Arunachal Pradesh,West Siang,2010,43324.0
Arunachal Pradesh,Lepa Rada,2010,20519.4
Arunachal Pradesh,Kamle,2010,16383.3
Andaman and Nicobar Islands,North and Middle Andaman,2010,89955.3
Andaman and Nicobar Islands,South Andaman,2010,107164.6
Andaman and Nicobar Islands,Nicobars,2010,16154.2
Uttar Pradesh,Amroha,2010,1786943.8
Rajasthan,Churu,2010,2048014.8
Uttar Pradesh,Hapur,2010,1300041.8
Delhi,Delhi,2010,15314132.0
Haryana,Jhajjar,2010,954939.4
Uttar Pradesh,Bareilly,2010,4352314.0
Uttar Pradesh,Pilibhit,2010,2001457.2
Uttar Pradesh,Bulandshahr,2010,3466264.5
Uttar Pradesh,Gautam Buddha Nagar,2010,1684291.6
Uttar Pradesh,Lakhimpur Kheri,2010,3819450.5
Rajasthan,Jhunjhunu,2010,2220507.0
Haryana,Gurugram,2010,1569991.5
Haryana,Faridabad,2010,2025277.5
Haryana,Mahendragarh,2010,858146.5
Haryana,Rewari,2010,918105.5
Uttar Pradesh,Budaun,2010,3048853.8
Rajasthan,Jaisalmer,2010,652657.8
Uttar Pradesh,Bahraich,2010,3239552.2
Haryana,Nuh,2010,887276.9
Uttar Pradesh,Shahjahanpur,2010,2934090.0
Rajasthan,Sikar,2010,2572578.5
Haryana,Palwal,2010,1040119.5
Rajasthan,Alwar,2010,3614554.8
Sikkim,North Sikkim,2010,42775.5
Uttar Pradesh,Aligarh,2010,3594728.8
Uttar Pradesh,Kasganj,2010,1349684.5
Uttar Pradesh,Mathura,2010,2472682.0
Rajasthan,Jaipur,2010,6494973.0
Uttar Pradesh,Shrawasti,2010,1046359.9
Rajasthan,Jodhpur,2010,3605131.8
Uttar Pradesh,Sitapur,2010,4361142.5
Rajasthan,Bharatpur,2010,2437620.5
Uttar Pradesh,Hathras,2010,1481145.8
Rajasthan,Nagaur,2010,3214519.8
Uttar Pradesh,Etah,2010,1859732.2
Uttar Pradesh,Hardoi,2010,4017891.0
Uttar Pradesh,Farrukhabad,2010,1763548.8
Sikkim,West Sikkim,2010,125516.3
Sikkim,South Sikkim,2010,148000.2
Sikkim,East Sikkim,2010,290510.1
Uttar Pradesh,Firozabad,2010,2438958.0
Bihar,West Champaran,2010,3894025.0
Uttar Pradesh,Siddharthnagar,2010,2715250.8
Uttar Pradesh,Mainpuri,2010,1845942.8
Uttar Pradesh,Maharajganj,2010,2707303.5
Uttar Pradesh,Agra,2010,4383866.0
Uttar Pradesh,Gonda,2010,3245382.2
Uttar Pradesh,Barabanki,2010,3219030.5
West Bengal,Darjeeling,2010,1700166.1
Rajasthan,Dausa,2010,1760561.2
Uttar Pradesh,Kushinagar,2010,3428634.5
Uttar Pradesh,Kannauj,2010,1600976.4
Uttar Pradesh,Lucknow,2010,4543155.0
West Bengal,Jalpaiguri,2010,2357553.0
Uttar Pradesh,Basti,2010,2303838.0
Uttar Pradesh,Gorakhpur,2010,4325356.5
Uttar Pradesh,Sant Kabir Nagar,2010,1627665.5
Rajasthan,Karauli,2010,1433189.2
Bihar,East Champaran,2010,4950981.0
Uttar Pradesh,Unnao,2010,3201341.8
Uttar Pradesh,Etawah,2010,1564995.2
Rajasthan,Dholpur,2010,1222900.5
Uttar Pradesh,Kanpur Nagar,2010,4549010.0
Uttar Pradesh,Auraiya,2010,1399232.9
Madhya Pradesh,Morena,2010,1873026.8
Rajasthan,Barmer,2010,2535275.8
Uttar Pradesh,Ayodhya,2010,2519278.0
Uttar Pradesh,Kanpur Dehat,2010,1727590.6
Madhya Pradesh,Bhind,2010,1654341.0
Rajasthan,Sawai Madhopur,2010,1295412.2
Uttar Pradesh,Deoria,2010,2909654.5
Bihar,Sitamarhi,2010,3270656.2
Rajasthan,Tonk,2010,1409060.8
Bihar,Sheohar,2010,643735.1
Uttar Pradesh,Sultanpur,2010,2136877.8
Rajasthan,Pali,2010,2025276.8
Bihar,Gopalganj,2010,2369555.8
Uttar Pradesh,Ambedkar Nagar,2010,2443539.5
Uttar Pradesh,Rae Bareli,2010,2251404.0
Uttar Pradesh,Jalaun,2010,1639564.5
Uttar Pradesh,Azamgarh,2010,4364574.5
Madhya Pradesh,Gwalior,2010,2016571.9
Madhya Pradesh,Sheopur,2010,718744.2
Uttar Pradesh,Mau,2010,2152520.8
Uttar Pradesh,Fatehpur,2010,2649133.8
Uttar Pradesh,Ballia,2010,3143402.0
Uttar Pradesh,Jaunpur,2010,4316965.0
Rajasthan,Bhilwara,2010,2374911.8
Bihar,Samastipur,2010,4272712.0
Rajasthan,Jalore,2010,1766987.1
Rajasthan,Bundi,2010,1130155.9
Bihar,Katihar,2010,2889411.5
Uttar Pradesh,Jhansi,2010,1915224.8
Madhya Pradesh,Shivpuri,2010,1690578.9
Rajasthan,Kota,2010,1845893.2
Uttar Pradesh,Banda,2010,1797942.1
Uttar Pradesh,Ghazipur,2010,3547096.5
Uttar Pradesh,Kaushambi,2010,1558291.9
Bihar,Khagaria,2010,1592790.9
Bihar,Bhojpur,2010,2750592.5
Uttar Pradesh,Prayagraj,2010,5892836.0
Bihar,Buxar,2010,1625677.4
West Bengal,Dakshin Dinajpur,2010,1615160.2
West Bengal,Malda,2010,3454295.5
Madhya Pradesh,Tikamgarh,2010,992517.9
Uttar Pradesh,Varanasi,2010,3637442.8
Bihar,Darbhanga,2010,3800362.0
Bihar,Saharsa,2010,1930012.8
Rajasthan,Sirohi,2010,1008916.0
Uttar Pradesh,Chitrakoot,2010,1043976.2
Uttar Pradesh,Chandauli,2010,1889505.0
Uttar Pradesh,Bhadohi,2010,1515011.4
Rajasthan,Baran,2010,1201331.4
Jharkhand,Sahibganj,2010,1504781.5
Bihar,Kaimur,2010,1534582.5
Bihar,Rohtas,2010,3001646.0
Rajasthan,Udaipur,2010,2953697.0
Jharkhand,Godda,2010,1194544.9
Uttar Pradesh,Mirzapur,2010,2646349.0
Uttar Pradesh,Lalitpur,2010,1197885.8
Bihar,Jamui,2010,1714488.5
Madhya Pradesh,Neemuch,2010,792680.6
Bihar,Banka,2010,2118336.5
Madhya Pradesh,Rewa,2010,2358600.2
Madhya Pradesh,Satna,2010,2153573.5
Madhya Pradesh,Guna,2010,1159017.6
Bihar,Nawada,2010,2325696.5
Bihar,Gaya,2010,4333197.5
Madhya Pradesh,Ashoknagar,2010,885523.4
Rajasthan,Jhalawar,2010,1429636.2
West Bengal,Murshidabad,2010,6907403.0
Uttar Pradesh,Sonbhadra,2010,1796259.0
Jharkhand,Pakur,2010,792054.8
Madhya Pradesh,Mandsaur,2010,1258071.5
Bihar,Munger,2010,1428484.5
Jharkhand,Giridih,2010,2357093.0
Jharkhand,Dumka,2010,1268966.8
Madhya Pradesh,Singrauli,2010,1227470.1
West Bengal,Birbhum,2010,3518326.2
Jharkhand,Deoghar,2010,1460257.2
Jharkhand,Palamu,2010,1794250.2
Madhya Pradesh,Sidhi,2010,1032195.0
Jharkhand,Chatra,2010,1010538.1
Jharkhand,Garhwa,2010,1367521.0
Madhya Pradesh,Sagar,2010,2396527.0
Gujarat,Patan,2010,1288649.5
Madhya Pradesh,Damoh,2010,1233066.1
Madhya Pradesh,Shajapur,2010,879671.1
Madhya Pradesh,Vidisha,2010,1386044.6
Gujarat,Mehsana,2010,1966399.8
Madhya Pradesh,Rajgarh,2010,1447472.8
Madhya Pradesh,Shahdol,2010,920355.9
West Bengal,Nadia,2010,4811828.5
Jharkhand,Jamtara,2010,738831.0
Rajasthan,Dungarpur,2010,1314301.2
Madhya Pradesh,Katni,2010,1235989.5
Jharkhand,Dhanbad,2010,2666057.2
Rajasthan,Banswara,2010,1764940.2
Madhya Pradesh,Umaria,2010,682604.4
Jharkhand,Latehar,2010,736264.0
Madhya Pradesh,Ratlam,2010,1388629.2
Jharkhand,Bokaro,2010,2122650.5
Jharkhand,Ramgarh,2010,967051.6
Madhya Pradesh,Bhopal,2010,2274859.5
West Bengal,Purba Bardhaman,2010,4457280.0
Chhattisgarh,Koriya,2010,681383.3
Madhya Pradesh,Ujjain,2010,1958548.5
Gujarat,Gandhinagar,2010,1130596.4
Gujarat,Ahmedabad,2010,7186440.5
Madhya Pradesh,Raisen,2010,1332196.2
West Bengal,Purulia,2010,2950009.5
Madhya Pradesh,Sehore,2010,1310652.6
Jharkhand,Ranchi,2010,2861889.2
West Bengal,Bankura,2010,3557612.8
Jharkhand,Lohardaga,2010,461440.8
Gujarat,Panchmahal,2010,1640079.0
Madhya Pradesh,Jabalpur,2010,2466045.2
Jharkhand,Gumla,2010,1008703.4
Gujarat,Dahod,2010,2136498.0
Madhya Pradesh,Dewas,2010,1529801.0
Madhya Pradesh,Anuppur,2010,786956.9
Madhya Pradesh,Jhabua,2010,961392.0
West Bengal,North 24 Parganas,2010,10106950.0
Madhya Pradesh,Dindori,2010,778182.5
West Bengal,Hooghly,2010,5033721.0
Jharkhand,Khunti,2010,549839.3
Madhya Pradesh,Narsinghpur,2010,1120572.0
Madhya Pradesh,Dhar,2010,2143889.0
Chhattisgarh,Jashpur,2010,835038.9
Madhya Pradesh,Indore,2010,3201009.2
Jharkhand,Saraikela-Kharsawan,2010,1120567.0
Madhya Pradesh,Mandla,2010,944374.0
Jharkhand,East Singhbhum,2010,2152923.8
Madhya Pradesh,Hoshangabad,2010,1214576.1
Chhattisgarh,Korba,2010,1156191.2
Jharkhand,West Singhbhum,2010,1474691.1
West Bengal,Howrah,2010,3588469.2
Jharkhand,Simdega,2010,579566.3
West Bengal,Kolkata,2010,2440852.5
Jharkhand,Koderma,2010,681832.2
Jharkhand,Hazaribagh,2010,1681667.5
Bihar,Vaishali,2010,3582236.5
Bihar,Begusarai,2010,3168996.2
Bihar,Bhagalpur,2010,2906010.0
Bihar,Lakhisarai,2010,974340.3
Bihar,Sheikhpura,2010,666185.8
Bihar,Arwal,2010,488183.0
Bihar,Jehanabad,2010,1089306.0
Bihar,Nalanda,2010,2974433.2
Bihar,Patna,2010,5434446.5
Bihar,Saran,2010,3848709.0
Bihar,Siwan,2010,3139205.2
Bihar,Muzaffarpur,2010,4893420.0
Bihar,Madhepura,2010,1798685.0
Bihar,Araria,2010,2764097.5
Bihar,Supaul,2010,2285015.8
Bihar,Madhubani,2010,4120947.2
Bihar,Purnia,2010,3240457.0
Chhattisgarh,Surajpur,2010,767140.2
Chhattisgarh,Surguja,2010,794689.2
Gujarat,Aravalli,2010,1072922.8
Gujarat,Mahisagar,2010,872992.1
Uttar Pradesh,Amethi,2010,2670463.0
Uttar Pradesh,Ghaziabad,2010,3916378.5
Madhya Pradesh,Agar Malwa,2010,574240.4
Uttar Pradesh,Sambhal,2010,2321810.0
Haryana,Charkhi Dadri,2010,480123.8
West Bengal,Alipurduar,2010,1215122.8
West Bengal,Paschim Bardhaman,2010,3293813.5
West Bengal,Kalimpong,2010,188350.5
Rajasthan,Ajmer,2010,2510588.5
West Bengal,Cooch Behar,2010,2699083.0
West Bengal,Uttar Dinajpur,2010,2690720.0
Madhya Pradesh,Datia,2010,785161.1
Rajasthan,Rajsamand,2010,1131456.9
Uttar Pradesh,Mahoba,2010,889115.2
Madhya Pradesh,Chhatarpur,2010,1793313.9
Rajasthan,Chittorgarh,2010,1577131.4
Madhya Pradesh,Panna,2010,1032024.1
Gujarat,Sabarkantha,2010,1360980.2
Gujarat,Kutch,2010,1852957.8
Gujarat,Surendranagar,2010,1542801.2
Gujarat,Kheda,2010,1886267.5
Gujarat,Anand,2010,2285898.8
Bihar,Kishanganj,2010,1547879.5
Gujarat,Morbi,2010,914086.5
Ladakh,Leh,2010,136505.0
Ladakh,Kargil,2010,138743.3
Jammu and Kashmir,Kupwara,2010,787569.6
Jammu and Kashmir,Bandipora,2010,302511.4
Jammu and Kashmir,Baramulla,2010,1001740.5
Jammu and Kashmir,Ganderbal,2010,556724.4
Jammu and Kashmir,Anantnag,2010,930800.1
Jammu and Kashmir,Kishtwar,2010,191493.7
Jammu and Kashmir,Srinagar,2010,634565.3
Jammu and Kashmir,Budgam,2010,823860.2
Jammu and Kashmir,Pulwama,2010,802321.4
Jammu and Kashmir,Punch,2010,554698.3
Jammu and Kashmir,Shopiyan,2010,290885.9
Jammu and Kashmir,Kulgam,2010,510351.0
Jammu and Kashmir,Rajouri,2010,511306.6
Jammu and Kashmir,Ramban,2010,273443.3
Jammu and Kashmir,Reasi,2010,286327.0
Jammu and Kashmir,Doda,2010,440734.6
Himachal Pradesh,Lahaul and Spiti,2010,32590.3
Himachal Pradesh,Chamba,2010,512952.5
Jammu and Kashmir,Jammu,2010,1561834.5
Jammu and Kashmir,Kathua,2010,531267.4
Punjab,Gurdaspur,2010,1591230.9
Himachal Pradesh,Kangra,2010,1512718.4
Himachal Pradesh,Kullu,2010,399776.5
Punjab,Hoshiarpur,2010,1649926.0
Punjab,Amritsar,2010,2355418.8
Himachal Pradesh,Mandi,2010,1040017.4
Himachal Pradesh,Kinnaur,2010,81581.1
Himachal Pradesh,Una,2010,507481.7
Himachal Pradesh,Shimla,2010,802803.0
Punjab,Jalandhar,2010,2264965.5
Punjab,Tarn Taran,2010,1050497.5
Punjab,Rupnagar,2010,682793.8
Uttarakhand,Uttarkashi,2010,358555.7
Himachal Pradesh,Solan,2010,574421.4
Punjab,Shahid Bhagat Singh Nagar,2010,566784.8
Punjab,Fazilka,2010,994975.2
Punjab,Moga,2010,928603.4
Punjab,Ludhiana,2010,3477833.0
Uttarakhand,Chamoli,2010,402803.9
Uttarakhand,Dehradun,2010,1619961.8
Himachal Pradesh,Sirmaur,2010,510307.5
Punjab,S.A.S. Nagar,2010,1421635.0
Punjab,Faridkot,2010,600776.1
Punjab,Fatehgarh Sahib,2010,564244.3
Uttarakhand,Tehri Garhwal,2010,633809.4
Chandigarh,Chandigarh,2010,631481.1
Punjab,Sri Muktsar Sahib,2010,961719.4
Uttarakhand,Rudraprayag,2010,230746.9
Uttarakhand,Pithoragarh,2010,465990.2
Punjab,Sangrur,2010,1601217.8
Punjab,Barnala,2010,599294.1
Punjab,Bathinda,2010,1430080.0
Punjab,Patiala,2010,1904413.5
Haryana,Yamunanagar,2010,1201684.6
Uttar Pradesh,Saharanpur,2010,3406769.0
Rajasthan,Ganganagar,2010,1992132.5
Punjab,Mansa,2010,665787.1
Haryana,Kurukshetra,2010,948711.6
Uttarakhand,Bageshwar,2010,258824.5
Uttarakhand,Haridwar,2010,1830199.5
Uttarakhand,Pauri Garhwal,2010,742492.8
Haryana,Kaithal,2010,1075218.6
Haryana,Sirsa,2010,1311492.0
Rajasthan,Hanumangarh,2010,1741186.6
Haryana,Karnal,2010,1436500.4
Uttarakhand,Almora,2010,626172.4
Haryana,Jind,2010,1295212.0
Haryana,Fatehabad,2010,887213.2
Uttar Pradesh,Bijnor,2010,3716179.5
Uttar Pradesh,Muzaffarnagar,2010,2874678.0
Haryana,Hisar,2010,1740279.1
Uttarakhand,Nainital,2010,882219.2
Haryana,Panipat,2010,1183494.9
Uttarakhand,Champawat,2010,246076.7
Uttarakhand,Udham Singh Nagar,2010,1634825.2
Haryana,Sonipat,2010,1676693.6
Uttar Pradesh,Baghpat,2010,1102212.5
Uttar Pradesh,Meerut,2010,3325759.2
Uttar Pradesh,Moradabad,2010,2901883.8
Rajasthan,Bikaner,2010,2237867.8
Uttar Pradesh,Rampur,2010,2349382.5
Haryana,Bhiwani,2010,1117663.5
Haryana,Rohtak,2010,1067644.4
Uttar Pradesh,Shamli,2010,1212759.2
Punjab,Ferozepur,2010,912495.8
Punjab,Pathankot,2010,631831.1
Jammu and Kashmir,Udhampur,2010,549772.1
Jammu and Kashmir,Samba,2010,360774.8
Punjab,Kapurthala,2010,707832.0
Haryana,Panchkula,2010,493966.1
Haryana,Ambala,2010,1131447.6
Bihar,Aurangabad,2010,2538288.2
Chhattisgarh,Balrampur,2010,710041.8
Uttar Pradesh,Balrampur,2010,2001783.0
Uttar Pradesh,Hamirpur,2010,1099183.0
Himachal Pradesh,Hamirpur,2010,461252.9
Rajasthan,Pratapgarh,2010,880666.4
Uttar Pradesh,Pratapgarh,2010,3348454.0
Himachal Pradesh,Bilaspur,2010,368874.6
Madhya Pradesh,Niwari,2010,384088.5
Jammu and Kashmir,Muzaffarabad,2010,9690.7
Jammu and Kashmir,Mirpur,2010,3595.1
Gujarat,Banaskantha,2010,2052715.5
Gujarat,Vav-Tharad,2010,933105.1
Mizoram,Aizawl,2015,438007.5
Mizoram,Champhai,2015,68126.8
Mizoram,Kolasib,2015,103918.8
Mizoram,Lawngtlai,2015,107743.8
Mizoram,Lunglei,2015,145066.8
Mizoram,Mamit,2015,125085.8
Mizoram,Saiha,2015,76952.4
Mizoram,Serchhip,2015,56200.7
Mizoram,Khawzawl,2015,58040.8
Mizoram,Hnahthial,2015,27468.2
Tamil Nadu,Thiruvallur,2015,4388473.5
Tamil Nadu,Chennai,2015,4852348.5
Tamil Nadu,Krishnagiri,2015,1976220.2
Tamil Nadu,Tiruvannamalai,2015,2788696.0
Tamil Nadu,Dharmapuri,2015,1595667.2
Tamil Nadu,Salem,2015,3715379.0
Tamil Nadu,Erode,2015,2165887.8
Tamil Nadu,Nilgiris,2015,706541.8
Tamil Nadu,Namakkal,2015,1862922.9
Tamil Nadu,Perambalur,2015,552651.7
Tamil Nadu,Coimbatore,2015,3846098.8
Tamil Nadu,Tiruchirappalli,2015,2903763.2
Tamil Nadu,Ariyalur,2015,713802.4
Tamil Nadu,Tiruppur,2015,2772941.0
Tamil Nadu,Thanjavur,2015,2364434.5
Tamil Nadu,Karur,2015,1179819.2
Tamil Nadu,Thiruvarur,2015,1385305.0
Tamil Nadu,Dindigul,2015,2315348.2
Tamil Nadu,Madurai,2015,3126497.2
Tamil Nadu,Theni,2015,1286404.5
Tamil Nadu,Virudhunagar,2015,1993795.5
Tamil Nadu,Thoothukkudi,2015,1718735.0
Tamil Nadu,Kanyakumari,2015,1944757.5
Tamil Nadu,Viluppuram,2015,2455689.0
Tamil Nadu,Cuddalore,2015,2861828.5
Tamil Nadu,Pudukkottai,2015,1710734.9
Tamil Nadu,Sivaganga,2015,1463179.0
Tamil Nadu,Ramanathapuram,2015,1432198.0
Tamil Nadu,Nagapattinam,2015,1756294.5
Tamil Nadu,Kallakurichi,2015,1474693.1
Tamil Nadu,Tenkasi,2015,1575181.4
Tamil Nadu,Tirunelveli,2015,1752340.2
Tamil Nadu,Vellore,2015,1643357.6
Tamil Nadu,Ranipet,2015,1090550.2
Tamil Nadu,Tirupathur,2015,1224954.1
Tamil Nadu,Kancheepuram,2015,1350680.5
Tamil Nadu,Chengalpattu,2015,2817877.0
Madhya Pradesh,Burhanpur,2015,815994.8
Maharashtra,Gondia,2015,1554209.1
Maharashtra,Bhandara,2015,1086371.8
Maharashtra,Jalgaon,2015,4421752.5
Chhattisgarh,Mahasamund,2015,1066742.9
Maharashtra,Wardha,2015,1339753.4
Maharashtra,Buldhana,2015,2744923.0
Gujarat,Valsad,2015,1896903.2
Maharashtra,Akola,2015,1905970.6
Odisha,Bhadrak,2015,1510737.0
Odisha,Dhenkanal,2015,1305009.2
Odisha,Jajpur,2015,1942910.4
Odisha,Subarnapur,2015,623817.9
Odisha,Nuapada,2015,643499.2
Odisha,Balangir,2015,1821706.0
Maharashtra,Nashik,2015,6633195.5
Odisha,Boudh,2015,486555.0
Maharashtra,Gadchiroli,2015,1115884.9
Maharashtra,Washim,2015,1268387.8
Odisha,Cuttack,2015,2706602.0
Maharashtra,Chandrapur,2015,2299923.5
Maharashtra,Yavatmal,2015,2878268.8
Odisha,Kandhamal,2015,773119.5
Maharashtra,Jalna,2015,2129375.2
Odisha,Nayagarh,2015,968600.1
Chhattisgarh,Uttar Bastar Kanker,2015,812665.8
Odisha,Khordha,2015,2367143.0
Odisha,Kalahandi,2015,1717924.0
Odisha,Jagatsinghpur,2015,1211274.6
Odisha,Puri,2015,1697433.2
Maharashtra,Ahmednagar,2015,4801251.0
Odisha,Nabarangapur,2015,1291456.8
Maharashtra,Hingoli,2015,1313657.5
Odisha,Rayagada,2015,1055233.0
Maharashtra,Nanded,2015,3594703.5
Chhattisgarh,Narayanpur,2015,109910.7
Maharashtra,Parbhani,2015,1860089.2
Maharashtra,Pune,2015,10487978.0
Maharashtra,Beed,2015,2798736.0
Maharashtra,Mumbai,2015,12578568.0
Odisha,Koraput,2015,1440553.5
Andhra Pradesh,Srikakulam,2015,2613375.5
Andhra Pradesh,Vizianagaram,2015,2383388.0
Maharashtra,Latur,2015,2535065.8
Maharashtra,Osmanabad,2015,1837587.9
Odisha,Malkangiri,2015,694807.6
Maharashtra,Solapur,2015,4516985.0
Andhra Pradesh,Visakhapatnam,2015,4586212.5
Karnataka,Bidar,2015,1731183.5
Maharashtra,Satara,2015,3051747.5
Maharashtra,Ratnagiri,2015,1477918.2
Karnataka,Kalaburagi,2015,2705510.5
Maharashtra,Sangli,2015,3092733.2
Maharashtra,Kolhapur,2015,3796246.8
Andhra Pradesh,Krishna,2015,4518479.0
Karnataka,Belagavi,2015,5090277.0
Karnataka,Yadgir,2015,1235980.8
Karnataka,Bagalkote,2015,1959043.9
Maharashtra,Sindhudurg,2015,810802.1
Andhra Pradesh,Guntur,2015,5149459.5
Andhra Pradesh,East Godavari,2015,5422948.5
Karnataka,Raichur,2015,1995410.9
Andhra Pradesh,Prakasam,2015,3526343.2
Andhra Pradesh,Kurnool,2015,4288444.5
Karnataka,Koppal,2015,1438876.4
Karnataka,Gadag,2015,1136482.6
Goa,North Goa,2015,628028.3
Karnataka,Ballari,2015,2707053.5
Karnataka,Dharwad,2015,1962059.6
Karnataka,Uttara Kannada,2015,1494328.6
Goa,South Goa,2015,705210.6
Karnataka,Haveri,2015,1494993.0
Andhra Pradesh,Anantapur,2015,4300969.0
Andhra Pradesh,S.P.S. Nellore,2015,3131509.5
Karnataka,Chitradurga,2015,1708517.2
Karnataka,Davanagere,2015,2017708.8
Karnataka,Shivamogga,2015,1827978.4
Karnataka,Udupi,2015,1093288.2
Karnataka,Chikkamagaluru,2015,1168962.2
Karnataka,Chikkaballapura,2015,1270903.2
Karnataka,Hassan,2015,1797353.5
Karnataka,Kolar,2015,1523083.5
Karnataka,Bengaluru Rural,2015,1226739.5
Karnataka,Dakshina Kannada,2015,2282777.2
Karnataka,Bengaluru Urban,2015,11089408.0
Kerala,Kasaragod,2015,1205756.1
Karnataka,Kodagu,2015,568559.4
Karnataka,Chamarajanagara,2015,1015683.6
Kerala,Wayanad,2015,838346.8
Kerala,Kozhikode,2015,3042480.8
Kerala,Malappuram,2015,4255424.0
Kerala,Palakkad,2015,2922721.5
Kerala,Thrissur,2015,3216599.0
Kerala,Idukki,2015,1049769.4
Kerala,Ernakulam,2015,3347303.8
Kerala,Alappuzha,2015,2159082.0
Kerala,Kottayam,2015,1981066.6
Kerala,Pathanamthitta,2015,1321182.5
Kerala,Kollam,2015,2461663.0
Kerala,Thiruvananthapuram,2015,3124949.5
Andhra Pradesh,West Godavari,2015,4075207.0
Chhattisgarh,Dakshin Bastar Dantewada,2015,309519.4
Chhattisgarh,Bastar,2015,881836.1
Chhattisgarh,Kondagaon,2015,602379.1
Chhattisgarh,Gariaband,2015,697579.1
Chhattisgarh,Raipur,2015,2431929.8
Chhattisgarh,Durg,2015,1831056.2
Maharashtra,Thane,2015,8146117.5
Telangana,Adilabad,2015,762389.0
Telangana,Hyderabad,2015,2199515.0
Telangana,Jagtial,2015,1012075.4
Telangana,Jangaon,2015,577288.1
Telangana,Mulugu,2015,290044.5
Telangana,Jogulamba Gadwal,2015,645092.2
Telangana,Kamareddy,2015,1024637.3
Telangana,Karimnagar,2015,1091120.2
Telangana,Khammam,2015,1490430.1
Telangana,Komaram Bheem,2015,541877.2
Telangana,Mahabubabad,2015,759165.2
Telangana,Mahabubnagar,2015,966813.5
Telangana,Mancherial,2015,714862.9
Telangana,Medak,2015,781782.6
Telangana,Medchal Malkajgiri,2015,3799294.5
Telangana,Nagarkurnool,2015,893498.7
Telangana,Nalgonda,2015,1721202.2
Telangana,Nirmal,2015,720442.5
Telangana,Nizamabad,2015,1643250.4
Telangana,Peddapalli,2015,882807.1
Telangana,Rajanna Sircilla,2015,566111.6
Telangana,Ranga Reddy,2015,3705499.5
Telangana,Sangareddy,2015,1687912.5
Telangana,Siddipet,2015,1024626.6
Telangana,Suryapet,2015,1134902.5
Telangana,Vikarabad,2015,1116225.0
Telangana,Wanaparthy,2015,631158.9
Telangana,Warangal Rural,2015,758468.4
Telangana,Warangal Urban,2015,1147797.8
Telangana,Yadadri Bhuvanagiri,2015,737748.2
West Bengal,South 24 Parganas,2015,11428253.0
Gujarat,Amreli,2015,1579861.5
Odisha,Angul,2015,1329861.8
Gujarat,Dang,2015,249189.9
Chhattisgarh,Dhamtari,2015,849752.2
Odisha,Kendrapara,2015,1615549.2
Dadra and Nagar Haveli and Daman and Diu,Dadra and Nagar Haveli,2015,477342.4
Maharashtra,Palghar,2015,3630605.0
Odisha,Ganjam,2015,3738158.5
Odisha,Gajapati,2015,599101.9
Andhra Pradesh,Y.S.R. Kadapa,2015,2996160.5
Karnataka,Tumakuru,2015,2720096.5
Andhra Pradesh,Chittoor,2015,4319039.0
Karnataka,Ramanagara,2015,1156068.4
Karnataka,Mandya,2015,1614767.8
Karnataka,Mysuru,2015,3411536.5
Kerala,Kannur,2015,2593092.8
Puducherry,Puducherry,2015,679518.5
Chhattisgarh,Balod,2015,887998.3
Telangana,Bhadradri Kothagudem,2015,1092825.0
Gujarat,Vadodara,2015,3292501.5
West Bengal,Paschim Medinipur,2015,5227873.5
Madhya Pradesh,Seoni,2015,1484525.2
Madhya Pradesh,Alirajpur,2015,854216.6
Madhya Pradesh,Chhindwara,2015,2231007.2
Madhya Pradesh,Harda,2015,616634.2
Madhya Pradesh,Khargone,2015,2002918.0
West Bengal,Purba Medinipur,2015,5328900.0
Odisha,Mayurbhanj,2015,2710949.5
Gujarat,Bharuch,2015,1562984.4
Odisha,Sundargarh,2015,2195767.5
Chhattisgarh,Kabeerdham,2015,940708.0
Madhya Pradesh,Khandwa,2015,1363941.5
Gujarat,Porbandar,2015,612848.5
Madhya Pradesh,Balaghat,2015,1719620.5
Gujarat,Narmada,2015,653324.8
Madhya Pradesh,Barwani,2015,1581413.0
Chhattisgarh,Janjgir Champa,2015,1842436.4
Maharashtra,Nandurbar,2015,1790431.2
Odisha,Kendujhar,2015,1978798.2
Odisha,Balasore,2015,2344427.5
Odisha,Jharsuguda,2015,569037.0
Chhattisgarh,Bametara,2015,837349.4
Chhattisgarh,Rajnandgaon,2015,1640132.5
Maharashtra,Amravati,2015,3049835.5
Gujarat,Surat,2015,6783910.5
Maharashtra,Dhule,2015,2254690.0
Gujarat,Tapi,2015,898221.2
Odisha,Bargarh,2015,1521113.5
Maharashtra,Nagpur,2015,4908466.0
Chhattisgarh,Baloda Bazar,2015,1414911.9
Chhattisgarh,Mungeli,2015,755360.1
Gujarat,Botad,2015,634234.2
Gujarat,Chhota Udaipur,2015,1101935.2
Gujarat,Gir Somnath,2015,1262225.9
West Bengal,Jhargram,2015,1206601.1
Gujarat,Rajkot,2015,3231529.8
Gujarat,Bhavnagar,2015,2554933.8
Madhya Pradesh,Betul,2015,1681209.8
Gujarat,Junagadh,2015,1570356.8
Odisha,Deogarh,2015,325681.1
Gujarat,Jamnagar,2015,1424747.0
Gujarat,Devbhumi Dwarka,2015,781392.1
Maharashtra,Aurangabad,2015,3994152.2
Karnataka,Vijayapura,2015,2348357.5
Chhattisgarh,Bijapur,2015,264215.2
Maharashtra,Raigad,2015,2792511.5
Chhattisgarh,Raigarh,2015,1534976.9
Chhattisgarh,Bilaspur,2015,2076547.1
Puducherry,Karaikal,2015,170083.4
Puducherry,Mahe,2015,3559.5
Puducherry,Yanam,2015,18585.6
Odisha,Sambalpur,2015,1200865.2
Gujarat,Navsari,2015,1360217.0
Lakshadweep,Lakshadweep,2015,1682.6
Dadra and Nagar Haveli and Daman and Diu,Daman,2015,68020.8
Dadra and Nagar Haveli and Daman and Diu,Diu,2015,13723.1
Telangana,Jayashankar Bhupalapally,2015,402238.1
Telangana,Narayanpet,2015,642274.0
Chhattisgarh,Sukma,2015,237948.2
Arunachal Pradesh,Upper Subansiri,2015,96924.3
Arunachal Pradesh,Anjaw,2015,22758.9
Assam,Tinsukia,2015,1312492.9
Assam,Dhemaji,2015,636482.5
Arunachal Pradesh,Changlang,2015,166359.3
Assam,Dibrugarh,2015,1439465.6
Arunachal Pradesh,Tawang,2015,52604.7
Arunachal Pradesh,Papum Pare,2015,197966.4
Assam,Lakhimpur,2015,1101956.4
Arunachal Pradesh,Tirap,2015,62968.5
Assam,Sivasagar,2015,762719.6
Assam,Jorhat,2015,989429.4
Nagaland,Mon,2015,234931.1
Assam,Sonitpur,2015,1362156.1
Assam,Golaghat,2015,1248673.9
Nagaland,Longleng,2015,38540.0
Nagaland,Mokokchung,2015,192572.8
Assam,Udalguri,2015,873193.4
Assam,Chirang,2015,595872.4
Assam,Baksa,2015,1133799.8
Assam,Nagaon,2015,2099279.5
Assam,Kokrajhar,2015,1225001.5
Assam,Darrang,2015,1003638.1
Nagaland,Tuensang,2015,188959.2
Assam,Barpeta,2015,1701254.5
Assam,Nalbari,2015,945891.1
Assam,Morigaon,2015,1010560.5
Assam,Kamrup,2015,1485067.1
Assam,Bongaigaon,2015,730006.9
Assam,Dhubri,2015,1201335.8
Assam,Kamrup Metropolitan,2015,1341536.1
Nagaland,Kiphire,2015,67109.2
Assam,Goalpara,2015,993838.3
Meghalaya,Ribhoi,2015,313281.0
Assam,Dima Hasao,2015,260274.7
Manipur,Kamjong,2015,53702.8
Meghalaya,West Khasi Hills,2015,288917.2
Nagaland,Peren,2015,93153.8
Manipur,Senapati,2015,362264.1
Meghalaya,East Jaintia Hills,2015,131601.7
Meghalaya,East Khasi Hills,2015,898633.1
Manipur,Tamenglong,2015,126066.3
Meghalaya,South Garo Hills,2015,154731.2
Assam,Cachar,2015,1949800.0
Manipur,Imphal West,2015,684036.6
Assam,Karimganj,2015,1252300.2
Assam,Hailakandi,2015,647279.0
Manipur,Kakching,2015,168813.0
Manipur,Bishnupur,2015,199806.0
Manipur,Chandel,2015,113740.2
Manipur,Churachandpur,2015,240719.9
Tripura,North Tripura,2015,377709.1
Tripura,Dhalai,2015,389196.4
Tripura,Sipahijala,2015,443651.9
Tripura,Gomati,2015,534096.4
Nagaland,Wokha,2015,167156.1
Nagaland,Zunheboto,2015,132148.3
Nagaland,Phek,2015,167900.1
Meghalaya,West Garo Hills,2015,590549.6
Meghalaya,East Garo Hills,2015,172907.9
Nagaland,Kohima,2015,283356.8
Nagaland,Dimapur,2015,465322.8
Arunachal Pradesh,East Siang,2015,81195.6
Arunachal Pradesh,Lohit,2015,48279.2
Arunachal Pradesh,Kurung Kumey,2015,52354.7
Arunachal Pradesh,Lower Subansiri,2015,81051.0
Arunachal Pradesh,East Kameng,2015,73949.9
Arunachal Pradesh,West Kameng,2015,89968.8
Meghalaya,West Jaintia Hills,2015,316258.1
Meghalaya,South West Khasi Hills,2015,108484.6
Meghalaya,North Garo Hills,2015,176806.2
Meghalaya,South West Garo Hills,2015,148131.9
Tripura,Khowai,2015,312208.6
Tripura,West Tripura,2015,985734.4
Tripura,South Tripura,2015,335283.3
Tripura,Unokoti,2015,349815.5
Assam,Charaideo,2015,460227.1
Assam,Majuli,2015,133506.2
Assam,Biswanath,2015,615537.8
Assam,Hojai,2015,1031314.3
Assam,South Salmara Mankachar,2015,465082.2
Assam,Karbi Anglong,2015,644912.5
Assam,West Karbi Anglong,2015,332833.4
Arunachal Pradesh,Kra Daadi,2015,64722.8
Arunachal Pradesh,Namsai,2015,109584.5
Arunachal Pradesh,Longding,2015,53955.3
Manipur,Imphal East,2015,342537.9
Manipur,Jiribam,2015,51078.9
Manipur,Kangpokpi,2015,204872.2
Manipur,Thoubal,2015,282870.2
Manipur,Tengnoupal,2015,62571.8
Manipur,Ukhrul,2015,152802.0
Manipur,Noney,2015,49505.4
Manipur,Pherzawl,2015,50544.2
Arunachal Pradesh,Upper Siang,2015,33311.6
Arunachal Pradesh,Lower Siang,2015,17886.4
Arunachal Pradesh,Upper Dibang Valley,2015,9576.1
Arunachal Pradesh,Lower Dibang Valley,2015,57711.8
Arunachal Pradesh,Siang,2015,45998.9
Arunachal Pradesh,Shi Yomi,2015,12222.3
Arunachal Pradesh,Pakke Kessang,2015,18914.1
Arunachal Pradesh,West Siang,2015,46736.7
Arunachal Pradesh,Lepa Rada,2015,21405.1
Arunachal Pradesh,Kamle,2015,19656.8
Andaman and Nicobar Islands,North and Middle Andaman,2015,90403.2
Andaman and Nicobar Islands,South Andaman,2015,121652.8
Andaman and Nicobar Islands,Nicobars,2015,14509.1
Uttar Pradesh,Amroha,2015,1995950.8
Rajasthan,Churu,2015,2131216.8
Uttar Pradesh,Hapur,2015,1547324.1
Delhi,Delhi,2015,16882812.0
Haryana,Jhajjar,2015,1001620.7
Uttar Pradesh,Bareilly,2015,4819165.0
Uttar Pradesh,Pilibhit,2015,2157692.2
Uttar Pradesh,Bulandshahr,2015,3741814.2
Uttar Pradesh,Gautam Buddha Nagar,2015,2039704.0
Uttar Pradesh,Lakhimpur Kheri,2015,4293413.0
Rajasthan,Jhunjhunu,2015,2341029.0
Haryana,Gurugram,2015,2012872.2
Haryana,Faridabad,2015,2337000.5
Haryana,Mahendragarh,2015,915723.7
Haryana,Rewari,2015,989125.3
Uttar Pradesh,Budaun,2015,3328225.0
Rajasthan,Jaisalmer,2015,747828.4
Uttar Pradesh,Bahraich,2015,3696130.5
Haryana,Nuh,2015,1046650.6
Uttar Pradesh,Shahjahanpur,2015,3249736.0
Rajasthan,Sikar,2015,2790469.0
Haryana,Palwal,2015,1156744.9
Rajasthan,Alwar,2015,4012884.0
Sikkim,North Sikkim,2015,48691.1
Uttar Pradesh,Aligarh,2015,3977169.5
Uttar Pradesh,Kasganj,2015,1480554.8
Uttar Pradesh,Mathura,2015,2735364.2
Rajasthan,Jaipur,2015,7285528.0
Uttar Pradesh,Shrawasti,2015,1197462.5
Rajasthan,Jodhpur,2015,4077915.0
Uttar Pradesh,Sitapur,2015,4837326.0
Rajasthan,Bharatpur,2015,2691008.0
Uttar Pradesh,Hathras,2015,1607230.2
Rajasthan,Nagaur,2015,3508798.8
Uttar Pradesh,Etah,2015,1980142.6
Uttar Pradesh,Hardoi,2015,4399859.0
Uttar Pradesh,Farrukhabad,2015,1915594.8
Sikkim,West Sikkim,2015,130275.2
Sikkim,South Sikkim,2015,156461.3
Sikkim,East Sikkim,2015,309777.5
Uttar Pradesh,Firozabad,2015,2678517.5
Bihar,West Champaran,2015,4383278.5
Uttar Pradesh,Siddharthnagar,2015,3015113.8
Uttar Pradesh,Mainpuri,2015,2004926.6
Uttar Pradesh,Maharajganj,2015,3016930.5
Uttar Pradesh,Agra,2015,4839143.0
Uttar Pradesh,Gonda,2015,3600321.0
Uttar Pradesh,Barabanki,2015,3533390.0
West Bengal,Darjeeling,2015,1803386.1
Rajasthan,Dausa,2015,1962715.0
Uttar Pradesh,Kushinagar,2015,3818088.0
Uttar Pradesh,Kannauj,2015,1759576.2
Uttar Pradesh,Lucknow,2015,5139200.0
West Bengal,Jalpaiguri,2015,2534943.8
Uttar Pradesh,Basti,2015,2498259.5
Uttar Pradesh,Gorakhpur,2015,4723563.0
Uttar Pradesh,Sant Kabir Nagar,2015,1765951.6
Rajasthan,Karauli,2015,1589936.6
Bihar,East Champaran,2015,5609143.0
Uttar Pradesh,Unnao,2015,3400741.8
Uttar Pradesh,Etawah,2015,1709647.5
Rajasthan,Dholpur,2015,1345405.4
Uttar Pradesh,Kanpur Nagar,2015,4772027.0
Uttar Pradesh,Auraiya,2015,1508015.5
Madhya Pradesh,Morena,2015,2089298.8
Rajasthan,Barmer,2015,2899339.0
Uttar Pradesh,Ayodhya,2015,2779385.0
Uttar Pradesh,Kanpur Dehat,2015,1855147.5
Madhya Pradesh,Bhind,2015,1802968.2
Rajasthan,Sawai Madhopur,2015,1409826.5
Uttar Pradesh,Deoria,2015,3138325.5
Bihar,Sitamarhi,2015,3685069.5
Rajasthan,Tonk,2015,1522837.8
Bihar,Sheohar,2015,731311.3
Uttar Pradesh,Sultanpur,2015,2320378.5
Rajasthan,Pali,2015,2155051.2
Bihar,Gopalganj,2015,2586433.0
Uttar Pradesh,Ambedkar Nagar,2015,2650628.2
Uttar Pradesh,Rae Bareli,2015,2462524.0
Uttar Pradesh,Jalaun,2015,1773233.6
Uttar Pradesh,Azamgarh,2015,4737629.5
Madhya Pradesh,Gwalior,2015,2249814.5
Madhya Pradesh,Sheopur,2015,792390.0
Uttar Pradesh,Mau,2015,2342038.0
Uttar Pradesh,Fatehpur,2015,2841205.5
Uttar Pradesh,Ballia,2015,3409994.8
Uttar Pradesh,Jaunpur,2015,4618817.5
Rajasthan,Bhilwara,2015,2594648.0
Bihar,Samastipur,2015,4760642.5
Rajasthan,Jalore,2015,1991272.1
Rajasthan,Bundi,2015,1222035.2
Bihar,Katihar,2015,3269057.8
Uttar Pradesh,Jhansi,2015,2052649.1
Madhya Pradesh,Shivpuri,2015,1868082.2
Rajasthan,Kota,2015,2054379.4
Uttar Pradesh,Banda,2015,1948481.1
Uttar Pradesh,Ghazipur,2015,3860367.2
Uttar Pradesh,Kaushambi,2015,1725665.0
Bihar,Khagaria,2015,1811626.9
Bihar,Bhojpur,2015,3026053.8
Uttar Pradesh,Prayagraj,2015,6475609.5
Bihar,Buxar,2015,1794810.0
West Bengal,Dakshin Dinajpur,2015,1697450.0
West Bengal,Malda,2015,3799989.5
Madhya Pradesh,Tikamgarh,2015,1094121.5
Uttar Pradesh,Varanasi,2015,3933260.8
Bihar,Darbhanga,2015,4173955.0
Bihar,Saharsa,2015,2175562.2
Rajasthan,Sirohi,2015,1106691.8
Uttar Pradesh,Chitrakoot,2015,1165006.0
Uttar Pradesh,Chandauli,2015,2065668.2
Uttar Pradesh,Bhadohi,2015,1641633.6
Rajasthan,Baran,2015,1310957.5
Jharkhand,Sahibganj,2015,1655858.0
Bihar,Kaimur,2015,1726968.5
Bihar,Rohtas,2015,3299433.8
Rajasthan,Udaipur,2015,3288077.8
Jharkhand,Godda,2015,1333542.9
Uttar Pradesh,Mirzapur,2015,2914091.8
Uttar Pradesh,Lalitpur,2015,1336566.1
Bihar,Jamui,2015,1925644.5
Madhya Pradesh,Neemuch,2015,844566.9
Bihar,Banka,2015,2373964.8
Madhya Pradesh,Rewa,2015,2579693.0
Madhya Pradesh,Satna,2015,2354552.8
Madhya Pradesh,Guna,2015,1309840.5
Bihar,Nawada,2015,2575715.0
Bihar,Gaya,2015,4876522.5
Madhya Pradesh,Ashoknagar,2015,975928.9
Rajasthan,Jhalawar,2015,1572049.2
West Bengal,Murshidabad,2015,7604761.0
Uttar Pradesh,Sonbhadra,2015,1998077.6
Jharkhand,Pakur,2015,899128.6
Madhya Pradesh,Mandsaur,2015,1333678.0
Bihar,Munger,2015,1571830.9
Jharkhand,Giridih,2015,2667965.5
Jharkhand,Dumka,2015,1387951.2
Madhya Pradesh,Singrauli,2015,1385418.9
West Bengal,Birbhum,2015,3803161.2
Jharkhand,Deoghar,2015,1655324.4
Jharkhand,Palamu,2015,2016990.5
Madhya Pradesh,Sidhi,2015,1152186.8
Jharkhand,Chatra,2015,1134371.4
Jharkhand,Garhwa,2015,1534924.0
Madhya Pradesh,Sagar,2015,2597245.8
Gujarat,Patan,2015,1371909.8
Madhya Pradesh,Damoh,2015,1334822.5
Madhya Pradesh,Shajapur,2015,953063.5
Madhya Pradesh,Vidisha,2015,1524515.2
Gujarat,Mehsana,2015,2063441.5
Madhya Pradesh,Rajgarh,2015,1609048.8
Madhya Pradesh,Shahdol,2015,993701.0
West Bengal,Nadia,2015,5097532.0
Jharkhand,Jamtara,2015,818314.8
Rajasthan,Dungarpur,2015,1467929.1
Madhya Pradesh,Katni,2015,1359612.6
Jharkhand,Dhanbad,2015,2817173.5
Rajasthan,Banswara,2015,1987932.1
Madhya Pradesh,Umaria,2015,756687.2
Jharkhand,Latehar,2015,836874.6
Madhya Pradesh,Ratlam,2015,1518268.2
Jharkhand,Bokaro,2015,2286420.0
Jharkhand,Ramgarh,2015,1029391.0
Madhya Pradesh,Bhopal,2015,2571879.5
West Bengal,Purba Bardhaman,2015,4724734.5
Chhattisgarh,Koriya,2015,720299.7
Madhya Pradesh,Ujjain,2015,2118617.2
Gujarat,Gandhinagar,2015,1212974.0
Gujarat,Ahmedabad,2015,7919985.0
Madhya Pradesh,Raisen,2015,1462499.9
West Bengal,Purulia,2015,3166209.5
Madhya Pradesh,Sehore,2015,1447199.5
Jharkhand,Ranchi,2015,3187938.5
West Bengal,Bankura,2015,3784879.8
Jharkhand,Lohardaga,2015,520913.8
Gujarat,Panchmahal,2015,1790726.2
Madhya Pradesh,Jabalpur,2015,2638335.0
Jharkhand,Gumla,2015,1116164.1
Gujarat,Dahod,2015,2429422.0
Madhya Pradesh,Dewas,2015,1669147.5
Madhya Pradesh,Anuppur,2015,845370.9
Madhya Pradesh,Jhabua,2015,1103318.5
West Bengal,North 24 Parganas,2015,10708274.0
Madhya Pradesh,Dindori,2015,848949.8
West Bengal,Hooghly,2015,5271301.5
Jharkhand,Khunti,2015,606379.4
Madhya Pradesh,Narsinghpur,2015,1194296.1
Madhya Pradesh,Dhar,2015,2390656.8
Chhattisgarh,Jashpur,2015,903137.4
Madhya Pradesh,Indore,2015,3699227.5
Jharkhand,Saraikela-Kharsawan,2015,1245655.6
Madhya Pradesh,Mandla,2015,1032918.6
Jharkhand,East Singhbhum,2015,2327445.0
Madhya Pradesh,Hoshangabad,2015,1297868.8
Chhattisgarh,Korba,2015,1261621.8
Jharkhand,West Singhbhum,2015,1623199.2
West Bengal,Howrah,2015,3795799.2
Jharkhand,Simdega,2015,626199.7
West Bengal,Kolkata,2015,2519752.5
Jharkhand,Koderma,2015,778933.1
Jharkhand,Hazaribagh,2015,1896493.8
Bihar,Vaishali,2015,4069468.5
Bihar,Begusarai,2015,3554612.5
Bihar,Bhagalpur,2015,3266844.2
Bihar,Lakhisarai,2015,1084047.4
Bihar,Sheikhpura,2015,735609.8
Bihar,Arwal,2015,538776.2
Bihar,Jehanabad,2015,1198776.5
Bihar,Nalanda,2015,3279952.8
Bihar,Patna,2015,6043977.0
Bihar,Saran,2015,4262876.5
Bihar,Siwan,2015,3454675.2
Bihar,Muzaffarpur,2015,5553265.0
Bihar,Madhepura,2015,2070857.1
Bihar,Araria,2015,3154666.5
Bihar,Supaul,2015,2587049.8
Bihar,Madhubani,2015,4618126.5
Bihar,Purnia,2015,3662442.0
Chhattisgarh,Surajpur,2015,846099.2
Chhattisgarh,Surguja,2015,860966.8
Gujarat,Aravalli,2015,1158388.5
Gujarat,Mahisagar,2015,936252.9
Uttar Pradesh,Amethi,2015,2899299.0
Uttar Pradesh,Ghaziabad,2015,4613502.0
Madhya Pradesh,Agar Malwa,2015,619337.2
Uttar Pradesh,Sambhal,2015,2575656.5
Haryana,Charkhi Dadri,2015,519501.6
West Bengal,Alipurduar,2015,1298388.8
West Bengal,Paschim Bardhaman,2015,3483286.0
West Bengal,Kalimpong,2015,201329.0
Rajasthan,Ajmer,2015,2732180.0
West Bengal,Cooch Behar,2015,2870169.5
West Bengal,Uttar Dinajpur,2015,3013974.0
Madhya Pradesh,Datia,2015,863459.1
Rajasthan,Rajsamand,2015,1220820.8
Uttar Pradesh,Mahoba,2015,956700.2
Madhya Pradesh,Chhatarpur,2015,1951564.8
Rajasthan,Chittorgarh,2015,1705734.6
Madhya Pradesh,Panna,2015,1117680.0
Gujarat,Sabarkantha,2015,1462262.4
Gujarat,Kutch,2015,2127042.5
Gujarat,Surendranagar,2015,1662637.2
Gujarat,Kheda,2015,2014687.1
Gujarat,Anand,2015,2437330.0
Bihar,Kishanganj,2015,1747167.1
Gujarat,Morbi,2015,1002514.0
Ladakh,Leh,2015,149134.6
Ladakh,Kargil,2015,146805.2
Jammu and Kashmir,Kupwara,2015,915095.9
Jammu and Kashmir,Bandipora,2015,338682.1
Jammu and Kashmir,Baramulla,2015,1100470.5
Jammu and Kashmir,Ganderbal,2015,611959.8
Jammu and Kashmir,Anantnag,2015,1094335.6
Jammu and Kashmir,Kishtwar,2015,203085.5
Jammu and Kashmir,Srinagar,2015,693651.6
Jammu and Kashmir,Budgam,2015,914479.9
Jammu and Kashmir,Pulwama,2015,912355.3
Jammu and Kashmir,Punch,2015,624247.9
Jammu and Kashmir,Shopiyan,2015,331620.7
Jammu and Kashmir,Kulgam,2015,546957.8
Jammu and Kashmir,Rajouri,2015,587171.9
Jammu and Kashmir,Ramban,2015,299633.2
Jammu and Kashmir,Reasi,2015,324918.2
Jammu and Kashmir,Doda,2015,508182.1
Himachal Pradesh,Lahaul and Spiti,2015,31774.8
Himachal Pradesh,Chamba,2015,543808.4
Jammu and Kashmir,Jammu,2015,1656297.2
Jammu and Kashmir,Kathua,2015,582969.0
Punjab,Gurdaspur,2015,1668546.9
Himachal Pradesh,Kangra,2015,1601721.6
Himachal Pradesh,Kullu,2015,429573.6
Punjab,Hoshiarpur,2015,1708676.8
Punjab,Amritsar,2015,2532068.0
Himachal Pradesh,Mandi,2015,1091014.0
Himachal Pradesh,Kinnaur,2015,84621.1
Himachal Pradesh,Una,2015,542407.7
Himachal Pradesh,Shimla,2015,855787.5
Punjab,Jalandhar,2015,2376177.5
Punjab,Tarn Taran,2015,1151234.2
Punjab,Rupnagar,2015,712891.2
Uttarakhand,Uttarkashi,2015,388016.8
Himachal Pradesh,Solan,2015,614036.9
Punjab,Shahid Bhagat Singh Nagar,2015,582117.9
Punjab,Fazilka,2015,1070560.0
Punjab,Moga,2015,978257.9
Punjab,Ludhiana,2015,3726233.0
Uttarakhand,Chamoli,2015,414988.3
Uttarakhand,Dehradun,2015,1842507.0
Himachal Pradesh,Sirmaur,2015,547213.4
Punjab,S.A.S. Nagar,2015,1584659.9
Punjab,Faridkot,2015,627591.6
Punjab,Fatehgarh Sahib,2015,594028.0
Uttarakhand,Tehri Garhwal,2015,637770.2
Chandigarh,Chandigarh,2015,685842.5
Punjab,Sri Muktsar Sahib,2015,1051688.1
Uttarakhand,Rudraprayag,2015,240148.1
Uttarakhand,Pithoragarh,2015,479255.2
Punjab,Sangrur,2015,1700656.6
Punjab,Barnala,2015,639476.6
Punjab,Bathinda,2015,1546879.9
Punjab,Patiala,2015,2088161.0
Haryana,Yamunanagar,2015,1295385.2
Uttar Pradesh,Saharanpur,2015,3721219.0
Rajasthan,Ganganagar,2015,2087293.8
Punjab,Mansa,2015,703000.8
Haryana,Kurukshetra,2015,1025441.4
Uttarakhand,Bageshwar,2015,261829.4
Uttarakhand,Haridwar,2015,2101332.0
Uttarakhand,Pauri Garhwal,2015,749591.6
Haryana,Kaithal,2015,1147770.0
Haryana,Sirsa,2015,1413137.5
Rajasthan,Hanumangarh,2015,1870645.6
Haryana,Karnal,2015,1564088.5
Uttarakhand,Almora,2015,622115.1
Haryana,Jind,2015,1384075.0
Haryana,Fatehabad,2015,958315.4
Uttar Pradesh,Bijnor,2015,4015915.8
Uttar Pradesh,Muzaffarnagar,2015,3105247.0
Haryana,Hisar,2015,1851539.5
Uttarakhand,Nainital,2015,978787.8
Haryana,Panipat,2015,1310538.0
Uttarakhand,Champawat,2015,262925.2
Uttarakhand,Udham Singh Nagar,2015,1893609.0
Haryana,Sonipat,2015,1776556.2
Uttar Pradesh,Baghpat,2015,1185311.4
Uttar Pradesh,Meerut,2015,3589651.5
Uttar Pradesh,Moradabad,2015,3255306.5
Rajasthan,Bikaner,2015,2638506.5
Uttar Pradesh,Rampur,2015,2594789.5
Haryana,Bhiwani,2015,1191893.1
Haryana,Rohtak,2015,1129548.2
Uttar Pradesh,Shamli,2015,1315971.2
Punjab,Ferozepur,2015,974540.0
Punjab,Pathankot,2015,663435.3
Jammu and Kashmir,Udhampur,2015,620627.8
Jammu and Kashmir,Samba,2015,396020.2
Punjab,Kapurthala,2015,752909.6
Haryana,Panchkula,2015,546828.1
Haryana,Ambala,2015,1209871.0
Bihar,Aurangabad,2015,2841443.5
Chhattisgarh,Balrampur,2015,779645.9
Uttar Pradesh,Balrampur,2015,2270034.8
Uttar Pradesh,Hamirpur,2015,1165632.5
Himachal Pradesh,Hamirpur,2015,486456.3
Rajasthan,Pratapgarh,2015,978929.8
Uttar Pradesh,Pratapgarh,2015,3640883.0
Himachal Pradesh,Bilaspur,2015,426888.1
Madhya Pradesh,Niwari,2015,413741.8
Jammu and Kashmir,Muzaffarabad,2015,12060.6
Jammu and Kashmir,Mirpur,2015,3460.9
Gujarat,Banaskantha,2015,2282123.2
Gujarat,Vav-Tharad,2015,1055609.8
Mizoram,Aizawl,2020,487711.1
Mizoram,Champhai,2020,73060.6
Mizoram,Kolasib,2020,114961.8
Mizoram,Lawngtlai,2020,122817.7
Mizoram,Lunglei,2020,157484.8
Mizoram,Mamit,2020,142061.0
Mizoram,Saiha,2020,85712.7
Mizoram,Serchhip,2020,61393.0
Mizoram,Khawzawl,2020,62303.6
Mizoram,Hnahthial,2020,29762.5
Tamil Nadu,Thiruvallur,2020,5050165.0
Tamil Nadu,Chennai,2020,5085993.5
Tamil Nadu,Krishnagiri,2020,2168442.8
Tamil Nadu,Tiruvannamalai,2020,2957802.2
Tamil Nadu,Dharmapuri,2020,1736101.8
Tamil Nadu,Salem,2020,3989866.0
Tamil Nadu,Erode,2020,2282140.8
Tamil Nadu,Nilgiris,2020,694800.0
Tamil Nadu,Namakkal,2020,2002836.4
Tamil Nadu,Perambalur,2020,590498.4
Tamil Nadu,Coimbatore,2020,4190238.0
Tamil Nadu,Tiruchirappalli,2020,3101334.2
Tamil Nadu,Ariyalur,2020,747188.2
Tamil Nadu,Tiruppur,2020,3150203.5
Tamil Nadu,Thanjavur,2020,2459911.5
Tamil Nadu,Karur,2020,1244990.8
Tamil Nadu,Thiruvarur,2020,1433731.8
Tamil Nadu,Dindigul,2020,2475140.5
Tamil Nadu,Madurai,2020,3390687.5
Tamil Nadu,Theni,2020,1367148.2
Tamil Nadu,Virudhunagar,2020,2105119.5
Tamil Nadu,Thoothukkudi,2020,1801685.5
Tamil Nadu,Kanyakumari,2020,2056417.1
Tamil Nadu,Viluppuram,2020,2660513.8
Tamil Nadu,Cuddalore,2020,3059774.0
Tamil Nadu,Pudukkottai,2020,1797195.8
Tamil Nadu,Sivaganga,2020,1553282.8
Tamil Nadu,Ramanathapuram,2020,1533246.8
Tamil Nadu,Nagapattinam,2020,1841930.0
Tamil Nadu,Kallakurichi,2020,1584153.0
Tamil Nadu,Tenkasi,2020,1671855.5
Tamil Nadu,Tirunelveli,2020,1871708.8
Tamil Nadu,Vellore,2020,1748424.6
Tamil Nadu,Ranipet,2020,1169331.5
Tamil Nadu,Tirupathur,2020,1304667.5
Tamil Nadu,Kancheepuram,2020,1606871.1
Tamil Nadu,Chengalpattu,2020,3313886.5
Madhya Pradesh,Burhanpur,2020,890765.1
Maharashtra,Gondia,2020,1622651.0
Maharashtra,Bhandara,2020,1120497.2
Maharashtra,Jalgaon,2020,4743813.5
Chhattisgarh,Mahasamund,2020,1166000.8
Maharashtra,Wardha,2020,1374191.0
Maharashtra,Buldhana,2020,2958033.2
Gujarat,Valsad,2020,2126517.8
Maharashtra,Akola,2020,2016512.8
Odisha,Bhadrak,2020,1609431.5
Odisha,Dhenkanal,2020,1382141.0
Odisha,Jajpur,2020,2057760.5
Odisha,Subarnapur,2020,660706.1
Odisha,Nuapada,2020,692156.1
Odisha,Balangir,2020,2015415.2
Maharashtra,Nashik,2020,7335649.0
Odisha,Boudh,2020,525164.2
Maharashtra,Gadchiroli,2020,1174627.6
Maharashtra,Washim,2020,1371497.2
Odisha,Cuttack,2020,2869518.5
Maharashtra,Chandrapur,2020,2374717.5
Maharashtra,Yavatmal,2020,3056980.5
Odisha,Kandhamal,2020,829756.2
Maharashtra,Jalna,2020,2345178.2
Odisha,Nayagarh,2020,1021907.2
Chhattisgarh,Uttar Bastar Kanker,2020,870634.0
Odisha,Khordha,2020,2591468.2
Odisha,Kalahandi,2020,1867628.2
Odisha,Jagatsinghpur,2020,1259367.1
Odisha,Puri,2020,1809281.8
Maharashtra,Ahmednagar,2020,5099500.0
Odisha,Nabarangapur,2020,1412680.4
Maharashtra,Hingoli,2020,1433774.8
Odisha,Rayagada,2020,1137104.5
Maharashtra,Nanded,2020,3886601.2
Chhattisgarh,Narayanpur,2020,118917.4
Maharashtra,Parbhani,2020,2039762.5
Maharashtra,Pune,2020,11966003.0
Maharashtra,Beed,2020,3054630.2
Maharashtra,Mumbai,2020,12918360.0
Odisha,Koraput,2020,1560313.8
Andhra Pradesh,Srikakulam,2020,2696621.5
Andhra Pradesh,Vizianagaram,2020,2432224.2
Maharashtra,Latur,2020,2757328.0
Maharashtra,Osmanabad,2020,1942691.8
Odisha,Malkangiri,2020,763029.1
Maharashtra,Solapur,2020,4792162.0
Andhra Pradesh,Visakhapatnam,2020,4851198.5
Karnataka,Bidar,2020,1845118.9
Maharashtra,Satara,2020,3163271.0
Maharashtra,Ratnagiri,2020,1434350.4
Karnataka,Kalaburagi,2020,2938977.0
Maharashtra,Sangli,2020,3234887.2
Maharashtra,Kolhapur,2020,3955505.5
Andhra Pradesh,Krishna,2020,4693863.5
Karnataka,Belagavi,2020,5435278.0
Karnataka,Yadgir,2020,1373233.8
Karnataka,Bagalkote,2020,2103343.5
Maharashtra,Sindhudurg,2020,797629.4
Andhra Pradesh,Guntur,2020,5392266.0
Andhra Pradesh,East Godavari,2020,5574140.5
Karnataka,Raichur,2020,2148364.5
Andhra Pradesh,Prakasam,2020,3711794.0
Andhra Pradesh,Kurnool,2020,4584220.0
Karnataka,Koppal,2020,1549521.4
Karnataka,Gadag,2020,1194017.6
Goa,North Goa,2020,653640.6
Karnataka,Ballari,2020,2981549.5
Karnataka,Dharwad,2020,2097310.8
Karnataka,Uttara Kannada,2020,1541192.0
Goa,South Goa,2020,735400.8
Karnataka,Haveri,2020,1578892.5
Andhra Pradesh,Anantapur,2020,4549922.5
Andhra Pradesh,S.P.S. Nellore,2020,3306225.8
Karnataka,Chitradurga,2020,1788636.0
Karnataka,Davanagere,2020,2102205.5
Karnataka,Shivamogga,2020,1888932.9
Karnataka,Udupi,2020,1113207.8
Karnataka,Chikkamagaluru,2020,1174267.6
Karnataka,Chikkaballapura,2020,1329049.5
Karnataka,Hassan,2020,1832871.8
Karnataka,Kolar,2020,1612299.6
Karnataka,Bengaluru Rural,2020,1372601.8
Karnataka,Dakshina Kannada,2020,2398248.5
Karnataka,Bengaluru Urban,2020,13409918.0
Kerala,Kasaragod,2020,1255871.2
Karnataka,Kodagu,2020,572058.5
Karnataka,Chamarajanagara,2020,1050719.8
Kerala,Wayanad,2020,857615.5
Kerala,Kozhikode,2020,3150712.8
Kerala,Malappuram,2020,4539863.0
Kerala,Palakkad,2020,3013363.8
Kerala,Thrissur,2020,3297328.0
Kerala,Idukki,2020,1044569.2
Kerala,Ernakulam,2020,3435317.8
Kerala,Alappuzha,2020,2163542.5
Kerala,Kottayam,2020,1988962.2
Kerala,Pathanamthitta,2020,1310112.2
Kerala,Kollam,2020,2492220.0
Kerala,Thiruvananthapuram,2020,3154584.0
Andhra Pradesh,West Godavari,2020,4149895.5
Chhattisgarh,Dakshin Bastar Dantewada,2020,329046.3
Chhattisgarh,Bastar,2020,952478.9
Chhattisgarh,Kondagaon,2020,652832.6
Chhattisgarh,Gariaband,2020,805231.0
Chhattisgarh,Raipur,2020,2820134.5
Chhattisgarh,Durg,2020,1997291.1
Maharashtra,Thane,2020,9522630.0
Telangana,Adilabad,2020,800801.4
Telangana,Hyderabad,2020,2195563.5
Telangana,Jagtial,2020,1051163.4
Telangana,Jangaon,2020,596505.1
Telangana,Mulugu,2020,300390.9
Telangana,Jogulamba Gadwal,2020,694611.2
Telangana,Kamareddy,2020,1066765.2
Telangana,Karimnagar,2020,1133306.5
Telangana,Khammam,2020,1554407.2
Telangana,Komaram Bheem,2020,568706.0
Telangana,Mahabubabad,2020,791270.8
Telangana,Mahabubnagar,2020,1054245.5
Telangana,Mancherial,2020,753169.8
Telangana,Medak,2020,831807.8
Telangana,Medchal Malkajgiri,2020,4457347.5
Telangana,Nagarkurnool,2020,956686.5
Telangana,Nalgonda,2020,1778259.8
Telangana,Nirmal,2020,758688.2
Telangana,Nizamabad,2020,1712673.5
Telangana,Peddapalli,2020,920949.2
Telangana,Rajanna Sircilla,2020,588559.4
Telangana,Ranga Reddy,2020,4274550.0
Telangana,Sangareddy,2020,1799756.4
Telangana,Siddipet,2020,1086584.6
Telangana,Suryapet,2020,1182669.6
Telangana,Vikarabad,2020,1325407.8
Telangana,Wanaparthy,2020,677954.9
Telangana,Warangal Rural,2020,788844.7
Telangana,Warangal Urban,2020,1192961.4
Telangana,Yadadri Bhuvanagiri,2020,763648.9
West Bengal,South 24 Parganas,2020,12309552.0
Gujarat,Amreli,2020,1647024.8
Odisha,Angul,2020,1408908.8
Gujarat,Dang,2020,273957.5
Chhattisgarh,Dhamtari,2020,905416.0
Odisha,Kendrapara,2020,1697194.8
Dadra and Nagar Haveli and Daman and Diu,Dadra and Nagar Haveli,2020,579872.9
Maharashtra,Palghar,2020,4230042.5
Odisha,Ganjam,2020,3950184.5
Odisha,Gajapati,2020,634227.7
Andhra Pradesh,Y.S.R. Kadapa,2020,3149456.2
Karnataka,Tumakuru,2020,2767184.0
Andhra Pradesh,Chittoor,2020,4560268.0
Karnataka,Ramanagara,2020,1195816.5
Karnataka,Mandya,2020,1651081.2
Karnataka,Mysuru,2020,3594018.5
Kerala,Kannur,2020,2652711.2
Puducherry,Puducherry,2020,785671.1
Chhattisgarh,Balod,2020,967853.2
Telangana,Bhadradri Kothagudem,2020,1144415.4
Gujarat,Vadodara,2020,3527010.8
West Bengal,Paschim Medinipur,2020,5581097.5
Madhya Pradesh,Seoni,2020,1616062.4
Madhya Pradesh,Alirajpur,2020,938469.1
Madhya Pradesh,Chhindwara,2020,2371582.8
Madhya Pradesh,Harda,2020,672138.9
Madhya Pradesh,Khargone,2020,2213605.2
West Bengal,Purba Medinipur,2020,5725546.0
Odisha,Mayurbhanj,2020,2882949.5
Gujarat,Bharuch,2020,1656772.6
Odisha,Sundargarh,2020,2348758.5
Chhattisgarh,Kabeerdham,2020,1114485.6
Madhya Pradesh,Khandwa,2020,1504867.2
Gujarat,Porbandar,2020,639509.4
Madhya Pradesh,Balaghat,2020,1840641.2
Gujarat,Narmada,2020,696207.8
Madhya Pradesh,Barwani,2020,1786191.5
Chhattisgarh,Janjgir Champa,2020,2033279.2
Maharashtra,Nandurbar,2020,2001112.5
Odisha,Kendujhar,2020,2129484.2
Odisha,Balasore,2020,2503843.0
Odisha,Jharsuguda,2020,603906.9
Chhattisgarh,Bametara,2020,914745.8
Chhattisgarh,Rajnandgaon,2020,1793903.0
Maharashtra,Amravati,2020,3209446.8
Gujarat,Surat,2020,8089744.5
Maharashtra,Dhule,2020,2472039.0
Gujarat,Tapi,2020,964948.2
Odisha,Bargarh,2020,1599257.2
Maharashtra,Nagpur,2020,5253795.5
Chhattisgarh,Baloda Bazar,2020,1648779.9
Chhattisgarh,Mungeli,2020,803088.5
Gujarat,Botad,2020,695638.5
Gujarat,Chhota Udaipur,2020,1178282.8
Gujarat,Gir Somnath,2020,1334378.2
West Bengal,Jhargram,2020,1286150.2
Gujarat,Rajkot,2020,3545955.8
Gujarat,Bhavnagar,2020,2758462.0
Madhya Pradesh,Betul,2020,1788855.5
Gujarat,Junagadh,2020,1662747.1
Odisha,Deogarh,2020,345993.2
Gujarat,Jamnagar,2020,1516516.2
Gujarat,Devbhumi Dwarka,2020,830349.5
Maharashtra,Aurangabad,2020,4510090.0
Karnataka,Vijayapura,2020,2574753.5
Chhattisgarh,Bijapur,2020,277582.9
Maharashtra,Raigad,2020,3052702.2
Chhattisgarh,Raigarh,2020,1671260.1
Chhattisgarh,Bilaspur,2020,2198313.0
Puducherry,Karaikal,2020,180464.6
Puducherry,Mahe,2020,4282.7
Puducherry,Yanam,2020,24324.2
Odisha,Sambalpur,2020,1274034.5
Gujarat,Navsari,2020,1418246.8
Lakshadweep,Lakshadweep,2020,1583.6
Dadra and Nagar Haveli and Daman and Diu,Daman,2020,87761.1
Dadra and Nagar Haveli and Daman and Diu,Diu,2020,15258.3
Telangana,Jayashankar Bhupalapally,2020,417252.8
Telangana,Narayanpet,2020,687948.6
Chhattisgarh,Sukma,2020,254675.4
Arunachal Pradesh,Upper Subansiri,2020,118983.1
Arunachal Pradesh,Anjaw,2020,24412.4
Assam,Tinsukia,2020,1417189.2
Assam,Dhemaji,2020,688237.9
Arunachal Pradesh,Changlang,2020,178398.9
Assam,Dibrugarh,2020,1529202.2
Arunachal Pradesh,Tawang,2020,59489.7
Arunachal Pradesh,Papum Pare,2020,240345.8
Assam,Lakhimpur,2020,1195014.5
Arunachal Pradesh,Tirap,2020,67863.7
Assam,Sivasagar,2020,793377.6
Assam,Jorhat,2020,1030162.4
Nagaland,Mon,2020,230672.5
Assam,Sonitpur,2020,1460814.5
Assam,Golaghat,2020,1341215.4
Nagaland,Longleng,2020,27535.0
Nagaland,Mokokchung,2020,179411.4
Assam,Udalguri,2020,907740.6
Assam,Chirang,2020,635864.1
Assam,Baksa,2020,1213300.8
Assam,Nagaon,2020,2327270.2
Assam,Kokrajhar,2020,1288887.6
Assam,Darrang,2020,1116533.8
Nagaland,Tuensang,2020,194032.6
Assam,Barpeta,2020,1870212.5
Assam,Nalbari,2020,1003259.5
Assam,Morigaon,2020,1119269.2
Assam,Kamrup,2020,1594872.5
Assam,Bongaigaon,2020,796733.1
Assam,Dhubri,2020,1347215.4
Assam,Kamrup Metropolitan,2020,1456519.6
Nagaland,Kiphire,2020,56862.1
Assam,Goalpara,2020,1082069.0
Meghalaya,Ribhoi,2020,366505.6
Assam,Dima Hasao,2020,286047.4
Manipur,Kamjong,2020,61085.0
Meghalaya,West Khasi Hills,2020,333349.2
Nagaland,Peren,2020,95315.4
Manipur,Senapati,2020,471097.1
Meghalaya,East Jaintia Hills,2020,152684.1
Meghalaya,East Khasi Hills,2020,1000321.7
Manipur,Tamenglong,2020,141736.5
Meghalaya,South Garo Hills,2020,175827.4
Assam,Cachar,2020,2117486.8
Manipur,Imphal West,2020,730582.6
Assam,Karimganj,2020,1389625.8
Assam,Hailakandi,2020,722299.6
Manipur,Kakching,2020,172934.3
Manipur,Bishnupur,2020,208993.3
Manipur,Chandel,2020,127892.8
Manipur,Churachandpur,2020,262262.8
Tripura,North Tripura,2020,410887.6
Tripura,Dhalai,2020,429033.7
Tripura,Sipahijala,2020,481240.5
Tripura,Gomati,2020,565319.6
Nagaland,Wokha,2020,170281.0
Nagaland,Zunheboto,2020,127030.3
Nagaland,Phek,2020,175370.2
Meghalaya,West Garo Hills,2020,675960.3
Meghalaya,East Garo Hills,2020,190859.6
Nagaland,Kohima,2020,311078.2
Nagaland,Dimapur,2020,512251.2
Arunachal Pradesh,East Siang,2020,87402.7
Arunachal Pradesh,Lohit,2020,51645.4
Arunachal Pradesh,Kurung Kumey,2020,77667.2
Arunachal Pradesh,Lower Subansiri,2020,98933.3
Arunachal Pradesh,East Kameng,2020,87166.6
Arunachal Pradesh,West Kameng,2020,95923.3
Meghalaya,West Jaintia Hills,2020,360406.2
Meghalaya,South West Khasi Hills,2020,123499.1
Meghalaya,North Garo Hills,2020,205611.8
Meghalaya,South West Garo Hills,2020,164114.7
Tripura,Khowai,2020,332022.7
Tripura,West Tripura,2020,1049984.1
Tripura,South Tripura,2020,357509.0
Tripura,Unokoti,2020,380306.0
Assam,Charaideo,2020,481468.6
Assam,Majuli,2020,130423.6
Assam,Biswanath,2020,653132.6
Assam,Hojai,2020,1148359.9
Assam,South Salmara Mankachar,2020,515210.7
Assam,Karbi Anglong,2020,684879.1
Assam,West Karbi Anglong,2020,365320.6
Arunachal Pradesh,Kra Daadi,2020,94620.4
Arunachal Pradesh,Namsai,2020,118596.0
Arunachal Pradesh,Longding,2020,56999.6
Manipur,Imphal East,2020,374303.8
Manipur,Jiribam,2020,54823.0
Manipur,Kangpokpi,2020,265451.2
Manipur,Thoubal,2020,323609.4
Manipur,Tengnoupal,2020,67959.6
Manipur,Ukhrul,2020,174580.9
Manipur,Noney,2020,57223.9
Manipur,Pherzawl,2020,57956.6
Arunachal Pradesh,Upper Siang,2020,33984.8
Arunachal Pradesh,Lower Siang,2020,19062.9
Arunachal Pradesh,Upper Dibang Valley,2020,10062.6
Arunachal Pradesh,Lower Dibang Valley,2020,60046.0
Arunachal Pradesh,Siang,2020,48088.1
Arunachal Pradesh,Shi Yomi,2020,12441.0
Arunachal Pradesh,Pakke Kessang,2020,21940.9
Arunachal Pradesh,West Siang,2020,49139.1
Arunachal Pradesh,Lepa Rada,2020,22315.8
Arunachal Pradesh,Kamle,2020,24404.6
Andaman and Nicobar Islands,North and Middle Andaman,2020,89838.1
Andaman and Nicobar Islands,South Andaman,2020,131346.5
Andaman and Nicobar Islands,Nicobars,2020,13412.2
Uttar Pradesh,Amroha,2020,2213956.2
Rajasthan,Churu,2020,2218368.0
Uttar Pradesh,Hapur,2020,1836898.0
Delhi,Delhi,2020,18626522.0
Haryana,Jhajjar,2020,1046572.4
Uttar Pradesh,Bareilly,2020,5349433.0
Uttar Pradesh,Pilibhit,2020,2343033.2
Uttar Pradesh,Bulandshahr,2020,4048414.2
Uttar Pradesh,Gautam Buddha Nagar,2020,2459210.8
Uttar Pradesh,Lakhimpur Kheri,2020,4821393.0
Rajasthan,Jhunjhunu,2020,2472238.0
Haryana,Gurugram,2020,2621901.5
Haryana,Faridabad,2020,2685097.5
Haryana,Mahendragarh,2020,979299.0
Haryana,Rewari,2020,1070621.4
Uttar Pradesh,Budaun,2020,3641063.5
Rajasthan,Jaisalmer,2020,856067.6
Uttar Pradesh,Bahraich,2020,4180921.0
Haryana,Nuh,2020,1229342.8
Uttar Pradesh,Shahjahanpur,2020,3599142.0
Rajasthan,Sikar,2020,3015556.5
Haryana,Palwal,2020,1302663.8
Rajasthan,Alwar,2020,4441459.5
Sikkim,North Sikkim,2020,50904.2
Uttar Pradesh,Aligarh,2020,4416395.5
Uttar Pradesh,Kasganj,2020,1600130.4
Uttar Pradesh,Mathura,2020,3026342.5
Rajasthan,Jaipur,2020,8174471.0
Uttar Pradesh,Shrawasti,2020,1370244.2
Rajasthan,Jodhpur,2020,4609144.5
Uttar Pradesh,Sitapur,2020,5386937.0
Rajasthan,Bharatpur,2020,2965668.5
Uttar Pradesh,Hathras,2020,1739037.4
Rajasthan,Nagaur,2020,3822504.5
Uttar Pradesh,Etah,2020,2143617.2
Uttar Pradesh,Hardoi,2020,4787258.0
Uttar Pradesh,Farrukhabad,2020,2092733.6
Sikkim,West Sikkim,2020,137172.3
Sikkim,South Sikkim,2020,166971.5
Sikkim,East Sikkim,2020,332805.1
Uttar Pradesh,Firozabad,2020,2938637.8
Bihar,West Champaran,2020,4947691.0
Uttar Pradesh,Siddharthnagar,2020,3391096.5
Uttar Pradesh,Mainpuri,2020,2163889.0
Uttar Pradesh,Maharajganj,2020,3342779.2
Uttar Pradesh,Agra,2020,5344078.0
Uttar Pradesh,Gonda,2020,4053969.8
Uttar Pradesh,Barabanki,2020,3888390.8
West Bengal,Darjeeling,2020,1923542.4
Rajasthan,Dausa,2020,2205734.8
Uttar Pradesh,Kushinagar,2020,4286585.0
Uttar Pradesh,Kannauj,2020,1927235.4
Uttar Pradesh,Lucknow,2020,5773561.5
West Bengal,Jalpaiguri,2020,2702686.8
Uttar Pradesh,Basti,2020,2721188.0
Uttar Pradesh,Gorakhpur,2020,5126478.0
Uttar Pradesh,Sant Kabir Nagar,2020,1938976.4
Rajasthan,Karauli,2020,1752864.1
Bihar,East Champaran,2020,6346118.0
Uttar Pradesh,Unnao,2020,3672099.0
Uttar Pradesh,Etawah,2020,1857414.6
Rajasthan,Dholpur,2020,1483547.0
Uttar Pradesh,Kanpur Nagar,2020,4994752.5
Uttar Pradesh,Auraiya,2020,1629789.0
Madhya Pradesh,Morena,2020,2322533.0
Rajasthan,Barmer,2020,3330100.5
Uttar Pradesh,Ayodhya,2020,2993798.8
Uttar Pradesh,Kanpur Dehat,2020,1988316.0
Madhya Pradesh,Bhind,2020,1968151.6
Rajasthan,Sawai Madhopur,2020,1536072.2
Uttar Pradesh,Deoria,2020,3331508.5
Bihar,Sitamarhi,2020,4152968.5
Rajasthan,Tonk,2020,1645410.8
Bihar,Sheohar,2020,847868.6
Uttar Pradesh,Sultanpur,2020,2522920.0
Rajasthan,Pali,2020,2283080.0
Bihar,Gopalganj,2020,2842494.2
Uttar Pradesh,Ambedkar Nagar,2020,2900644.0
Uttar Pradesh,Rae Bareli,2020,2684717.2
Uttar Pradesh,Jalaun,2020,1917130.2
Uttar Pradesh,Azamgarh,2020,5101041.5
Madhya Pradesh,Gwalior,2020,2512260.0
Madhya Pradesh,Sheopur,2020,876703.4
Uttar Pradesh,Mau,2020,2567327.0
Uttar Pradesh,Fatehpur,2020,3049922.2
Uttar Pradesh,Ballia,2020,3692521.2
Uttar Pradesh,Jaunpur,2020,4970110.0
Rajasthan,Bhilwara,2020,2833993.8
Bihar,Samastipur,2020,5328069.0
Rajasthan,Jalore,2020,2235776.0
Rajasthan,Bundi,2020,1318518.8
Bihar,Katihar,2020,3698772.5
Uttar Pradesh,Jhansi,2020,2200066.5
Madhya Pradesh,Shivpuri,2020,2066286.2
Rajasthan,Kota,2020,2288651.0
Uttar Pradesh,Banda,2020,2118042.8
Uttar Pradesh,Ghazipur,2020,4212588.0
Uttar Pradesh,Kaushambi,2020,1937595.5
Bihar,Khagaria,2020,2079083.6
Bihar,Bhojpur,2020,3349910.5
Uttar Pradesh,Prayagraj,2020,7115312.0
Bihar,Buxar,2020,1972122.4
West Bengal,Dakshin Dinajpur,2020,1794753.0
West Bengal,Malda,2020,4179517.0
Madhya Pradesh,Tikamgarh,2020,1201056.6
Uttar Pradesh,Varanasi,2020,4260955.5
Bihar,Darbhanga,2020,4590717.0
Bihar,Saharsa,2020,2442629.5
Rajasthan,Sirohi,2020,1222977.8
Uttar Pradesh,Chitrakoot,2020,1289487.0
Uttar Pradesh,Chandauli,2020,2243365.0
Uttar Pradesh,Bhadohi,2020,1760355.0
Rajasthan,Baran,2020,1432295.0
Jharkhand,Sahibganj,2020,1847951.5
Bihar,Kaimur,2020,1948567.0
Bihar,Rohtas,2020,3617100.2
Rajasthan,Udaipur,2020,3651402.0
Jharkhand,Godda,2020,1494368.4
Uttar Pradesh,Mirzapur,2020,3208451.5
Uttar Pradesh,Lalitpur,2020,1491122.6
Bihar,Jamui,2020,2150199.0
Madhya Pradesh,Neemuch,2020,899308.2
Bihar,Banka,2020,2675562.8
Madhya Pradesh,Rewa,2020,2820987.8
Madhya Pradesh,Satna,2020,2584085.0
Madhya Pradesh,Guna,2020,1478093.0
Bihar,Nawada,2020,2861302.0
Bihar,Gaya,2020,5474585.5
Madhya Pradesh,Ashoknagar,2020,1080028.6
Rajasthan,Jhalawar,2020,1722516.8
West Bengal,Murshidabad,2020,8365031.0
Uttar Pradesh,Sonbhadra,2020,2219662.2
Jharkhand,Pakur,2020,1018483.2
Madhya Pradesh,Mandsaur,2020,1413088.9
Bihar,Munger,2020,1731081.8
Jharkhand,Giridih,2020,3024457.0
Jharkhand,Dumka,2020,1517639.8
Madhya Pradesh,Singrauli,2020,1566333.9
West Bengal,Birbhum,2020,4103763.2
Jharkhand,Deoghar,2020,1875063.0
Jharkhand,Palamu,2020,2266014.0
Madhya Pradesh,Sidhi,2020,1273739.8
Jharkhand,Chatra,2020,1296173.1
Jharkhand,Garhwa,2020,1737540.4
Madhya Pradesh,Sagar,2020,2819063.2
Gujarat,Patan,2020,1457801.6
Madhya Pradesh,Damoh,2020,1439527.6
Madhya Pradesh,Shajapur,2020,1033917.9
Madhya Pradesh,Vidisha,2020,1677287.8
Gujarat,Mehsana,2020,2173625.2
Madhya Pradesh,Rajgarh,2020,1791379.5
Madhya Pradesh,Shahdol,2020,1069490.5
West Bengal,Nadia,2020,5402094.0
Jharkhand,Jamtara,2020,903870.2
Rajasthan,Dungarpur,2020,1642133.9
Madhya Pradesh,Katni,2020,1489453.5
Jharkhand,Dhanbad,2020,2977771.0
Rajasthan,Banswara,2020,2231922.8
Madhya Pradesh,Umaria,2020,845526.5
Jharkhand,Latehar,2020,949777.5
Madhya Pradesh,Ratlam,2020,1664583.8
Jharkhand,Bokaro,2020,2455000.5
Jharkhand,Ramgarh,2020,1101526.9
Madhya Pradesh,Bhopal,2020,2918556.5
West Bengal,Purba Bardhaman,2020,4997207.0
Chhattisgarh,Koriya,2020,767701.6
Madhya Pradesh,Ujjain,2020,2288930.2
Gujarat,Gandhinagar,2020,1282569.9
Gujarat,Ahmedabad,2020,8758737.0
Madhya Pradesh,Raisen,2020,1591444.5
West Bengal,Purulia,2020,3406954.5
Madhya Pradesh,Sehore,2020,1589888.2
Jharkhand,Ranchi,2020,3546663.8
West Bengal,Bankura,2020,3998958.0
Jharkhand,Lohardaga,2020,588530.5
Gujarat,Panchmahal,2020,1943226.8
Madhya Pradesh,Jabalpur,2020,2825871.0
Jharkhand,Gumla,2020,1238808.1
Gujarat,Dahod,2020,2771988.5
Madhya Pradesh,Dewas,2020,1821008.8
Madhya Pradesh,Anuppur,2020,904571.3
Madhya Pradesh,Jhabua,2020,1265610.9
West Bengal,North 24 Parganas,2020,11335442.0
Madhya Pradesh,Dindori,2020,934174.1
West Bengal,Hooghly,2020,5537132.0
Jharkhand,Khunti,2020,674319.2
Madhya Pradesh,Narsinghpur,2020,1274099.9
Madhya Pradesh,Dhar,2020,2674228.5
Chhattisgarh,Jashpur,2020,966042.1
Madhya Pradesh,Indore,2020,4263374.0
Jharkhand,Saraikela-Kharsawan,2020,1373291.9
Madhya Pradesh,Mandla,2020,1117221.5
Jharkhand,East Singhbhum,2020,2517605.5
Madhya Pradesh,Hoshangabad,2020,1384558.4
Chhattisgarh,Korba,2020,1379171.2
Jharkhand,West Singhbhum,2020,1791090.5
West Bengal,Howrah,2020,4057800.8
Jharkhand,Simdega,2020,674744.9
West Bengal,Kolkata,2020,2408247.5
Jharkhand,Koderma,2020,888918.5
Jharkhand,Hazaribagh,2020,2124587.0
Bihar,Vaishali,2020,4601034.0
Bihar,Begusarai,2020,3976473.0
Bihar,Bhagalpur,2020,3652595.5
Bihar,Lakhisarai,2020,1213683.0
Bihar,Sheikhpura,2020,805098.1
Bihar,Arwal,2020,584364.4
Bihar,Jehanabad,2020,1327399.8
Bihar,Nalanda,2020,3613030.5
Bihar,Patna,2020,6716837.5
Bihar,Saran,2020,4708186.0
Bihar,Siwan,2020,3841998.5
Bihar,Muzaffarpur,2020,6272986.5
Bihar,Madhepura,2020,2367122.0
Bihar,Araria,2020,3600503.8
Bihar,Supaul,2020,2942627.8
Bihar,Madhubani,2020,5188795.5
Bihar,Purnia,2020,4142711.0
Chhattisgarh,Surajpur,2020,925133.5
Chhattisgarh,Surguja,2020,941530.9
Gujarat,Aravalli,2020,1255812.0
Gujarat,Mahisagar,2020,1009531.3
Uttar Pradesh,Amethi,2020,3159850.0
Uttar Pradesh,Ghaziabad,2020,5448122.0
Madhya Pradesh,Agar Malwa,2020,672523.6
Uttar Pradesh,Sambhal,2020,2857004.8
Haryana,Charkhi Dadri,2020,558917.5
West Bengal,Alipurduar,2020,1370370.5
West Bengal,Paschim Bardhaman,2020,3709822.5
West Bengal,Kalimpong,2020,217272.9
Rajasthan,Ajmer,2020,2977775.2
West Bengal,Cooch Behar,2020,3077840.5
West Bengal,Uttar Dinajpur,2020,3352749.2
Madhya Pradesh,Datia,2020,944301.9
Rajasthan,Rajsamand,2020,1332484.8
Uttar Pradesh,Mahoba,2020,1024072.3
Madhya Pradesh,Chhatarpur,2020,2126492.5
Rajasthan,Chittorgarh,2020,1836246.0
Madhya Pradesh,Panna,2020,1219109.0
Gujarat,Sabarkantha,2020,1573772.0
Gujarat,Kutch,2020,2380335.8
Gujarat,Surendranagar,2020,1794991.2
Gujarat,Kheda,2020,2121311.0
Gujarat,Anand,2020,2614595.5
Bihar,Kishanganj,2020,1992736.5
Gujarat,Morbi,2020,1098545.2
Ladakh,Leh,2020,161376.6
Ladakh,Kargil,2020,157781.1
Jammu and Kashmir,Kupwara,2020,1060945.5
Jammu and Kashmir,Bandipora,2020,383511.8
Jammu and Kashmir,Baramulla,2020,1212006.0
Jammu and Kashmir,Ganderbal,2020,626022.9
Jammu and Kashmir,Anantnag,2020,1298472.8
Jammu and Kashmir,Kishtwar,2020,231805.7
Jammu and Kashmir,Srinagar,2020,794432.1
Jammu and Kashmir,Budgam,2020,1005745.4
Jammu and Kashmir,Pulwama,2020,1049392.0
Jammu and Kashmir,Punch,2020,710109.0
Jammu and Kashmir,Shopiyan,2020,372846.3
Jammu and Kashmir,Kulgam,2020,569614.6
Jammu and Kashmir,Rajouri,2020,678608.4
Jammu and Kashmir,Ramban,2020,345372.3
Jammu and Kashmir,Reasi,2020,371198.1
Jammu and Kashmir,Doda,2020,569173.1
Himachal Pradesh,Lahaul and Spiti,2020,30901.5
Himachal Pradesh,Chamba,2020,581735.2
Jammu and Kashmir,Jammu,2020,1766947.6
Jammu and Kashmir,Kathua,2020,637809.5
Punjab,Gurdaspur,2020,1750568.5
Himachal Pradesh,Kangra,2020,1693441.4
Himachal Pradesh,Kullu,2020,460137.9
Punjab,Hoshiarpur,2020,1765723.9
Punjab,Amritsar,2020,2727519.0
Himachal Pradesh,Mandi,2020,1153528.2
Himachal Pradesh,Kinnaur,2020,88114.0
Himachal Pradesh,Una,2020,581418.9
Himachal Pradesh,Shimla,2020,909622.9
Punjab,Jalandhar,2020,2503832.2
Punjab,Tarn Taran,2020,1258755.2
Punjab,Rupnagar,2020,743450.8
Uttarakhand,Uttarkashi,2020,410054.8
Himachal Pradesh,Solan,2020,671212.6
Punjab,Shahid Bhagat Singh Nagar,2020,598791.4
Punjab,Fazilka,2020,1161967.6
Punjab,Moga,2020,1033514.1
Punjab,Ludhiana,2020,4006882.5
Uttarakhand,Chamoli,2020,427166.0
Uttarakhand,Dehradun,2020,2116438.5
Himachal Pradesh,Sirmaur,2020,579425.5
Punjab,S.A.S. Nagar,2020,1821559.2
Punjab,Faridkot,2020,660026.6
Punjab,Fatehgarh Sahib,2020,621779.2
Uttarakhand,Tehri Garhwal,2020,654999.6
Chandigarh,Chandigarh,2020,721240.1
Punjab,Sri Muktsar Sahib,2020,1143915.2
Uttarakhand,Rudraprayag,2020,247659.8
Uttarakhand,Pithoragarh,2020,490140.9
Punjab,Sangrur,2020,1795196.2
Punjab,Barnala,2020,683394.5
Punjab,Bathinda,2020,1666564.4
Punjab,Patiala,2020,2274858.5
Haryana,Yamunanagar,2020,1402603.4
Uttar Pradesh,Saharanpur,2020,4063120.0
Rajasthan,Ganganagar,2020,2179275.5
Punjab,Mansa,2020,743045.4
Haryana,Kurukshetra,2020,1100570.8
Uttarakhand,Bageshwar,2020,267300.1
Uttarakhand,Haridwar,2020,2395280.5
Uttarakhand,Pauri Garhwal,2020,757288.5
Haryana,Kaithal,2020,1234648.5
Haryana,Sirsa,2020,1527747.5
Rajasthan,Hanumangarh,2020,2014444.0
Haryana,Karnal,2020,1695396.2
Uttarakhand,Almora,2020,618592.6
Haryana,Jind,2020,1469226.0
Haryana,Fatehabad,2020,1033073.9
Uttar Pradesh,Bijnor,2020,4351500.0
Uttar Pradesh,Muzaffarnagar,2020,3370638.0
Haryana,Hisar,2020,1974945.8
Uttarakhand,Nainital,2020,1086863.9
Haryana,Panipat,2020,1448028.6
Uttarakhand,Champawat,2020,280342.3
Uttarakhand,Udham Singh Nagar,2020,2190377.5
Haryana,Sonipat,2020,1888638.2
Uttar Pradesh,Baghpat,2020,1285881.4
Uttar Pradesh,Meerut,2020,3859757.0
Uttar Pradesh,Moradabad,2020,3646903.5
Rajasthan,Bikaner,2020,3115050.0
Uttar Pradesh,Rampur,2020,2854179.5
Haryana,Bhiwani,2020,1274142.2
Haryana,Rohtak,2020,1197040.2
Uttar Pradesh,Shamli,2020,1411414.5
Punjab,Ferozepur,2020,1041925.6
Punjab,Pathankot,2020,703047.8
Jammu and Kashmir,Udhampur,2020,685875.4
Jammu and Kashmir,Samba,2020,424674.6
Punjab,Kapurthala,2020,791625.1
Haryana,Panchkula,2020,596411.8
Haryana,Ambala,2020,1285415.2
Bihar,Aurangabad,2020,3188674.8
Chhattisgarh,Balrampur,2020,851132.5
Uttar Pradesh,Balrampur,2020,2555757.8
Uttar Pradesh,Hamirpur,2020,1237838.2
Himachal Pradesh,Hamirpur,2020,511949.8
Rajasthan,Pratapgarh,2020,1086449.4
Uttar Pradesh,Pratapgarh,2020,3932686.2
Himachal Pradesh,Bilaspur,2020,486542.4
Madhya Pradesh,Niwari,2020,453012.7
Jammu and Kashmir,Muzaffarabad,2020,13940.9
Jammu and Kashmir,Mirpur,2020,3758.6
Gujarat,Banaskantha,2020,2551999.0
Gujarat,Vav-Tharad,2020,1175472.0
