Year,State,District,Total_Cases,Total_Deaths
2000,Andaman And Nicobar Islands,Andaman,530,0
2000,Andaman And Nicobar Islands,Nicobars,472,1
2000,Andhra Pradesh,Adilabad,1798,2
2000,Andhra Pradesh,Anantapur,1301,0
2000,Andhra Pradesh,Chittoor,291,1
2000,Andhra Pradesh,East Godavari,19693,0
2000,Andhra Pradesh,Guntur,1501,0
2000,Andhra Pradesh,Hyderabad,802,0
2000,Andhra Pradesh,Karimnagar,1801,0
2000,Andhra Pradesh,Khammam,5493,1
2000,Andhra Pradesh,Krishna,10007,0
2000,Andhra Pradesh,Kurnool,4802,0
2000,Andhra Pradesh,Mahabubnagar,199,0
2000,Andhra Pradesh,Medak,32,0
2000,Andhra Pradesh,Nalgonda,51,0
2000,Andhra Pradesh,Nizamabad,503,0
2000,Andhra Pradesh,Prakasam,1402,0
2000,Andhra Pradesh,Ranga Reddy,401,0
2000,Andhra Pradesh,SPSR Nellore,1106,0
2000,Andhra Pradesh,Srikakulam,4201,0
2000,Andhra Pradesh,Visakhapatanam,16163,2
2000,Andhra Pradesh,Vizianagaram,5603,0
2000,Andhra Pradesh,Warangal,1203,0
2000,Andhra Pradesh,West Godavari,605,0
2000,Andhra Pradesh,Y.S.R.,1599,0
2000,Arunachal Pradesh,Changlang,6262,0
2000,Arunachal Pradesh,Dibang Valley,5272,0
2000,Arunachal Pradesh,East Kameng,1937,0
2000,Arunachal Pradesh,East Siang,10009,0
2000,Arunachal Pradesh,Lohit,3893,0
2000,Arunachal Pradesh,Lower Subansiri,273,0
2000,Arunachal Pradesh,Papum Pare,3708,0
2000,Arunachal Pradesh,Tirap,3122,0
2000,Arunachal Pradesh,Upper Siang,474,0
2000,Arunachal Pradesh,Upper Subansiri,652,0
2000,Arunachal Pradesh,West Kameng,452,0
2000,Arunachal Pradesh,West Siang,10111,0
2000,Arunachal Pradesh,Barpeta,1335,1
2000,Arunachal Pradesh,Bongaigaon,2649,0
2000,Arunachal Pradesh,Cachar,3896,1
2000,Arunachal Pradesh,Darrang,15594,0
2000,Arunachal Pradesh,Dhemaji,826,0
2000,Arunachal Pradesh,Dhubri,2072,1
2000,Arunachal Pradesh,Dibrugarh,70,0
2000,Arunachal Pradesh,Dima Hasao,3490,1
2000,Arunachal Pradesh,Goalpara,5178,0
2000,Arunachal Pradesh,Golaghat,157,0
2000,Arunachal Pradesh,Hailakandi,5216,0
2000,Arunachal Pradesh,Jorhat,214,0
2000,Arunachal Pradesh,Kamrup,7063,0
2000,Arunachal Pradesh,Karbi Anglong,16679,20
2000,Arunachal Pradesh,Karimganj,477,0
2000,Arunachal Pradesh,Kokrajhar,3688,2
2000,Arunachal Pradesh,Lakhimpur,2017,0
2000,Arunachal Pradesh,Marigaon,481,1
2000,Arunachal Pradesh,Nagaon,4724,4
2000,Arunachal Pradesh,Nalbari,1516,1
2000,Arunachal Pradesh,Sivasagar,47,1
2000,Arunachal Pradesh,Sonitpur,6089,10
2000,Arunachal Pradesh,Tinsukia,1437,0
2000,Bihar,Araria,0,0
2000,Bihar,Aurangabad,2052,0
2000,Bihar,Banka,0,0
2000,Bihar,Begusarai,0,0
2000,Bihar,Bhagalpur,32,0
2000,Bihar,Bhojpur,11,0
2000,Bihar,Buxar,0,0
2000,Bihar,Darbhanga,0,0
2000,Bihar,Gaya,1436,0
2000,Bihar,Gopalganj,7,0
2000,Bihar,Jamui,1514,0
2000,Bihar,Jehanabad,0,0
2000,Bihar,Kaimur (Bhabua),850,0
2000,Bihar,Katihar,0,0
2000,Bihar,Khagaria,0,0
2000,Bihar,Kishanganj,0,0
2000,Bihar,Lakhisarai,3,0
2000,Bihar,Madhepura,0,0
2000,Bihar,Madhubani,0,0
2000,Bihar,Munger,21,0
2000,Bihar,Muzaffarpur,86,0
2000,Bihar,Nalanda,4,0
2000,Bihar,Nawada,2712,1
2000,Bihar,Pashchim Champaran,4,0
2000,Bihar,Patna,263,1
2000,Bihar,Purbi Champaran,1,0
2000,Bihar,Purnia,7,0
2000,Bihar,Rohtas,466,0
2000,Bihar,Saharsa,0,0
2000,Bihar,Samastipur,9,0
2000,Bihar,Saran,21,0
2000,Bihar,Sheikhpura,0,0
2000,Bihar,Sheohar,0,0
2000,Bihar,Sitamarhi,1,0
2000,Bihar,Siwan,9,0
2000,Bihar,Supaul,0,0
2000,Bihar,Vaishali,0,0
2000,Chandigarh,Chandigarh,256,0
2000,Chhattisgarh,Bastar,37883,18
2000,Chhattisgarh,Bilaspur,14606,1
2000,Chhattisgarh,Dantewada,20569,4
2000,Chhattisgarh,Dhamtari,17327,0
2000,Chhattisgarh,Durg,8463,0
2000,Chhattisgarh,Janjgir-Champa,5303,7
2000,Chhattisgarh,Jashpur,43047,0
2000,Chhattisgarh,Kabirdham,1432,0
2000,Chhattisgarh,Kanker,69931,7
2000,Chhattisgarh,Korba,26210,9
2000,Chhattisgarh,Korea,11035,3
2000,Chhattisgarh,Mahasamund,10523,3
2000,Chhattisgarh,Raigarh,28007,6
2000,Chhattisgarh,Raipur,11415,3
2000,Chhattisgarh,RajnandGaon,11765,0
2000,Chhattisgarh,Surguja,41639,2
2000,D & N Haveli,Dadra And Nagar Haveli,2415,0
2000,Daman & Diu,Daman,116,0
2000,Daman & Diu,Diu,16,0
2000,Delhi,New Delhi,2631,0
2000,Goa,Goa,9164,11
2000,Gujarat,Ahmadabad,910,0
2000,Gujarat,Ahmadabad MC#,1075,2
2000,Gujarat,Amreli,746,0
2000,Gujarat,Banas kantha,513,0
2000,Gujarat,Bharuch,1936,0
2000,Gujarat,Bhavnagar,519,0
2000,Gujarat,Dang,368,0
2000,Gujarat,Gandhinagar,480,0
2000,Gujarat,Jamnagar,1119,0
2000,Gujarat,Junagadh,2460,0
2000,Gujarat,Kachchh,2580,0
2000,Gujarat,Kheda,2671,0
2000,Gujarat,Mahesana,673,0
2000,Gujarat,Panch Mahals,4330,0
2000,Gujarat,Rajkot,643,0
2000,Gujarat,Sabar kantha,839,0
2000,Gujarat,Surat,9498,0
2000,Gujarat,Surendranagar,1395,0
2000,Gujarat,Vadodara,3152,0
2000,Gujarat,Valsad,805,0
2000,Gujarat,Ambala,29,0
2000,Gujarat,Bhiwani,45,0
2000,Gujarat,Faridabad,410,0
2000,Gujarat,Fatehabad,7,0
2000,Gujarat,Gurugram,93,0
2000,Gujarat,Hisar,15,0
2000,Gujarat,Jhajjar,68,0
2000,Haryana,Jind,12,0
2000,Haryana,Kaithal,2,0
2000,Haryana,Karnal,3,0
2000,Haryana,Kurukshetra,1,0
2000,Haryana,Mahendragarh,162,0
2000,Haryana,Panchkula,44,0
2000,Haryana,Panipat,3,0
2000,Haryana,Rewari,57,0
2000,Haryana,Rohtak,24,0
2000,Haryana,Sirsa,3,0
2000,Haryana,Sonipat,55,0
2000,Haryana,Yamunanagar,17,0
2000,Himachal Pradesh,Bilaspur,29,0
2000,Himachal Pradesh,Chamba,14,0
2000,Himachal Pradesh,Hamirpur,33,0
2000,Himachal Pradesh,Kangra,191,0
2000,Himachal Pradesh,Kullu,29,0
2000,Himachal Pradesh,Mandi,74,0
2000,Himachal Pradesh,Shimla,46,0
2000,Himachal Pradesh,Sirmaur,29,0
2000,Himachal Pradesh,Solan,18,0
2000,Himachal Pradesh,Una,28,0
2000,Jammu And Kashmir,Baramulla,5,0
2000,Jammu And Kashmir,Doda,231,0
2000,Jammu And Kashmir,Jammu,347,0
2000,Jammu And Kashmir,Kargil,0,0
2000,Jammu And Kashmir,Kathua,84,0
2000,Jammu And Kashmir,Leh Ladakh,0,0
2000,Jammu And Kashmir,Poonch,477,0
2000,Jammu And Kashmir,Rajouri,1748,0
2000,Jammu And Kashmir,Udhampur,153,0
2000,Jharkhand,Bokaro,3751,0
2000,Jharkhand,Chatra,2497,0
2000,Jharkhand,Deoghar,194,0
2000,Jharkhand,Dhanbad,2283,0
2000,Jharkhand,Dumka,3880,0
2000,Jharkhand,East Singhbum,9149,1
2000,Jharkhand,Garhwa,12760,0
2000,Jharkhand,Giridih,4690,0
2000,Jharkhand,Godda,1531,0
2000,Jharkhand,Gumla,26000,2
2000,Jharkhand,Hazaribagh,9490,0
2000,Jharkhand,Koderma,586,0
2000,Jharkhand,Lohardaga,4167,2
2000,Jharkhand,Pakur,984,0
2000,Jharkhand,Palamu,37414,11
2000,Jharkhand,Ranchi,6327,0
2000,Jharkhand,Sahebganj,2261,0
2000,Jharkhand,West Singhbhum,5489,0
2000,Karnataka,A.M.U. Almatti#,1782,0
2000,Karnataka,A.M.U. B. Gudi#,123,0
2000,Karnataka,A.M.U. Kembhavi#,440,0
2000,Karnataka,Bagalkote,5182,0
2000,Karnataka,Ballari,4192,0
2000,Karnataka,Belagavi,2689,1
2000,Karnataka,Bengaluru Rural,426,0
2000,Karnataka,Bengaluru Urban,278,1
2000,Karnataka,Bidar,1431,0
2000,Karnataka,Chamarajanagara,65,0
2000,Karnataka,Chikkamagaluru,3680,1
2000,Karnataka,Chitradurga,18240,2
2000,Karnataka,Dakshina Kannada,2653,0
2000,Karnataka,Davangere,96,0
2000,Karnataka,Dharwad,206,1
2000,Karnataka,Gadag,337,0
2000,Karnataka,Hassan,3230,0
2000,Karnataka,Haveri,122,0
2000,Karnataka,Kalaburagi,7535,0
2000,Karnataka,Kodagu,48,0
2000,Karnataka,Kolar,4144,0
2000,Karnataka,Koppal,4557,0
2000,Karnataka,Mandya,8517,2
2000,Karnataka,Mysuru,2377,1
2000,Karnataka,Raichur,12194,0
2000,Karnataka,Shivamogga,233,1
2000,Karnataka,Tumakuru,14296,2
2000,Karnataka,U.K.P.N. PURA#,2954,0
2000,Karnataka,Udupi,1186,1
2000,Karnataka,Uttara Kannada,131,0
2000,Karnataka,Vijayapura,5774,1
2000,Kerala,Alappuzha,342,1
2000,Kerala,Ernakulam,118,1
2000,Kerala,Idukki,29,0
2000,Kerala,Kannur,255,1
2000,Kerala,Kasaragod,366,1
2000,Kerala,Kollam,315,0
2000,Kerala,Kottayam,61,1
2000,Kerala,Kozhikode,255,0
2000,Kerala,Malappuram,335,2
2000,Kerala,Palakkad,121,0
2000,Kerala,Pathanamthitta,255,0
2000,Kerala,Thiruvananthapuram,179,1
2000,Kerala,Thrissur,284,1
2000,Kerala,Wayanad,25,0
2000,Lakshadweep,Lakshadweep District,5,0
2000,Lakshadweep,Balaghat,6310,0
2000,Lakshadweep,Barwani,784,0
2000,Lakshadweep,Betul,16764,27
2000,Madhya Pradesh,Bhind,2790,0
2000,Madhya Pradesh,Bhopal,4449,1
2000,Madhya Pradesh,Chhatarpur,4051,0
2000,Madhya Pradesh,Chhindwara,13170,8
2000,Madhya Pradesh,Damoh,2093,0
2000,Madhya Pradesh,Datia,154,0
2000,Madhya Pradesh,Dewas,721,0
2000,Madhya Pradesh,Dhar,2088,0
2000,Madhya Pradesh,Dindori,20135,3
2000,Madhya Pradesh,East Nimar,2143,0
2000,Madhya Pradesh,Guna,4007,0
2000,Madhya Pradesh,Gwalior,1799,0
2000,Madhya Pradesh,Harda,1362,2
2000,Madhya Pradesh,Indore,1119,0
2000,Madhya Pradesh,Jabalpur,1541,0
2000,Madhya Pradesh,Jhabua,3941,0
2000,Madhya Pradesh,Katni,1278,0
2000,Madhya Pradesh,Khargone,2100,0
2000,Madhya Pradesh,Mandla,29946,10
2000,Madhya Pradesh,Mandsaur,770,0
2000,Madhya Pradesh,Morena,869,0
2000,Madhya Pradesh,Narmadapuram,2507,0
2000,Madhya Pradesh,Narsinghpur,2791,0
2000,Madhya Pradesh,Neemuch,592,0
2000,Madhya Pradesh,Panna,1078,0
2000,Madhya Pradesh,Raisen,1318,0
2000,Madhya Pradesh,Rajgarh,1703,0
2000,Madhya Pradesh,Ratlam,2083,0
2000,Madhya Pradesh,Rewa,2395,3
2000,Madhya Pradesh,Sagar,12739,0
2000,Madhya Pradesh,Satna,3418,0
2000,Madhya Pradesh,Sehore,2633,0
2000,Madhya Pradesh,Seoni,16326,4
2000,Madhya Pradesh,Shahdol,8235,1
2000,Madhya Pradesh,Shajapur,951,0
2000,Madhya Pradesh,Sheopur,985,0
2000,Madhya Pradesh,Shivpuri,3635,0
2000,Madhya Pradesh,Sidhi,2071,33
2000,Madhya Pradesh,Tikamgarh,1997,0
2000,Madhya Pradesh,Ujjain,214,0
2000,Madhya Pradesh,Umaria,764,0
2000,Madhya Pradesh,Vidisha,1870,1
2000,Madhya Pradesh,Ahmednagar,1180,2
2000,Madhya Pradesh,Akola,1106,1
2000,Madhya Pradesh,Amravati,1929,0
2000,Madhya Pradesh,Aurangabad,1850,3
2000,Madhya Pradesh,Beed,1740,0
2000,Madhya Pradesh,Bhandara,1374,1
2000,Madhya Pradesh,Buldhana,880,1
2000,Maharashtra,Chandrapur,4136,1
2000,Maharashtra,Dhule,1367,0
2000,Maharashtra,Gadchiroli,17865,3
2000,Maharashtra,Gondia,3931,3
2000,Maharashtra,Hingoli,193,0
2000,Maharashtra,Jalgaon,1265,0
2000,Maharashtra,Jalna,321,0
2000,Maharashtra,Kolhapur,266,1
2000,Maharashtra,Latur,860,0
2000,Maharashtra,Mumbai,11222,5
2000,Maharashtra,Nagpur,2459,2
2000,Maharashtra,Nagpur MC#,393,0
2000,Maharashtra,Nanded,1160,0
2000,Maharashtra,Nandurbar,1044,0
2000,Maharashtra,Nashik,513,0
2000,Maharashtra,Osmanabad,535,0
2000,Maharashtra,Parbhani,699,0
2000,Maharashtra,Pune,1544,4
2000,Maharashtra,Pune MC#,147,0
2000,Maharashtra,Raigad,3695,3
2000,Maharashtra,Ratnagiri,878,0
2000,Maharashtra,Sangli,486,1
2000,Maharashtra,Satara,1343,2
2000,Maharashtra,Sindhudurg,270,0
2000,Maharashtra,Solapur,2219,3
2000,Maharashtra,Thane,6319,4
2000,Maharashtra,Wardha,1411,0
2000,Maharashtra,Washim,718,0
2000,Maharashtra,Yavatmal,4088,0
2000,Manipur,Bishnupur,43,0
2000,Manipur,Chandel,50,0
2000,Manipur,Churachandpur,173,0
2000,Manipur,Imphal,266,0
2000,Manipur,Senapati,91,0
2000,Manipur,Tamenglong,208,0
2000,Manipur,Thoubal,158,0
2000,Manipur,Ukhrul,75,0
2000,Meghalaya,Garo Hills,7052,5
2000,Meghalaya,Khasi Hills,2654,2
2000,Meghalaya,West Jaintia Hills,3993,4
2000,Mizoram,Aizawl,1092,5
2000,Mizoram,Aizawl West#,4793,24
2000,Mizoram,Chhimtuipui#,1211,2
2000,Mizoram,Lunglei,1963,2
2000,Mizoram,Mon,94,0
2000,Mizoram,Dimapur,47,0
2000,Mizoram,Kohima,228,0
2000,Mizoram,Mokokchung,1429,0
2000,Mizoram,Phek,213,0
2000,Mizoram,Tuensang,405,0
2000,Mizoram,UVBDS Dimapur#,553,0
2000,Mizoram,Wokha,333,0
2000,Mizoram,Zunheboto,141,0
2000,Odisha,Anugul,16327,49
2000,Odisha,Balangir,25324,6
2000,Odisha,Baleshwar,7431,15
2000,Odisha,Bargarh,17076,5
2000,Odisha,Bhadrak,1104,6
2000,Odisha,Boudh,2405,0
2000,Odisha,Cuttack,3918,1
2000,Odisha,Deogarh,11231,9
2000,Odisha,Dhenkanal,25011,4
2000,Odisha,Gajapati,13008,0
2000,Odisha,Ganjam,16418,6
2000,Odisha,Jagatsinghapur,228,0
2000,Odisha,Jajapur,4809,3
2000,Odisha,Jharsuguda,4141,1
2000,Odisha,Kalahandi,25151,49
2000,Odisha,Kandhamal,37545,13
2000,Odisha,Kendrapara,773,1
2000,Odisha,Kendujhar,51565,108
2000,Odisha,Khordha,4677,0
2000,Odisha,Koraput,19283,35
2000,Odisha,Malkangiri,13919,12
2000,Odisha,Mayurbhanj,31161,27
2000,Odisha,Nabarangpur,13200,14
2000,Odisha,Nayagarh,4688,5
2000,Odisha,Nuapada,30994,32
2000,Odisha,Puri,486,0
2000,Odisha,Rayagada,18461,5
2000,Odisha,Sambalpur,17918,0
2000,Odisha,Sonepur,9407,0
2000,Odisha,Sundargarh,81838,61
2000,Puducherry,Karaikal,14,0
2000,Puducherry,Mahe,3,0
2000,Puducherry,Pondicherry,118,0
2000,Puducherry,Yanam,2,0
2000,Puducherry,Amritsar,35,0
2000,Puducherry,Bathinda,36,1
2000,Puducherry,Faridkot,19,0
2000,Puducherry,Fatehgarh Sahib,2,0
2000,Puducherry,Ferozepur,58,0
2000,Puducherry,Gurdaspur,14,0
2000,Puducherry,Hoshiarpur,19,0
2000,Puducherry,Jalandhar,13,0
2000,Puducherry,Kapurthala,78,0
2000,Puducherry,Ludhiana,17,0
2000,Puducherry,Mansa,3,0
2000,Puducherry,Moga,35,0
2000,Puducherry,Patiala,19,0
2000,Puducherry,Rupnagar,14,0
2000,Puducherry,S.A.S Nagar,8,0
2000,Puducherry,Sangrur,106,0
2000,Puducherry,Sri Muktsar Sahib,17,0
2000,Rajasthan,Ajmer,1041,1
2000,Rajasthan,Alwar,1902,0
2000,Rajasthan,Banswara,800,0
2000,Rajasthan,Baran,1054,0
2000,Rajasthan,Barmer,1497,0
2000,Rajasthan,Bharatpur,1375,0
2000,Rajasthan,Bhilwara,3662,0
2000,Rajasthan,Bikaner,836,1
2000,Rajasthan,Bundi,2514,0
2000,Rajasthan,Chittorgarh,1328,0
2000,Rajasthan,Churu,460,1
2000,Rajasthan,Dausa,652,0
2000,Rajasthan,Dholpur,551,0
2000,Rajasthan,Dungarpur,1168,0
2000,Rajasthan,Ganganagar,85,0
2000,Rajasthan,Hanumangarh,114,0
2000,Rajasthan,Jaipur,1527,2
2000,Rajasthan,Jaisalmer,1505,1
2000,Rajasthan,Jalore,344,0
2000,Rajasthan,Jhalawar,501,0
2000,Rajasthan,Jhunjhunu,258,1
2000,Rajasthan,Jodhpur,728,0
2000,Rajasthan,Karauli,1295,1
2000,Rajasthan,Kota,2100,0
2000,Rajasthan,Nagaur,781,0
2000,Rajasthan,Pali,1315,0
2000,Rajasthan,Rajsamand,448,2
2000,Rajasthan,Sawai Madhopur,2068,0
2000,Rajasthan,Sikar,414,0
2000,Rajasthan,Sirohi,557,0
2000,Rajasthan,Tonk,1065,0
2000,Rajasthan,Udaipur,2028,0
2000,Sikkim,Gangtok,10,0
2000,Sikkim,Gyalshing,0,0
2000,Sikkim,Mangan,0,0
2000,Sikkim,Namchi,6,0
2000,Sikkim,Aranthangi#,26,0
2000,Sikkim,Chengalpattu,97,0
2000,Sikkim,Chennai,31861,0
2000,Sikkim,Cheyyar#,82,0
2000,Sikkim,Coimbatore,7,0
2000,Sikkim,Cuddalore,42,0
2000,Sikkim,Dharapuram#,5,0
2000,Tamil Nadu,Dharmapuri,401,0
2000,Tamil Nadu,Dindigul,357,0
2000,Tamil Nadu,Erode,555,0
2000,Tamil Nadu,Kallakurichi,170,0
2000,Tamil Nadu,Kanchipuram,9,0
2000,Tamil Nadu,Kanniyakumari,992,0
2000,Tamil Nadu,Karur,4,0
2000,Tamil Nadu,Kovilpatti#,42,0
2000,Tamil Nadu,Krishnagiri,27,0
2000,Tamil Nadu,Madurai,31,0
2000,Tamil Nadu,Nagapattinam,179,0
2000,Tamil Nadu,Namakkal,446,0
2000,Tamil Nadu,Palani#,11,0
2000,Tamil Nadu,Paramakudi#,105,0
2000,Tamil Nadu,Perambalur,57,0
2000,Tamil Nadu,Poonamallee#,1605,0
2000,Tamil Nadu,Pudukkottai,18,0
2000,Tamil Nadu,Ramanathapuram,814,0
2000,Tamil Nadu,Salem,1527,0
2000,Tamil Nadu,Sivaganga,46,0
2000,Tamil Nadu,Sivakasi#,24,0
2000,Tamil Nadu,Tenkasi,46,0
2000,Tamil Nadu,Thanjavur,38,0
2000,Tamil Nadu,The Nilgiris,6,0
2000,Tamil Nadu,Theni,0,0
2000,Tamil Nadu,Thiruvallur,115,0
2000,Tamil Nadu,Thiruvarur,62,0
2000,Tamil Nadu,Tiruchirappalli,70,0
2000,Tamil Nadu,Tirunelveli,622,0
2000,Tamil Nadu,Tirupathur,118,0
2000,Tamil Nadu,Tiruppur,4,0
2000,Tamil Nadu,Tiruvannamalai,459,0
2000,Tamil Nadu,Tuticorin,1313,0
2000,Tamil Nadu,Vellore,489,1
2000,Tamil Nadu,Villupuram,168,0
2000,Tamil Nadu,Virudhunagar,3,0
2000,Tripura,Dhalai,703,0
2000,Tripura,North Tripura,1153,2
2000,Tripura,South Tripura,9487,2
2000,Tripura,West Tripura,902,2
2000,Tripura,Agra,328,0
2000,Tripura,Aligarh,1523,0
2000,Tripura,Ambedkar Nagar,6,0
2000,Tripura,Amroha,0,0
2000,Tripura,Auraiya,0,0
2000,Tripura,Ayodhya,1,0
2000,Tripura,Azamgarh,3,0
2000,Tripura,Baghpat,0,0
2000,Tripura,Bahraich,2747,0
2000,Tripura,Ballia,16,0
2000,Tripura,Balrampur,7,0
2000,Tripura,Banda,781,0
2000,Tripura,Barabanki,0,0
2000,Tripura,Bareilly,1501,0
2000,Tripura,Basti,66,0
2000,Tripura,Bhadohi,2841,0
2000,Tripura,Bijnor,1338,0
2000,Tripura,Budaun,3794,0
2000,Tripura,Bulandshahr,2539,0
2000,Tripura,Chandauli,1001,0
2000,Tripura,Chitrakoot,314,0
2000,Tripura,Deoria,19,0
2000,Tripura,Etah,1741,0
2000,Tripura,Etawah,944,0
2000,Tripura,Farrukhabad,2081,0
2000,Tripura,Fatehpur,359,0
2000,Tripura,Firozabad,1200,0
2000,Tripura,Gautam Buddha Nagar,1530,0
2000,Tripura,Ghaziabad,663,0
2000,Tripura,Ghazipur,2,0
2000,Tripura,Gonda,26,0
2000,Tripura,Gorakhpur,19,0
2000,Tripura,Hamirpur,2257,0
2000,Tripura,Hardoi,54,0
2000,Tripura,Hathras,470,0
2000,Tripura,Jalaun,489,0
2000,Tripura,Jaunpur,223,0
2000,Tripura,Jhansi,1768,0
2000,Tripura,Kannauj,0,0
2000,Tripura,Kanpur Dehat,297,0
2000,Tripura,Kanpur Nagar,428,0
2000,Tripura,Kaushambi,167,0
2000,Tripura,Kheri,916,0
2000,Tripura,Kushi Nagar,168,0
2000,Tripura,Lalitpur,726,0
2000,Tripura,Lucknow,28,0
2000,Tripura,Maharajganj,139,0
2000,Tripura,Mahoba,1006,0
2000,Tripura,Mainpuri,1644,0
2000,Tripura,Mathura,1671,0
2000,Tripura,Mau,60,0
2000,Tripura,Meerut,245,0
2000,Tripura,Mirzapur,20313,0
2000,Tripura,Moradabad,1729,0
2000,Tripura,Muzaffarnagar,532,0
2000,Tripura,Pilibhit,41,0
2000,Tripura,Pratapgarh,228,0
2000,Tripura,Prayagraj,3737,0
2000,Tripura,Rae Bareli,147,0
2000,Tripura,Rampur,1329,0
2000,Tripura,Saharanpur,486,0
2000,Tripura,Sant Kabeer Nagar,0,0
2000,Tripura,Shahjahanpur,45,0
2000,Tripura,Shravasti,19,0
2000,Tripura,Siddharth Nagar,47,0
2000,Tripura,Sitapur,763,0
2000,Tripura,Sonbhadra,26661,0
2000,Tripura,Sultanpur,403,0
2000,Tripura,Unnao,17,0
2000,Tripura,Varanasi,328,0
2000,Uttarakhand,Almora,33,0
2000,Uttarakhand,Bageshwar,0,0
2000,Uttarakhand,Chamoli,49,0
2000,Uttarakhand,Champawat,0,0
2000,Uttarakhand,Dehradun,64,0
2000,Uttarakhand,Haridwar,735,0
2000,Uttarakhand,Nainital,188,0
2000,Uttarakhand,Pauri Garhwal,94,0
2000,Uttarakhand,Pithoragarh,21,0
2000,Uttarakhand,Rudra Prayag,0,0
2000,Uttarakhand,Tehri Garhwal,13,0
2000,Uttarakhand,Udam Singh Nagar,805,0
2000,Uttarakhand,Uttar Kashi,6,0
2000,Uttarakhand,24 Paraganas North,234,0
2000,Uttarakhand,24 Paraganas South,238,0
2000,Uttarakhand,Arambagh#,163,0
2000,Uttarakhand,Bankura,3790,4
2000,Uttarakhand,Bardhaman,170,3
2000,Uttarakhand,Barrackpore#,4,0
2000,Uttarakhand,Basirhat HD#,65,0
2000,Uttarakhand,Birbhum,155,4
2000,Uttarakhand,Chandan nagar#,22,0
2000,Uttarakhand,Contai#,350,0
2000,Uttarakhand,Coochbehar,3870,2
2000,Uttarakhand,Darjeeling,186,0
2000,Uttarakhand,Diamond Harbour HD#,392,0
2000,Uttarakhand,Dinajpur Dakshin,148,0
2000,Uttarakhand,Dinajpur Uttar,230,0
2000,Uttarakhand,Ghatal#,87,0
2000,Uttarakhand,Hooghly,49,1
2000,Uttarakhand,Howrah,66,0
2000,Uttarakhand,Jalpaiguri,20522,16
2000,Uttarakhand,Jangipur (N)#,391,0
2000,Uttarakhand,Kalna#,39,0
2000,Uttarakhand,Kandi#,109,0
2000,Uttarakhand,Katwa#,14,0
2000,Uttarakhand,KMUHO#,412,0
2000,Uttarakhand,Kolkata,84438,55
2000,Uttarakhand,Maldah,793,0
2000,Uttarakhand,Midnapur,1582,0
2000,Uttarakhand,Murshidabad,73,0
2000,Uttarakhand,Nadia,488,0
2000,Uttarakhand,Purulia,25126,14
2000,Uttarakhand,Serampore#,21,0
2000,Uttarakhand,Tamluk#,598,1
2000,Uttarakhand,Uluberia#,370,0
2000,Uttarakhand,Vishnupur#,127,3
2001,Andaman And Nicobar Islands,Andaman,491,1
2001,Andaman And Nicobar Islands,Nicobars,434,0
2001,Andhra Pradesh,Adilabad,1818,0
2001,Andhra Pradesh,Anantapur,995,0
2001,Andhra Pradesh,Chittoor,228,0
2001,Andhra Pradesh,East Godavari,11466,0
2001,Andhra Pradesh,Guntur,907,0
2001,Andhra Pradesh,Hyderabad,627,0
2001,Andhra Pradesh,Karimnagar,1867,1
2001,Andhra Pradesh,Khammam,4316,0
2001,Andhra Pradesh,Krishna,5316,0
2001,Andhra Pradesh,Kurnool,2614,0
2001,Andhra Pradesh,Mahabubnagar,160,0
2001,Andhra Pradesh,Medak,29,0
2001,Andhra Pradesh,Nalgonda,35,0
2001,Andhra Pradesh,Nizamabad,237,0
2001,Andhra Pradesh,Prakasam,968,0
2001,Andhra Pradesh,Ranga Reddy,400,0
2001,Andhra Pradesh,SPSR Nellore,84,0
2001,Andhra Pradesh,Srikakulam,2928,0
2001,Andhra Pradesh,Visakhapatanam,17124,0
2001,Andhra Pradesh,Vizianagaram,3821,0
2001,Andhra Pradesh,Warangal,521,0
2001,Andhra Pradesh,West Godavari,303,0
2001,Andhra Pradesh,Y.S.R.,971,0
2001,Arunachal Pradesh,Changlang,13122,0
2001,Arunachal Pradesh,Dibang Valley,8380,14
2001,Arunachal Pradesh,East Kameng,3448,0
2001,Arunachal Pradesh,East Siang,10358,0
2001,Arunachal Pradesh,Lohit,7259,0
2001,Arunachal Pradesh,Lower Subansiri,215,0
2001,Arunachal Pradesh,Papum Pare,4911,0
2001,Arunachal Pradesh,Tirap,2487,0
2001,Arunachal Pradesh,Upper Siang,100,0
2001,Arunachal Pradesh,Upper Subansiri,564,0
2001,Arunachal Pradesh,West Kameng,458,0
2001,Arunachal Pradesh,West Siang,4728,0
2001,Assam,Barpeta,1836,2
2001,Assam,Bongaigaon,4200,3
2001,Assam,Cachar,3854,0
2001,Assam,Darrang,17949,1
2001,Assam,Dhemaji,791,3
2001,Assam,Dhubri,2202,4
2001,Assam,Dibrugarh,84,6
2001,Assam,Dima Hasao,3323,0
2001,Assam,Goalpara,5846,0
2001,Assam,Golaghat,164,20
2001,Assam,Hailakandi,4321,0
2001,Assam,Jorhat,432,5
2001,Assam,Kamrup,6682,6
2001,Assam,Karbi Anglong,17243,19
2001,Assam,Karimganj,817,1
2001,Assam,Kokrajhar,4706,8
2001,Assam,Lakhimpur,2517,0
2001,Assam,Marigaon,506,6
2001,Assam,Nagaon,3690,5
2001,Assam,Nalbari,1749,2
2001,Assam,Sivasagar,127,4
2001,Assam,Sonitpur,8908,9
2001,Assam,Tinsukia,3195,18
2001,Assam,Araria,0,0
2001,Assam,Aurangabad,1181,0
2001,Assam,Banka,1,0
2001,Assam,Begusarai,0,0
2001,Assam,Bhagalpur,22,0
2001,Assam,Bhojpur,8,0
2001,Assam,Buxar,0,0
2001,Assam,Darbhanga,0,0
2001,Assam,Gaya,746,0
2001,Assam,Gopalganj,4,0
2001,Assam,Jamui,502,0
2001,Assam,Jehanabad,18,0
2001,Assam,Kaimur (Bhabua),235,0
2001,Assam,Katihar,0,0
2001,Assam,Khagaria,0,0
2001,Assam,Kishanganj,1,0
2001,Assam,Lakhisarai,3,0
2001,Assam,Madhepura,0,0
2001,Assam,Madhubani,1,0
2001,Assam,Munger,180,0
2001,Assam,Muzaffarpur,54,0
2001,Assam,Nalanda,2,0
2001,Assam,Nawada,978,0
2001,Assam,Pashchim Champaran,0,0
2001,Assam,Patna,39,0
2001,Assam,Purbi Champaran,1,0
2001,Assam,Purnia,0,0
2001,Assam,Rohtas,103,0
2001,Assam,Saharsa,0,0
2001,Assam,Samastipur,3,0
2001,Assam,Saran,21,0
2001,Assam,Sheikhpura,0,0
2001,Assam,Sheohar,0,0
2001,Assam,Sitamarhi,0,0
2001,Assam,Siwan,4,0
2001,Assam,Supaul,0,0
2001,Assam,Vaishali,1,0
2001,Chandigarh,Chandigarh,298,0
2001,Chhattisgarh,Bastar,51844,18
2001,Chhattisgarh,Bilaspur,9667,0
2001,Chhattisgarh,Dantewada,35236,3
2001,Chhattisgarh,Dhamtari,4881,0
2001,Chhattisgarh,Durg,5708,0
2001,Chhattisgarh,Janjgir-Champa,3193,0
2001,Chhattisgarh,Jashpur,33490,0
2001,Chhattisgarh,Kabirdham,1543,0
2001,Chhattisgarh,Kanker,37895,1
2001,Chhattisgarh,Korba,23196,2
2001,Chhattisgarh,Korea,8295,0
2001,Chhattisgarh,Mahasamund,4771,3
2001,Chhattisgarh,Raigarh,19325,0
2001,Chhattisgarh,Raipur,8708,3
2001,Chhattisgarh,RajnandGaon,8779,0
2001,Chhattisgarh,Surguja,34135,2
2001,D & N Haveli,Dadra And Nagar Haveli,848,0
2001,Daman & Diu,Daman,83,0
2001,Daman & Diu,Diu,4,0
2001,Delhi,New Delhi,1484,0
2001,Goa,Goa,12331,12
2001,Goa,Ahmadabad,3572,0
2001,Goa,Ahmadabad MC#,1496,0
2001,Goa,Amreli,1441,0
2001,Goa,Anand,1576,0
2001,Goa,Banas kantha,3839,1
2001,Goa,Bharuch,1295,0
2001,Goa,Bhavnagar,1583,0
2001,Goa,Dang,241,0
2001,Goa,Dohad,2531,0
2001,Goa,Gandhinagar,511,0
2001,Goa,Jamnagar,1811,7
2001,Goa,Junagadh,4224,0
2001,Goa,Kachchh,15061,4
2001,Goa,Kheda,2468,2
2001,Goa,Mahesana,862,0
2001,Goa,Narmada,593,0
2001,Goa,Navsari,299,0
2001,Goa,Panch Mahals,1553,0
2001,Goa,Patan,4443,4
2001,Goa,Porbandar,353,0
2001,Goa,Rajkot,2579,0
2001,Goa,Sabar kantha,1616,0
2001,Goa,Surat,12989,0
2001,Goa,Surendranagar,10837,1
2001,Goa,Vadodara,3328,0
2001,Goa,Valsad,246,0
2001,Haryana,Ambala,56,0
2001,Haryana,Bhiwani,128,0
2001,Haryana,Faridabad,249,0
2001,Haryana,Fatehabad,1,0
2001,Haryana,Gurugram,56,0
2001,Haryana,Hisar,56,0
2001,Haryana,Jhajjar,136,0
2001,Haryana,Jind,13,0
2001,Haryana,Kaithal,0,0
2001,Haryana,Karnal,4,0
2001,Haryana,Kurukshetra,1,0
2001,Haryana,Mahendragarh,210,0
2001,Haryana,Panchkula,33,0
2001,Haryana,Panipat,3,0
2001,Haryana,Rewari,53,0
2001,Haryana,Rohtak,39,0
2001,Haryana,Sirsa,50,0
2001,Haryana,Sonipat,83,0
2001,Haryana,Yamunanagar,31,0
2001,Himachal Pradesh,Bilaspur,11,0
2001,Himachal Pradesh,Chamba,3,0
2001,Himachal Pradesh,Hamirpur,28,0
2001,Himachal Pradesh,Kangra,137,0
2001,Himachal Pradesh,Kullu,3,0
2001,Himachal Pradesh,Mandi,48,0
2001,Himachal Pradesh,Shimla,36,0
2001,Himachal Pradesh,Sirmaur,20,0
2001,Himachal Pradesh,Solan,17,0
2001,Himachal Pradesh,Una,46,0
2001,Jammu And Kashmir,Baramulla,1,0
2001,Jammu And Kashmir,Doda,6,0
2001,Jammu And Kashmir,Jammu,273,0
2001,Jammu And Kashmir,Kargil,0,0
2001,Jammu And Kashmir,Kathua,16,0
2001,Jammu And Kashmir,Leh Ladakh,0,0
2001,Jammu And Kashmir,Poonch,208,0
2001,Jammu And Kashmir,Rajouri,331,0
2001,Jammu And Kashmir,Udhampur,77,0
2001,Jharkhand,Bokaro,3157,0
2001,Jharkhand,Chatra,3694,0
2001,Jharkhand,Deoghar,183,3
2001,Jharkhand,Dhanbad,2253,0
2001,Jharkhand,Dumka,5498,0
2001,Jharkhand,East Singhbum,5891,3
2001,Jharkhand,Garhwa,10417,0
2001,Jharkhand,Giridih,3922,0
2001,Jharkhand,Godda,1863,3
2001,Jharkhand,Gumla,23591,9
2001,Jharkhand,Hazaribagh,11517,0
2001,Jharkhand,Koderma,647,0
2001,Jharkhand,Lohardaga,2823,0
2001,Jharkhand,Pakur,1994,0
2001,Jharkhand,Palamu,37895,3
2001,Jharkhand,Ranchi,6155,0
2001,Jharkhand,Sahebganj,3471,0
2001,Jharkhand,West Singhbhum,5813,0
2001,Karnataka,A.M.U. Almatti#,1226,0
2001,Karnataka,A.M.U. B. Gudi#,107,0
2001,Karnataka,A.M.U. Kembhavi#,826,0
2001,Karnataka,Bagalkote,3937,0
2001,Karnataka,Ballari,6465,0
2001,Karnataka,Belagavi,989,0
2001,Karnataka,Bengaluru Rural,605,0
2001,Karnataka,Bengaluru Urban,377,1
2001,Karnataka,Bidar,1158,0
2001,Karnataka,Chamarajanagara,167,0
2001,Karnataka,Chikkamagaluru,20760,5
2001,Karnataka,Chitradurga,64195,1
2001,Karnataka,Dakshina Kannada,4441,0
2001,Karnataka,Davangere,655,0
2001,Karnataka,Dharwad,323,2
2001,Karnataka,Gadag,462,0
2001,Karnataka,Hassan,8870,0
2001,Karnataka,Haveri,139,0
2001,Karnataka,Kalaburagi,8742,0
2001,Karnataka,Kodagu,101,0
2001,Karnataka,Kolar,3922,0
2001,Karnataka,Koppal,4340,0
2001,Karnataka,Mandya,13917,1
2001,Karnataka,Mysuru,4935,1
2001,Karnataka,Raichur,8413,0
2001,Karnataka,Shivamogga,996,1
2001,Karnataka,Tumakuru,27553,1
2001,Karnataka,U.K.P.N. PURA#,2273,0
2001,Karnataka,Udupi,3176,7
2001,Karnataka,Uttara Kannada,171,0
2001,Karnataka,Vijayapura,3384,1
2001,Kerala,Alappuzha,318,1
2001,Kerala,Ernakulam,151,2
2001,Kerala,Idukki,20,0
2001,Kerala,Kannur,208,0
2001,Kerala,Kasaragod,272,1
2001,Kerala,Kollam,185,1
2001,Kerala,Kottayam,61,1
2001,Kerala,Kozhikode,220,0
2001,Kerala,Malappuram,230,1
2001,Kerala,Palakkad,89,0
2001,Kerala,Pathanamthitta,185,0
2001,Kerala,Thiruvananthapuram,91,1
2001,Kerala,Thrissur,226,0
2001,Kerala,Wayanad,33,1
2001,Lakshadweep,Lakshadweep District,0,0
2001,Lakshadweep,Balaghat,5418,1
2001,Lakshadweep,Barwani,935,0
2001,Lakshadweep,Betul,18440,11
2001,Lakshadweep,Bhind,1672,1
2001,Lakshadweep,Bhopal,4476,0
2001,Lakshadweep,Chhatarpur,2434,0
2001,Lakshadweep,Chhindwara,8906,0
2001,Lakshadweep,Damoh,2567,0
2001,Lakshadweep,Datia,207,0
2001,Lakshadweep,Dewas,846,0
2001,Lakshadweep,Dhar,781,0
2001,Lakshadweep,Dindori,19313,6
2001,Lakshadweep,East Nimar,1351,0
2001,Lakshadweep,Guna,4461,0
2001,Lakshadweep,Gwalior,6844,3
2001,Lakshadweep,Harda,973,0
2001,Lakshadweep,Indore,705,0
2001,Lakshadweep,Jabalpur,1589,0
2001,Lakshadweep,Jhabua,2010,0
2001,Lakshadweep,Katni,978,0
2001,Lakshadweep,Khargone,1194,0
2001,Lakshadweep,Mandla,33341,11
2001,Lakshadweep,Mandsaur,1193,0
2001,Lakshadweep,Morena,659,0
2001,Lakshadweep,Narmadapuram,3843,0
2001,Lakshadweep,Narsinghpur,2137,0
2001,Lakshadweep,Neemuch,1120,0
2001,Lakshadweep,Panna,1092,0
2001,Lakshadweep,Raisen,1482,0
2001,Lakshadweep,Rajgarh,3199,0
2001,Lakshadweep,Ratlam,2189,0
2001,Lakshadweep,Rewa,2365,6
2001,Lakshadweep,Sagar,6781,3
2001,Lakshadweep,Satna,2891,0
2001,Lakshadweep,Sehore,2819,0
2001,Lakshadweep,Seoni,11922,7
2001,Lakshadweep,Shahdol,4720,0
2001,Lakshadweep,Shajapur,1118,0
2001,Lakshadweep,Sheopur,1728,22
2001,Lakshadweep,Shivpuri,4605,1
2001,Lakshadweep,Sidhi,2179,9
2001,Lakshadweep,Tikamgarh,1625,0
2001,Lakshadweep,Ujjain,223,0
2001,Lakshadweep,Umaria,1649,0
2001,Lakshadweep,Vidisha,2138,0
2001,Maharashtra,Ahmednagar,449,0
2001,Maharashtra,Akola,367,0
2001,Maharashtra,Amravati,1590,0
2001,Maharashtra,Aurangabad,477,0
2001,Maharashtra,Beed,1275,0
2001,Maharashtra,Bhandara,482,0
2001,Maharashtra,Buldhana,473,0
2001,Maharashtra,Chandrapur,2269,2
2001,Maharashtra,Dhule,685,0
2001,Maharashtra,Gadchiroli,14321,5
2001,Maharashtra,Gondia,2280,7
2001,Maharashtra,Hingoli,117,1
2001,Maharashtra,Jalgaon,470,0
2001,Maharashtra,Jalna,113,0
2001,Maharashtra,Kolhapur,259,0
2001,Maharashtra,Latur,432,0
2001,Maharashtra,Mumbai,12580,18
2001,Maharashtra,Nagpur,990,0
2001,Maharashtra,Nagpur MC#,193,0
2001,Maharashtra,Nanded,982,0
2001,Maharashtra,Nandurbar,472,0
2001,Maharashtra,Nashik,158,0
2001,Maharashtra,Osmanabad,267,0
2001,Maharashtra,Parbhani,247,0
2001,Maharashtra,Pune,798,0
2001,Maharashtra,Pune MC#,103,0
2001,Maharashtra,Raigad,2105,5
2001,Maharashtra,Ratnagiri,488,0
2001,Maharashtra,Sangli,390,2
2001,Maharashtra,Satara,550,1
2001,Maharashtra,Sindhudurg,301,0
2001,Maharashtra,Solapur,969,2
2001,Maharashtra,Thane,4607,6
2001,Maharashtra,Wardha,831,1
2001,Maharashtra,Washim,259,0
2001,Maharashtra,Yavatmal,2694,0
2001,Maharashtra,Bishnupur,73,0
2001,Maharashtra,Chandel,66,0
2001,Manipur,Churachandpur,248,5
2001,Manipur,Imphal,43,0
2001,Manipur,Jiribam,72,0
2001,Manipur,Kangpokpi,71,0
2001,Manipur,Senapati,4,0
2001,Manipur,Tamenglong,173,0
2001,Manipur,Thoubal,97,0
2001,Manipur,Ukhrul,96,0
2001,Meghalaya,Garo Hills,13917,12
2001,Meghalaya,Khasi Hills,2668,5
2001,Meghalaya,West Jaintia Hills,4045,0
2001,Mizoram,Aizawl,581,4
2001,Mizoram,Aizawl West#,5800,35
2001,Mizoram,Chhimtuipui#,1319,1
2001,Mizoram,Lunglei,3229,3
2001,Mizoram,Mass#,0,0
2001,Nagaland,Mon,264,0
2001,Nagaland,Dimapur,37,0
2001,Nagaland,Kohima,338,0
2001,Nagaland,Mokokchung,1507,0
2001,Nagaland,Phek,254,0
2001,Nagaland,Tuensang,602,0
2001,Nagaland,UVBDS Dimapur#,735,1
2001,Nagaland,Wokha,426,0
2001,Nagaland,Zunheboto,155,0
2001,Nagaland,Anugul,10865,27
2001,Nagaland,Balangir,27110,3
2001,Nagaland,Baleshwar,5227,4
2001,Nagaland,Bargarh,10728,7
2001,Nagaland,Bhadrak,937,2
2001,Nagaland,Boudh,2755,0
2001,Nagaland,Cuttack,3790,1
2001,Nagaland,Deogarh,8048,7
2001,Nagaland,Dhenkanal,20517,3
2001,Nagaland,Gajapati,12190,1
2001,Nagaland,Ganjam,19195,5
2001,Nagaland,Jagatsinghapur,181,1
2001,Nagaland,Jajapur,7955,6
2001,Nagaland,Jharsuguda,3257,2
2001,Nagaland,Kalahandi,17836,10
2001,Nagaland,Kandhamal,41725,8
2001,Nagaland,Kendrapara,504,0
2001,Nagaland,Kendujhar,40291,67
2001,Nagaland,Khordha,4992,3
2001,Nagaland,Koraput,21474,24
2001,Nagaland,Malkangiri,12107,9
2001,Nagaland,Mayurbhanj,23537,23
2001,Nagaland,Nabarangpur,15269,5
2001,Nagaland,Nayagarh,6437,12
2001,Nagaland,Nuapada,23927,32
2001,Nagaland,Puri,515,0
2001,Nagaland,Rayagada,18354,3
2001,Nagaland,Sambalpur,18867,0
2001,Nagaland,Sonepur,7205,0
2001,Nagaland,Sundargarh,68746,40
2001,Puducherry,Karaikal,12,0
2001,Puducherry,Mahe,4,0
2001,Puducherry,Pondicherry,88,0
2001,Puducherry,Yanam,2,0
2001,Punjab,Amritsar,37,0
2001,Punjab,Bathinda,10,0
2001,Punjab,Faridkot,12,0
2001,Punjab,Fatehgarh Sahib,9,0
2001,Punjab,Ferozepur,67,0
2001,Punjab,Gurdaspur,8,0
2001,Punjab,Hoshiarpur,14,0
2001,Punjab,Jalandhar,7,0
2001,Punjab,Kapurthala,14,0
2001,Punjab,Ludhiana,20,0
2001,Punjab,Mansa,13,0
2001,Punjab,Moga,5,0
2001,Punjab,Patiala,53,0
2001,Punjab,Rupnagar,13,0
2001,Punjab,S.A.S Nagar,6,0
2001,Punjab,Sangrur,284,0
2001,Punjab,Sri Muktsar Sahib,32,0
2001,Punjab,Ajmer,4471,1
2001,Punjab,Alwar,1645,4
2001,Punjab,Banswara,1634,0
2001,Punjab,Baran,1993,0
2001,Punjab,Barmer,26964,0
2001,Punjab,Bharatpur,676,0
2001,Punjab,Bhilwara,7820,0
2001,Punjab,Bikaner,5012,9
2001,Punjab,Bundi,3755,0
2001,Punjab,Chittorgarh,5609,0
2001,Punjab,Churu,1160,0
2001,Punjab,Dausa,514,0
2001,Punjab,Dholpur,333,0
2001,Punjab,Dungarpur,3848,0
2001,Punjab,Ganganagar,298,0
2001,Punjab,Hanumangarh,382,0
2001,Punjab,Jaipur,2722,4
2001,Punjab,Jaisalmer,14948,6
2001,Punjab,Jalore,3056,0
2001,Punjab,Jhalawar,966,0
2001,Punjab,Jhunjhunu,881,2
2001,Punjab,Jodhpur,10820,4
2001,Punjab,Karauli,1257,0
2001,Punjab,Kota,2534,1
2001,Punjab,Nagaur,2468,1
2001,Punjab,Pali,5502,1
2001,Punjab,Rajsamand,2466,1
2001,Punjab,Sawai Madhopur,2437,0
2001,Punjab,Sikar,1106,2
2001,Punjab,Sirohi,2064,0
2001,Punjab,Tonk,1503,0
2001,Punjab,Udaipur,8389,0
2001,Sikkim,Gangtok,23,0
2001,Sikkim,Gyalshing,1,0
2001,Sikkim,Mangan,1,0
2001,Sikkim,Namchi,6,0
2001,Sikkim,Aranthangi#,33,0
2001,Sikkim,Chengalpattu,40,0
2001,Sikkim,Chennai,23652,0
2001,Sikkim,Cheyyar#,84,0
2001,Sikkim,Coimbatore,10,0
2001,Sikkim,Cuddalore,34,0
2001,Sikkim,Dharapuram#,0,0
2001,Sikkim,Dharmapuri,263,0
2001,Sikkim,Dindigul,110,0
2001,Sikkim,Erode,285,0
2001,Sikkim,Kallakurichi,102,0
2001,Sikkim,Kanchipuram,6,0
2001,Sikkim,Kanniyakumari,587,0
2001,Sikkim,Karur,20,0
2001,Sikkim,Kovilpatti#,42,0
2001,Sikkim,Krishnagiri,8,0
2001,Sikkim,Madurai,35,0
2001,Sikkim,Nagapattinam,95,0
2001,Sikkim,Namakkal,318,0
2001,Sikkim,Palani#,2,0
2001,Sikkim,Paramakudi#,68,0
2001,Sikkim,Perambalur,73,0
2001,Sikkim,Poonamallee#,1457,0
2001,Sikkim,Pudukkottai,17,0
2001,Sikkim,Ramanathapuram,809,0
2001,Sikkim,Salem,1189,0
2001,Sikkim,Sivaganga,38,0
2001,Sikkim,Sivakasi#,0,0
2001,Sikkim,Tenkasi,28,0
2001,Sikkim,Thanjavur,18,0
2001,Sikkim,The Nilgiris,6,0
2001,Sikkim,Theni,2,0
2001,Sikkim,Thiruvallur,32,0
2001,Sikkim,Thiruvarur,35,0
2001,Sikkim,Tiruchirappalli,33,0
2001,Sikkim,Tirunelveli,31,0
2001,Sikkim,Tirupathur,161,0
2001,Sikkim,Tiruppur,7,0
2001,Sikkim,Tiruvannamalai,236,0
2001,Sikkim,Tuticorin,1079,0
2001,Sikkim,Vellore,378,0
2001,Sikkim,Villupuram,125,0
2001,Sikkim,Virudhunagar,3,0
2001,Tripura,Dhalai,1381,1
2001,Tripura,North Tripura,1791,2
2001,Tripura,South Tripura,12066,5
2001,Tripura,West Tripura,3264,1
2001,Tripura,Agra,578,0
2001,Tripura,Aligarh,1050,0
2001,Tripura,Ambedkar Nagar,7,0
2001,Tripura,Amroha,0,0
2001,Tripura,Auraiya,0,0
2001,Tripura,Ayodhya,1036,0
2001,Tripura,Azamgarh,4,0
2001,Tripura,Baghpat,0,0
2001,Tripura,Bahraich,3685,0
2001,Tripura,Ballia,11,0
2001,Tripura,Balrampur,2,0
2001,Tripura,Banda,755,0
2001,Tripura,Barabanki,5,0
2001,Tripura,Bareilly,2791,0
2001,Tripura,Basti,118,0
2001,Tripura,Bhadohi,2982,0
2001,Tripura,Bijnor,1830,0
2001,Tripura,Budaun,3457,0
2001,Tripura,Bulandshahr,1714,0
2001,Tripura,Chandauli,1116,0
2001,Tripura,Chitrakoot,271,0
2001,Tripura,Deoria,37,0
2001,Tripura,Etah,1238,0
2001,Tripura,Etawah,608,0
2001,Tripura,Farrukhabad,1355,0
2001,Tripura,Fatehpur,54,0
2001,Tripura,Firozabad,14,0
2001,Tripura,Gautam Buddha Nagar,1409,0
2001,Tripura,Ghaziabad,856,0
2001,Tripura,Ghazipur,2,0
2001,Tripura,Gonda,49,0
2001,Tripura,Gorakhpur,6,0
2001,Tripura,Hamirpur,2564,0
2001,Tripura,Hardoi,92,0
2001,Tripura,Hathras,278,0
2001,Tripura,Jalaun,566,0
2001,Tripura,Jaunpur,444,0
2001,Tripura,Jhansi,746,0
2001,Tripura,Kannauj,0,0
2001,Tripura,Kanpur Dehat,276,0
2001,Tripura,Kanpur Nagar,423,0
2001,Tripura,Kaushambi,167,0
2001,Tripura,Kheri,2191,15
2001,Tripura,Kushi Nagar,169,0
2001,Tripura,Lalitpur,0,0
2001,Tripura,Lucknow,45,0
2001,Tripura,Maharajganj,202,0
2001,Tripura,Mahoba,1073,0
2001,Tripura,Mainpuri,1096,0
2001,Tripura,Mathura,830,0
2001,Tripura,Mau,72,0
2001,Tripura,Meerut,258,0
2001,Tripura,Mirzapur,17927,0
2001,Tripura,Moradabad,1238,0
2001,Tripura,Muzaffarnagar,546,0
2001,Tripura,Pilibhit,65,0
2001,Tripura,Pratapgarh,94,0
2001,Tripura,Prayagraj,2333,0
2001,Tripura,Rae Bareli,27,0
2001,Tripura,Rampur,683,0
2001,Tripura,Saharanpur,891,0
2001,Tripura,Sant Kabeer Nagar,32,0
2001,Tripura,Shahjahanpur,138,0
2001,Tripura,Shravasti,51,0
2001,Tripura,Siddharth Nagar,84,0
2001,Tripura,Sitapur,668,0
2001,Tripura,Sonbhadra,30748,0
2001,Tripura,Sultanpur,185,0
2001,Tripura,Unnao,28,0
2001,Tripura,Varanasi,254,0
2001,Uttarakhand,Almora,15,0
2001,Uttarakhand,Bageshwar,2,0
2001,Uttarakhand,Chamoli,19,0
2001,Uttarakhand,Champawat,0,0
2001,Uttarakhand,Dehradun,41,0
2001,Uttarakhand,Haridwar,245,0
2001,Uttarakhand,Nainital,74,0
2001,Uttarakhand,Pauri Garhwal,75,0
2001,Uttarakhand,Pithoragarh,21,0
2001,Uttarakhand,Rudra Prayag,0,0
2001,Uttarakhand,Tehri Garhwal,1,0
2001,Uttarakhand,Udam Singh Nagar,695,0
2001,Uttarakhand,Uttar Kashi,8,0
2001,Uttarakhand,24 Paraganas North,170,4
2001,Uttarakhand,24 Paraganas South,230,0
2001,West Bengal,Arambagh#,241,0
2001,West Bengal,Bankura,2312,6
2001,West Bengal,Bardhaman,199,12
2001,West Bengal,Barrackpore#,3,0
2001,West Bengal,Basirhat HD#,28,0
2001,West Bengal,Birbhum,290,11
2001,West Bengal,Chandan nagar#,18,0
2001,West Bengal,Contai#,333,0
2001,West Bengal,Coochbehar,5213,15
2001,West Bengal,Darjeeling,516,0
2001,West Bengal,Diamond Harbour HD#,199,0
2001,West Bengal,Dinajpur Dakshin,121,1
2001,West Bengal,Dinajpur Uttar,120,0
2001,West Bengal,Ghatal#,112,0
2001,West Bengal,Hooghly,141,0
2001,West Bengal,Howrah,79,1
2001,West Bengal,Jalpaiguri,34000,38
2001,West Bengal,Jangipur (N)#,460,0
2001,West Bengal,Kalna#,11,0
2001,West Bengal,Kandi#,309,0
2001,West Bengal,Katwa#,15,0
2001,West Bengal,KMUHO#,226,0
2001,West Bengal,Kolkata,71807,81
2001,West Bengal,Maldah,1055,1
2001,West Bengal,Midnapur,2840,1
2001,West Bengal,Murshidabad,44,1
2001,West Bengal,Nadia,481,0
2001,West Bengal,Purulia,22565,19
2001,West Bengal,Serampore#,19,0
2001,West Bengal,Tamluk#,475,0
2001,West Bengal,Uluberia#,335,0
2001,West Bengal,Vishnupur#,86,0
2002,Andaman And Nicobar Islands,Andaman,388,1
2002,Andaman And Nicobar Islands,Nicobars,477,0
2002,Andaman And Nicobar Islands,Adilabad,1360,0
2002,Andaman And Nicobar Islands,Anantapur,745,0
2002,Andaman And Nicobar Islands,Chittoor,148,0
2002,Andaman And Nicobar Islands,East Godavari,5748,0
2002,Andaman And Nicobar Islands,Guntur,470,0
2002,Andaman And Nicobar Islands,Hyderabad,603,0
2002,Andaman And Nicobar Islands,Karimnagar,310,0
2002,Andaman And Nicobar Islands,Khammam,1828,0
2002,Andaman And Nicobar Islands,Krishna,4203,0
2002,Andaman And Nicobar Islands,Kurnool,2211,0
2002,Andaman And Nicobar Islands,Mahabubnagar,125,0
2002,Andaman And Nicobar Islands,Medak,50,0
2002,Andaman And Nicobar Islands,Nalgonda,15,0
2002,Andaman And Nicobar Islands,Nizamabad,194,0
2002,Andaman And Nicobar Islands,Prakasam,805,0
2002,Andaman And Nicobar Islands,Ranga Reddy,332,0
2002,Andaman And Nicobar Islands,SPSR Nellore,65,0
2002,Andaman And Nicobar Islands,Srikakulam,2264,0
2002,Andaman And Nicobar Islands,Visakhapatanam,11816,0
2002,Andaman And Nicobar Islands,Vizianagaram,3071,0
2002,Andaman And Nicobar Islands,Warangal,254,0
2002,Andaman And Nicobar Islands,West Godavari,264,0
2002,Andaman And Nicobar Islands,Y.S.R.,1172,0
2002,Arunachal Pradesh,Changlang,6602,0
2002,Arunachal Pradesh,Dibang Valley,6619,0
2002,Arunachal Pradesh,East Kameng,545,0
2002,Arunachal Pradesh,East Siang,12533,0
2002,Arunachal Pradesh,Lohit,5907,0
2002,Arunachal Pradesh,Lower Subansiri,140,0
2002,Arunachal Pradesh,Papum Pare,4012,0
2002,Arunachal Pradesh,Tirap,2293,0
2002,Arunachal Pradesh,Upper Siang,155,0
2002,Arunachal Pradesh,Upper Subansiri,404,0
2002,Arunachal Pradesh,West Kameng,221,0
2002,Arunachal Pradesh,West Siang,7000,0
2002,Assam,Barpeta,2637,2
2002,Assam,Bongaigaon,2592,0
2002,Assam,Cachar,3472,2
2002,Assam,Darrang,15160,3
2002,Assam,Dhemaji,2629,2
2002,Assam,Dhubri,1965,0
2002,Assam,Dibrugarh,44,0
2002,Assam,Dima Hasao,3269,1
2002,Assam,Goalpara,4564,0
2002,Assam,Golaghat,544,23
2002,Assam,Hailakandi,7029,0
2002,Assam,Jorhat,334,1
2002,Assam,Kamrup,5584,3
2002,Assam,Karbi Anglong,13504,8
2002,Assam,Karimganj,706,0
2002,Assam,Kokrajhar,7488,1
2002,Assam,Lakhimpur,3143,1
2002,Assam,Marigaon,390,2
2002,Assam,Nagaon,5303,7
2002,Assam,Nalbari,1764,0
2002,Assam,Sivasagar,42,1
2002,Assam,Sonitpur,5802,6
2002,Assam,Tinsukia,1636,9
2002,Assam,Araria,0,0
2002,Assam,Aurangabad,885,0
2002,Assam,Banka,1,0
2002,Assam,Begusarai,0,0
2002,Assam,Bhagalpur,22,1
2002,Bihar,Bhojpur,6,0
2002,Bihar,Buxar,0,0
2002,Bihar,Darbhanga,0,0
2002,Bihar,Gaya,1231,1
2002,Bihar,Gopalganj,2,0
2002,Bihar,Jamui,738,0
2002,Bihar,Jehanabad,4,0
2002,Bihar,Kaimur (Bhabua),305,0
2002,Bihar,Katihar,0,0
2002,Bihar,Khagaria,0,0
2002,Bihar,Kishanganj,2,0
2002,Bihar,Lakhisarai,0,0
2002,Bihar,Madhepura,0,0
2002,Bihar,Madhubani,1,0
2002,Bihar,Munger,255,0
2002,Bihar,Muzaffarpur,14,0
2002,Bihar,Nalanda,1,0
2002,Bihar,Nawada,105,0
2002,Bihar,Pashchim Champaran,1,0
2002,Bihar,Patna,24,0
2002,Bihar,Purbi Champaran,0,0
2002,Bihar,Purnia,1,0
2002,Bihar,Rohtas,71,0
2002,Bihar,Saharsa,0,0
2002,Bihar,Samastipur,4,0
2002,Bihar,Saran,9,0
2002,Bihar,Sheikhpura,0,0
2002,Bihar,Sheohar,0,0
2002,Bihar,Sitamarhi,0,0
2002,Bihar,Siwan,0,0
2002,Bihar,Supaul,0,0
2002,Bihar,Vaishali,1,0
2002,Chandigarh,Chandigarh,157,0
2002,Chhattisgarh,Bastar,38704,3
2002,Chhattisgarh,Bilaspur,6767,0
2002,Chhattisgarh,Dantewada,32322,0
2002,Chhattisgarh,Dhamtari,3245,0
2002,Chhattisgarh,Durg,3333,0
2002,Chhattisgarh,Janjgir-Champa,2919,0
2002,Chhattisgarh,Jashpur,38552,0
2002,Chhattisgarh,Kabirdham,1313,0
2002,Chhattisgarh,Kanker,24876,0
2002,Chhattisgarh,Korba,18905,0
2002,Chhattisgarh,Korea,7702,0
2002,Chhattisgarh,Mahasamund,2205,0
2002,Chhattisgarh,Raigarh,18265,0
2002,Chhattisgarh,Raipur,4913,0
2002,Chhattisgarh,RajnandGaon,3792,0
2002,Chhattisgarh,Surguja,27621,0
2002,D & N Haveli,Dadra And Nagar Haveli,493,0
2002,Daman & Diu,Daman,154,0
2002,Daman & Diu,Diu,19,0
2002,Delhi,New Delhi,694,0
2002,Goa,Goa,16818,15
2002,Gujarat,Ahmadabad,1706,0
2002,Gujarat,Ahmadabad MC#,4090,3
2002,Gujarat,Amreli,2260,0
2002,Gujarat,Anand,10189,0
2002,Gujarat,Banas kantha,2355,1
2002,Gujarat,Bharuch,1170,0
2002,Gujarat,Bhavnagar,4264,0
2002,Gujarat,Dang,131,0
2002,Gujarat,Dohad,2713,0
2002,Gujarat,Gandhinagar,654,1
2002,Gujarat,Jamnagar,1439,1
2002,Gujarat,Junagadh,4739,0
2002,Gujarat,Kachchh,8671,1
2002,Gujarat,Kheda,6487,2
2002,Gujarat,Mahesana,832,0
2002,Gujarat,Narmada,387,1
2002,Gujarat,Navsari,586,1
2002,Gujarat,Panch Mahals,1758,0
2002,Gujarat,Patan,1725,1
2002,Gujarat,Porbandar,420,0
2002,Gujarat,Rajkot,2094,0
2002,Gujarat,Sabar kantha,1120,0
2002,Gujarat,Surat,9775,0
2002,Gujarat,Surendranagar,8555,1
2002,Gujarat,Vadodara,3733,4
2002,Gujarat,Valsad,1113,0
2002,Gujarat,Ambala,47,0
2002,Gujarat,Bhiwani,78,0
2002,Gujarat,Faridabad,79,0
2002,Gujarat,Fatehabad,5,0
2002,Gujarat,Gurugram,22,0
2002,Gujarat,Hisar,36,0
2002,Gujarat,Jhajjar,10,0
2002,Gujarat,Jind,118,0
2002,Gujarat,Kaithal,1,0
2002,Gujarat,Karnal,88,0
2002,Gujarat,Kurukshetra,1,0
2002,Gujarat,Mahendragarh,155,0
2002,Gujarat,Panchkula,24,0
2002,Gujarat,Panipat,5,0
2002,Gujarat,Rewari,65,0
2002,Gujarat,Rohtak,23,0
2002,Gujarat,Sirsa,14,0
2002,Gujarat,Sonipat,51,0
2002,Gujarat,Yamunanagar,114,0
2002,Himachal Pradesh,Bilaspur,11,0
2002,Himachal Pradesh,Chamba,0,0
2002,Himachal Pradesh,Hamirpur,28,0
2002,Himachal Pradesh,Kangra,96,0
2002,Himachal Pradesh,Kullu,1,0
2002,Himachal Pradesh,Mandi,14,0
2002,Himachal Pradesh,Shimla,16,0
2002,Himachal Pradesh,Sirmaur,0,0
2002,Himachal Pradesh,Solan,1,0
2002,Himachal Pradesh,Una,9,0
2002,Jammu And Kashmir,Baramulla,1,0
2002,Jammu And Kashmir,Doda,12,0
2002,Jammu And Kashmir,Jammu,47,0
2002,Jammu And Kashmir,Kargil,0,0
2002,Jammu And Kashmir,Kathua,13,0
2002,Jammu And Kashmir,Leh Ladakh,0,0
2002,Jammu And Kashmir,Poonch,110,0
2002,Jammu And Kashmir,Rajouri,163,0
2002,Jammu And Kashmir,Udhampur,73,0
2002,Jammu And Kashmir,UMCP Jammu#,36,0
2002,Jharkhand,Bokaro,2942,0
2002,Jharkhand,Chatra,3580,0
2002,Jharkhand,Deoghar,330,8
2002,Jharkhand,Dhanbad,1347,1
2002,Jharkhand,Dumka,4561,0
2002,Jharkhand,East Singhbum,3825,0
2002,Jharkhand,Garhwa,16835,0
2002,Jharkhand,Giridih,5352,0
2002,Jharkhand,Godda,2095,0
2002,Jharkhand,Gumla,8977,18
2002,Jharkhand,Hazaribagh,11664,0
2002,Jharkhand,Jamtara,0,0
2002,Jharkhand,Koderma,541,0
2002,Jharkhand,Latehar,10337,2
2002,Jharkhand,Lohardaga,2503,0
2002,Jharkhand,Pakur,2764,0
2002,Jharkhand,Palamu,22521,1
2002,Jharkhand,Ranchi,4910,0
2002,Jharkhand,Sahebganj,2483,0
2002,Jharkhand,Saraikela Kharsawan,2526,0
2002,Jharkhand,Simdega,12921,1
2002,Jharkhand,West Singhbhum,3575,0
2002,Jharkhand,A.M.U. Almatti#,846,0
2002,Jharkhand,A.M.U. B. Gudi#,89,0
2002,Jharkhand,A.M.U. Kembhavi#,1270,0
2002,Jharkhand,Bagalkote,2455,0
2002,Jharkhand,Ballari,6494,0
2002,Karnataka,Belagavi,303,0
2002,Karnataka,Bengaluru Rural,774,0
2002,Karnataka,Bengaluru Urban,378,4
2002,Karnataka,Bidar,703,0
2002,Karnataka,Chamarajanagara,204,1
2002,Karnataka,Chikkamagaluru,2689,0
2002,Karnataka,Chitradurga,18715,0
2002,Karnataka,Dakshina Kannada,5069,0
2002,Karnataka,Davangere,393,2
2002,Karnataka,Dharwad,403,0
2002,Karnataka,Gadag,444,0
2002,Karnataka,Hassan,7352,0
2002,Karnataka,Haveri,312,1
2002,Karnataka,Kalaburagi,6044,0
2002,Karnataka,Kodagu,140,0
2002,Karnataka,Kolar,14083,2
2002,Karnataka,Koppal,2124,0
2002,Karnataka,Mandya,14647,0
2002,Karnataka,Mysuru,6439,12
2002,Karnataka,Raichur,9653,0
2002,Karnataka,Shivamogga,433,1
2002,Karnataka,Tumakuru,21960,1
2002,Karnataka,U.K.P.N. PURA#,2668,0
2002,Karnataka,Udupi,2700,9
2002,Karnataka,Uttara Kannada,128,0
2002,Karnataka,Vijayapura,2672,0
2002,Kerala,Alappuzha,319,0
2002,Kerala,Ernakulam,225,1
2002,Kerala,Idukki,38,1
2002,Kerala,Kannur,300,1
2002,Kerala,Kasaragod,712,2
2002,Kerala,Kollam,252,0
2002,Kerala,Kottayam,65,0
2002,Kerala,Kozhikode,295,0
2002,Kerala,Malappuram,257,0
2002,Kerala,Palakkad,138,0
2002,Kerala,Pathanamthitta,264,1
2002,Kerala,Thiruvananthapuram,192,1
2002,Kerala,Thrissur,266,1
2002,Kerala,Wayanad,37,0
2002,Lakshadweep,Lakshadweep District,8,0
2002,Lakshadweep,Balaghat,4140,4
2002,Lakshadweep,Barwani,526,0
2002,Lakshadweep,Betul,4911,2
2002,Lakshadweep,Bhind,1022,1
2002,Lakshadweep,Bhopal,2821,0
2002,Lakshadweep,Chhatarpur,1412,0
2002,Lakshadweep,Chhindwara,4786,1
2002,Lakshadweep,Damoh,1812,0
2002,Madhya Pradesh,Datia,89,0
2002,Madhya Pradesh,Dewas,552,0
2002,Madhya Pradesh,Dhar,515,1
2002,Madhya Pradesh,Dindori,12717,2
2002,Madhya Pradesh,East Nimar,495,0
2002,Madhya Pradesh,Guna,3204,0
2002,Madhya Pradesh,Gwalior,612,0
2002,Madhya Pradesh,Harda,298,0
2002,Madhya Pradesh,Indore,520,0
2002,Madhya Pradesh,Jabalpur,1104,3
2002,Madhya Pradesh,Jhabua,2538,0
2002,Madhya Pradesh,Katni,416,0
2002,Madhya Pradesh,Khargone,802,1
2002,Madhya Pradesh,Mandla,18626,4
2002,Madhya Pradesh,Mandsaur,480,0
2002,Madhya Pradesh,Morena,361,0
2002,Madhya Pradesh,Narmadapuram,1505,0
2002,Madhya Pradesh,Narsinghpur,1413,0
2002,Madhya Pradesh,Neemuch,705,0
2002,Madhya Pradesh,Panna,858,0
2002,Madhya Pradesh,Raisen,1439,1
2002,Madhya Pradesh,Rajgarh,1773,0
2002,Madhya Pradesh,Ratlam,1779,0
2002,Madhya Pradesh,Rewa,2114,2
2002,Madhya Pradesh,Sagar,3626,2
2002,Madhya Pradesh,Satna,2670,0
2002,Madhya Pradesh,Sehore,1756,0
2002,Madhya Pradesh,Seoni,8296,0
2002,Madhya Pradesh,Shahdol,5197,0
2002,Madhya Pradesh,Shajapur,635,0
2002,Madhya Pradesh,Sheopur,685,0
2002,Madhya Pradesh,Shivpuri,3480,3
2002,Madhya Pradesh,Sidhi,2098,3
2002,Madhya Pradesh,Tikamgarh,1015,0
2002,Madhya Pradesh,Ujjain,204,0
2002,Madhya Pradesh,Umaria,774,0
2002,Madhya Pradesh,Vidisha,2037,0
2002,Madhya Pradesh,Ahmednagar,192,0
2002,Madhya Pradesh,Akola,357,0
2002,Madhya Pradesh,Amravati,888,1
2002,Madhya Pradesh,Aurangabad,405,0
2002,Madhya Pradesh,Beed,851,1
2002,Madhya Pradesh,Bhandara,403,0
2002,Madhya Pradesh,Buldhana,559,0
2002,Madhya Pradesh,Chandrapur,2629,1
2002,Madhya Pradesh,Dhule,575,1
2002,Madhya Pradesh,Gadchiroli,7703,3
2002,Madhya Pradesh,Gondia,2043,9
2002,Madhya Pradesh,Hingoli,107,0
2002,Maharashtra,Jalgaon,437,0
2002,Maharashtra,Jalna,102,1
2002,Maharashtra,Kolhapur,154,0
2002,Maharashtra,Latur,279,0
2002,Maharashtra,Mumbai,13542,18
2002,Maharashtra,Nagpur,553,1
2002,Maharashtra,Nagpur MC#,142,2
2002,Maharashtra,Nanded,962,0
2002,Maharashtra,Nandurbar,219,0
2002,Maharashtra,Nashik,75,0
2002,Maharashtra,Osmanabad,132,0
2002,Maharashtra,Parbhani,213,1
2002,Maharashtra,Pune,431,0
2002,Maharashtra,Pune MC#,177,0
2002,Maharashtra,Raigad,2414,0
2002,Maharashtra,Ratnagiri,472,1
2002,Maharashtra,Sangli,253,0
2002,Maharashtra,Satara,460,1
2002,Maharashtra,Sindhudurg,308,1
2002,Maharashtra,Solapur,386,0
2002,Maharashtra,Thane,3694,0
2002,Maharashtra,Wardha,585,1
2002,Maharashtra,Washim,215,0
2002,Maharashtra,Yavatmal,2651,0
2002,Manipur,Bishnupur,26,0
2002,Manipur,Chandel,216,1
2002,Manipur,Churachandpur,169,6
2002,Manipur,Imphal,84,0
2002,Manipur,Jiribam,212,0
2002,Manipur,Kangpokpi,40,2
2002,Manipur,Senapati,17,0
2002,Manipur,Tamenglong,139,0
2002,Manipur,Thoubal,181,0
2002,Manipur,Ukhrul,184,0
2002,Meghalaya,Garo Hills,9435,24
2002,Meghalaya,Khasi Hills,3532,12
2002,Meghalaya,West Jaintia Hills,4951,5
2002,Mizoram,Aizawl,153,5
2002,Mizoram,Aizawl West#,891,14
2002,Mizoram,Champhai,106,2
2002,Mizoram,Kolasib,2244,4
2002,Mizoram,Lawngtlai,125,0
2002,Mizoram,Lunglei,2074,0
2002,Mizoram,Mamit,1184,3
2002,Mizoram,Saiha,765,0
2002,Mizoram,Serchhip,317,7
2002,Mizoram,Mon,140,0
2002,Mizoram,Dimapur,7,0
2002,Mizoram,Kohima,312,0
2002,Nagaland,Mokokchung,1298,0
2002,Nagaland,Phek,188,0
2002,Nagaland,Tuensang,910,0
2002,Nagaland,UVBDS Dimapur#,464,0
2002,Nagaland,Wokha,347,0
2002,Nagaland,Zunheboto,279,0
2002,Odisha,Anugul,11458,67
2002,Odisha,Balangir,18569,2
2002,Odisha,Baleshwar,3510,4
2002,Odisha,Bargarh,7253,8
2002,Odisha,Bhadrak,930,9
2002,Odisha,Boudh,3709,11
2002,Odisha,Cuttack,4139,7
2002,Odisha,Deogarh,8329,13
2002,Odisha,Dhenkanal,21582,23
2002,Odisha,Gajapati,14899,13
2002,Odisha,Ganjam,20340,5
2002,Odisha,Jagatsinghapur,165,0
2002,Odisha,Jajapur,9998,5
2002,Odisha,Jharsuguda,4574,2
2002,Odisha,Kalahandi,24666,12
2002,Odisha,Kandhamal,39200,18
2002,Odisha,Kendrapara,586,0
2002,Odisha,Kendujhar,27212,35
2002,Odisha,Khordha,6204,30
2002,Odisha,Koraput,22267,21
2002,Odisha,Malkangiri,18657,23
2002,Odisha,Mayurbhanj,24163,21
2002,Odisha,Nabarangpur,22344,12
2002,Odisha,Nayagarh,7441,34
2002,Odisha,Nuapada,28170,2
2002,Odisha,Puri,425,2
2002,Odisha,Rayagada,26943,11
2002,Odisha,Sambalpur,21979,43
2002,Odisha,Sonepur,7926,0
2002,Odisha,Sundargarh,65585,32
2002,Puducherry,Karaikal,19,0
2002,Puducherry,Mahe,1,0
2002,Puducherry,Pondicherry,81,0
2002,Puducherry,Yanam,2,0
2002,Puducherry,Amritsar,63,0
2002,Puducherry,Bathinda,28,0
2002,Puducherry,Faridkot,8,0
2002,Puducherry,Fatehgarh Sahib,1,0
2002,Puducherry,Ferozepur,45,0
2002,Puducherry,Gurdaspur,12,0
2002,Puducherry,Hoshiarpur,12,0
2002,Puducherry,Jalandhar,0,0
2002,Puducherry,Kapurthala,6,0
2002,Puducherry,Ludhiana,5,0
2002,Puducherry,Mansa,6,0
2002,Puducherry,Moga,1,0
2002,Puducherry,Patiala,12,0
2002,Puducherry,Rupnagar,8,0
2002,Puducherry,S.A.S Nagar,1,0
2002,Puducherry,Sangrur,38,0
2002,Puducherry,Sri Muktsar Sahib,4,0
2002,Rajasthan,Ajmer,2399,1
2002,Rajasthan,Alwar,623,1
2002,Rajasthan,Banswara,1056,0
2002,Rajasthan,Baran,1669,0
2002,Rajasthan,Barmer,11567,0
2002,Rajasthan,Bharatpur,425,0
2002,Rajasthan,Bhilwara,6010,0
2002,Rajasthan,Bikaner,1174,0
2002,Rajasthan,Bundi,2461,0
2002,Rajasthan,Chittorgarh,3583,0
2002,Rajasthan,Churu,757,0
2002,Rajasthan,Dausa,187,1
2002,Rajasthan,Dholpur,151,0
2002,Rajasthan,Dungarpur,2382,3
2002,Rajasthan,Ganganagar,126,0
2002,Rajasthan,Hanumangarh,180,0
2002,Rajasthan,Jaipur,900,1
2002,Rajasthan,Jaisalmer,6500,0
2002,Rajasthan,Jalore,1949,0
2002,Rajasthan,Jhalawar,679,0
2002,Rajasthan,Jhunjhunu,563,0
2002,Rajasthan,Jodhpur,3699,0
2002,Rajasthan,Karauli,608,1
2002,Rajasthan,Kota,2046,0
2002,Rajasthan,Nagaur,1776,1
2002,Rajasthan,Pali,3126,0
2002,Rajasthan,Rajsamand,1528,0
2002,Rajasthan,Sawai Madhopur,1755,0
2002,Rajasthan,Sikar,427,1
2002,Rajasthan,Sirohi,2076,0
2002,Rajasthan,Tonk,547,1
2002,Rajasthan,Udaipur,5698,0
2002,Sikkim,Gangtok,47,0
2002,Sikkim,Gyalshing,0,0
2002,Sikkim,Mangan,0,0
2002,Sikkim,Namchi,6,0
2002,Sikkim,Aranthangi#,26,0
2002,Sikkim,Chengalpattu,54,0
2002,Sikkim,Chennai,27205,0
2002,Sikkim,Cheyyar#,115,0
2002,Sikkim,Coimbatore,12,0
2002,Tamil Nadu,Cuddalore,35,0
2002,Tamil Nadu,Dharapuram#,8,0
2002,Tamil Nadu,Dharmapuri,401,0
2002,Tamil Nadu,Dindigul,123,0
2002,Tamil Nadu,Erode,163,0
2002,Tamil Nadu,Kallakurichi,130,0
2002,Tamil Nadu,Kanchipuram,16,0
2002,Tamil Nadu,Kanniyakumari,630,0
2002,Tamil Nadu,Karur,40,0
2002,Tamil Nadu,Kovilpatti#,97,0
2002,Tamil Nadu,Krishnagiri,40,0
2002,Tamil Nadu,Madurai,51,0
2002,Tamil Nadu,Nagapattinam,51,0
2002,Tamil Nadu,Namakkal,127,0
2002,Tamil Nadu,Palani#,9,0
2002,Tamil Nadu,Paramakudi#,111,0
2002,Tamil Nadu,Perambalur,45,0
2002,Tamil Nadu,Poonamallee#,817,0
2002,Tamil Nadu,Pudukkottai,18,0
2002,Tamil Nadu,Ramanathapuram,958,0
2002,Tamil Nadu,Salem,497,0
2002,Tamil Nadu,Sivaganga,52,0
2002,Tamil Nadu,Sivakasi#,21,0
2002,Tamil Nadu,Tenkasi,35,0
2002,Tamil Nadu,Thanjavur,33,0
2002,Tamil Nadu,The Nilgiris,18,0
2002,Tamil Nadu,Theni,6,0
2002,Tamil Nadu,Thiruvallur,16,0
2002,Tamil Nadu,Thiruvarur,39,0
2002,Tamil Nadu,Tiruchirappalli,20,0
2002,Tamil Nadu,Tirunelveli,91,0
2002,Tamil Nadu,Tirupathur,181,0
2002,Tamil Nadu,Tiruppur,15,0
2002,Tamil Nadu,Tiruvannamalai,311,0
2002,Tamil Nadu,Tuticorin,1029,0
2002,Tamil Nadu,Vellore,673,0
2002,Tamil Nadu,Villupuram,197,0
2002,Tamil Nadu,Virudhunagar,7,0
2002,Tripura,Dhalai,1268,0
2002,Tripura,North Tripura,1159,1
2002,Tripura,South Tripura,8786,4
2002,Tripura,West Tripura,2106,0
2002,Tripura,Agra,408,0
2002,Tripura,Aligarh,820,0
2002,Tripura,Ambedkar Nagar,7,0
2002,Tripura,Amroha,541,0
2002,Tripura,Auraiya,245,0
2002,Tripura,Ayodhya,3,0
2002,Tripura,Azamgarh,0,0
2002,Tripura,Baghpat,0,0
2002,Tripura,Bahraich,473,0
2002,Tripura,Ballia,6,0
2002,Tripura,Balrampur,9,0
2002,Tripura,Banda,1046,0
2002,Tripura,Barabanki,133,0
2002,Tripura,Bareilly,2928,0
2002,Tripura,Basti,53,0
2002,Tripura,Bhadohi,2445,0
2002,Tripura,Bijnor,1113,0
2002,Tripura,Budaun,4559,0
2002,Tripura,Bulandshahr,1064,0
2002,Tripura,Chandauli,947,0
2002,Tripura,Chitrakoot,278,0
2002,Tripura,Deoria,30,0
2002,Tripura,Etah,1572,0
2002,Tripura,Etawah,381,0
2002,Tripura,Farrukhabad,363,0
2002,Tripura,Fatehpur,95,0
2002,Tripura,Firozabad,758,0
2002,Tripura,Gautam Buddha Nagar,198,0
2002,Tripura,Ghaziabad,355,0
2002,Tripura,Ghazipur,3,0
2002,Tripura,Gonda,157,0
2002,Tripura,Gorakhpur,1,0
2002,Tripura,Hamirpur,2305,0
2002,Tripura,Hardoi,326,0
2002,Tripura,Hathras,185,0
2002,Tripura,Jalaun,737,0
2002,Tripura,Jaunpur,915,0
2002,Tripura,Jhansi,947,0
2002,Tripura,Kannauj,447,0
2002,Tripura,Kanpur Dehat,228,0
2002,Tripura,Kanpur Nagar,418,0
2002,Tripura,Kaushambi,161,0
2002,Tripura,Kheri,2130,0
2002,Tripura,Kushi Nagar,171,0
2002,Tripura,Lalitpur,1630,0
2002,Tripura,Lucknow,29,0
2002,Tripura,Maharajganj,81,0
2002,Tripura,Mahoba,1285,0
2002,Tripura,Mainpuri,916,0
2002,Tripura,Mathura,302,0
2002,Tripura,Mau,26,0
2002,Tripura,Meerut,123,0
2002,Tripura,Mirzapur,18938,0
2002,Tripura,Moradabad,511,0
2002,Tripura,Muzaffarnagar,720,0
2002,Tripura,Pilibhit,36,0
2002,Tripura,Pratapgarh,61,0
2002,Tripura,Prayagraj,1946,0
2002,Tripura,Rae Bareli,17,0
2002,Tripura,Rampur,441,0
2002,Tripura,Saharanpur,768,0
2002,Tripura,Sant Kabeer Nagar,27,0
2002,Tripura,Shahjahanpur,134,0
2002,Tripura,Shravasti,0,0
2002,Tripura,Siddharth Nagar,185,0
2002,Tripura,Sitapur,336,0
2002,Tripura,Sonbhadra,31375,0
2002,Tripura,Sultanpur,85,0
2002,Tripura,Unnao,17,0
2002,Tripura,Varanasi,249,0
2002,Uttarakhand,Almora,20,0
2002,Uttarakhand,Bageshwar,5,0
2002,Uttarakhand,Chamoli,12,0
2002,Uttarakhand,Champawat,0,0
2002,Uttarakhand,Dehradun,115,0
2002,Uttarakhand,Haridwar,389,0
2002,Uttarakhand,Nainital,363,0
2002,Uttarakhand,Pauri Garhwal,44,0
2002,Uttarakhand,Pithoragarh,14,0
2002,Uttarakhand,Rudra Prayag,0,0
2002,Uttarakhand,Tehri Garhwal,0,0
2002,Uttarakhand,Udam Singh Nagar,692,0
2002,Uttarakhand,Uttar Kashi,5,0
2002,Uttarakhand,24 Paraganas North,112,0
2002,Uttarakhand,24 Paraganas South,1580,2
2002,Uttarakhand,Arambagh#,37,1
2002,Uttarakhand,Bankura,1072,7
2002,Uttarakhand,Bardhaman,124,1
2002,Uttarakhand,Barrackpore#,5,0
2002,Uttarakhand,Basirhat HD#,23,0
2002,Uttarakhand,Birbhum,412,21
2002,Uttarakhand,Chandan nagar#,14,0
2002,Uttarakhand,Contai#,235,0
2002,Uttarakhand,Coochbehar,5626,14
2002,Uttarakhand,Darjeeling,2236,1
2002,Uttarakhand,Diamond Harbour HD#,331,0
2002,Uttarakhand,Dinajpur Dakshin,88,0
2002,Uttarakhand,Dinajpur Uttar,128,0
2002,Uttarakhand,Ghatal#,193,0
2002,Uttarakhand,Hooghly,59,0
2002,Uttarakhand,Howrah,32,1
2002,Uttarakhand,Howrah Municipality#,0,11
2002,Uttarakhand,Jalpaiguri,78346,42
2002,Uttarakhand,Jangipur (N)#,390,0
2002,Uttarakhand,Kalna#,20,0
2002,Uttarakhand,Kandi#,283,0
2002,Uttarakhand,Katwa#,15,0
2002,Uttarakhand,KMUHO#,25355,1
2002,Uttarakhand,Kolkata,53951,42
2002,Uttarakhand,Maldah,1439,0
2002,Uttarakhand,Midnapur,4080,1
2002,Uttarakhand,Murshidabad,110,0
2002,Uttarakhand,Nadia,474,0
2002,Uttarakhand,Purulia,16772,4
2002,Uttarakhand,Serampore#,19,0
2002,Uttarakhand,Tamluk#,494,0
2002,Uttarakhand,Uluberia#,250,0
2002,Uttarakhand,Vishnupur#,116,3
2003,Andaman And Nicobar Islands,Andaman,326,0
2003,Andaman And Nicobar Islands,Nicobars,427,0
2003,Andhra Pradesh,Adilabad,900,0
2003,Andhra Pradesh,Anantapur,666,0
2003,Andhra Pradesh,Chittoor,152,0
2003,Andhra Pradesh,East Godavari,5274,2
2003,Andhra Pradesh,Guntur,393,0
2003,Andhra Pradesh,Hyderabad,593,0
2003,Andhra Pradesh,Karimnagar,153,0
2003,Andhra Pradesh,Khammam,803,0
2003,Andhra Pradesh,Krishna,4828,0
2003,Andhra Pradesh,Kurnool,1564,0
2003,Andhra Pradesh,Mahabubnagar,927,0
2003,Andhra Pradesh,Medak,59,0
2003,Andhra Pradesh,Nalgonda,12,0
2003,Andhra Pradesh,Nizamabad,95,0
2003,Andhra Pradesh,Prakasam,1205,0
2003,Andhra Pradesh,Ranga Reddy,340,0
2003,Andhra Pradesh,SPSR Nellore,65,0
2003,Andhra Pradesh,Srikakulam,1130,0
2003,Andhra Pradesh,Visakhapatanam,12597,0
2003,Andhra Pradesh,Vizianagaram,2622,0
2003,Andhra Pradesh,Warangal,187,1
2003,Andhra Pradesh,West Godavari,231,0
2003,Andhra Pradesh,Y.S.R.,1199,0
2003,Andhra Pradesh,Changlang,5517,0
2003,Andhra Pradesh,Dibang Valley,4391,0
2003,Andhra Pradesh,East Kameng,1863,0
2003,Andhra Pradesh,East Siang,9550,0
2003,Andhra Pradesh,Lohit,5928,0
2003,Andhra Pradesh,Lower Subansiri,117,0
2003,Andhra Pradesh,Papum Pare,932,0
2003,Andhra Pradesh,Tirap,1771,0
2003,Andhra Pradesh,Upper Siang,500,0
2003,Andhra Pradesh,Upper Subansiri,264,0
2003,Andhra Pradesh,West Kameng,125,0
2003,Andhra Pradesh,West Siang,3852,0
2003,Assam,Barpeta,1632,0
2003,Assam,Bongaigaon,2118,0
2003,Assam,Cachar,3956,1
2003,Assam,Darrang,12203,1
2003,Assam,Dhemaji,964,4
2003,Assam,Dhubri,1552,1
2003,Assam,Dibrugarh,36,0
2003,Assam,Dima Hasao,2551,1
2003,Assam,Goalpara,3809,0
2003,Assam,Golaghat,471,3
2003,Assam,Hailakandi,7568,6
2003,Assam,Jorhat,136,0
2003,Assam,Kamrup,4237,0
2003,Assam,Karbi Anglong,13484,18
2003,Assam,Karimganj,803,0
2003,Assam,Kokrajhar,4841,0
2003,Assam,Lakhimpur,3076,0
2003,Assam,Marigaon,352,0
2003,Assam,Nagaon,5002,9
2003,Assam,Nalbari,1466,0
2003,Assam,Sivasagar,23,0
2003,Assam,Sonitpur,4784,9
2003,Assam,Tinsukia,1506,0
2003,Assam,Araria,0,0
2003,Assam,Aurangabad,750,0
2003,Assam,Banka,0,0
2003,Assam,Begusarai,0,0
2003,Assam,Bhagalpur,28,0
2003,Assam,Bhojpur,3,0
2003,Assam,Buxar,0,0
2003,Assam,Darbhanga,0,0
2003,Assam,Gaya,633,1
2003,Assam,Gopalganj,0,0
2003,Assam,Jamui,666,0
2003,Assam,Jehanabad,0,0
2003,Assam,Kaimur (Bhabua),37,0
2003,Assam,Katihar,0,0
2003,Assam,Khagaria,0,0
2003,Assam,Kishanganj,0,0
2003,Assam,Lakhisarai,0,0
2003,Assam,Madhepura,0,0
2003,Assam,Madhubani,0,0
2003,Assam,Munger,233,0
2003,Assam,Muzaffarpur,6,0
2003,Assam,Nalanda,0,0
2003,Assam,Nawada,34,0
2003,Assam,Pashchim Champaran,6,0
2003,Assam,Patna,12,0
2003,Assam,Purbi Champaran,0,0
2003,Assam,Purnia,0,0
2003,Assam,Rohtas,229,0
2003,Assam,Saharsa,0,0
2003,Assam,Samastipur,2,0
2003,Assam,Saran,11,0
2003,Assam,Sheikhpura,0,0
2003,Assam,Sheohar,0,0
2003,Assam,Sitamarhi,0,0
2003,Assam,Siwan,0,0
2003,Assam,Supaul,0,0
2003,Assam,Vaishali,2,0
2003,Chandigarh,Chandigarh,84,0
2003,Chhattisgarh,Bastar,37638,0
2003,Chhattisgarh,Bilaspur,6313,1
2003,Chhattisgarh,Dantewada,26025,1
2003,Chhattisgarh,Dhamtari,754,0
2003,Chhattisgarh,Durg,2811,0
2003,Chhattisgarh,Janjgir-Champa,1271,0
2003,Chhattisgarh,Jashpur,23452,0
2003,Chhattisgarh,Kabirdham,812,0
2003,Chhattisgarh,Kanker,27034,0
2003,Chhattisgarh,Korba,15586,0
2003,Chhattisgarh,Korea,9161,2
2003,Chhattisgarh,Mahasamund,1355,0
2003,Chhattisgarh,Raigarh,13004,0
2003,Chhattisgarh,Raipur,2832,0
2003,Chhattisgarh,RajnandGaon,4501,0
2003,Chhattisgarh,Surguja,21870,0
2003,D & N Haveli,Dadra And Nagar Haveli,468,0
2003,Daman & Diu,Daman,121,0
2003,Daman & Diu,Diu,20,0
2003,Delhi,New Delhi,839,0
2003,Goa,North Goa,8780,0
2003,Goa,South Goa,2590,1
2003,Goa,Ahmadabad,2320,2
2003,Goa,Ahmadabad MC#,5444,15
2003,Goa,Amreli,3250,0
2003,Goa,Anand,8566,0
2003,Goa,Banas kantha,5180,0
2003,Goa,Bharuch,1859,1
2003,Goa,Bhavnagar,3964,1
2003,Goa,Dang,34,0
2003,Goa,Dohad,6718,2
2003,Goa,Gandhinagar,1061,2
2003,Goa,Jamnagar,3128,10
2003,Gujarat,Junagadh,3851,2
2003,Gujarat,Kachchh,22087,6
2003,Gujarat,Kheda,12510,4
2003,Gujarat,Mahesana,1293,0
2003,Gujarat,Narmada,435,0
2003,Gujarat,Navsari,398,0
2003,Gujarat,Panch Mahals,8120,3
2003,Gujarat,Patan,8558,4
2003,Gujarat,Porbandar,791,1
2003,Gujarat,Rajkot,5206,4
2003,Gujarat,Sabar kantha,1833,1
2003,Gujarat,Surat,8950,0
2003,Gujarat,Surendranagar,10364,2
2003,Gujarat,Vadodara,3805,5
2003,Gujarat,Valsad,1019,0
2003,Haryana,Ambala,76,0
2003,Haryana,Bhiwani,463,0
2003,Haryana,Faridabad,373,0
2003,Haryana,Fatehabad,14,0
2003,Haryana,Gurugram,909,0
2003,Haryana,Hisar,71,0
2003,Haryana,Jhajjar,507,0
2003,Haryana,Jind,27,0
2003,Haryana,Kaithal,5,0
2003,Haryana,Karnal,137,0
2003,Haryana,Kurukshetra,2,0
2003,Haryana,Mahendragarh,244,0
2003,Haryana,Panchkula,234,0
2003,Haryana,Panipat,121,0
2003,Haryana,Rewari,94,0
2003,Haryana,Rohtak,431,0
2003,Haryana,Sirsa,60,0
2003,Haryana,Sonipat,599,0
2003,Haryana,Yamunanagar,7,0
2003,Himachal Pradesh,Bilaspur,11,0
2003,Himachal Pradesh,Chamba,1,0
2003,Himachal Pradesh,Hamirpur,29,0
2003,Himachal Pradesh,Kangra,49,0
2003,Himachal Pradesh,Kullu,1,0
2003,Himachal Pradesh,Mandi,14,0
2003,Himachal Pradesh,Shimla,12,0
2003,Himachal Pradesh,Sirmaur,10,0
2003,Himachal Pradesh,Solan,1,0
2003,Himachal Pradesh,Una,5,0
2003,Himachal Pradesh,Baramulla,0,0
2003,Himachal Pradesh,Doda,32,0
2003,Himachal Pradesh,Jammu,52,0
2003,Himachal Pradesh,Kargil,0,0
2003,Himachal Pradesh,Kathua,18,0
2003,Jammu And Kashmir,Leh Ladakh,0,0
2003,Jammu And Kashmir,Poonch,89,0
2003,Jammu And Kashmir,Rajouri,93,0
2003,Jammu And Kashmir,Udhampur,14,0
2003,Jammu And Kashmir,UMCP Jammu#,22,0
2003,Jharkhand,Bokaro,3499,0
2003,Jharkhand,Chatra,2943,0
2003,Jharkhand,Deoghar,119,0
2003,Jharkhand,Dhanbad,1918,0
2003,Jharkhand,Dumka,3863,0
2003,Jharkhand,East Singhbum,2395,0
2003,Jharkhand,Garhwa,17003,1
2003,Jharkhand,Giridih,5566,0
2003,Jharkhand,Godda,2502,0
2003,Jharkhand,Gumla,4913,11
2003,Jharkhand,Hazaribagh,13259,0
2003,Jharkhand,Jamtara,0,0
2003,Jharkhand,Koderma,439,0
2003,Jharkhand,Latehar,10662,1
2003,Jharkhand,Lohardaga,1757,0
2003,Jharkhand,Pakur,2358,0
2003,Jharkhand,Palamu,26265,0
2003,Jharkhand,Ranchi,2787,0
2003,Jharkhand,Sahebganj,2459,0
2003,Jharkhand,Saraikela Kharsawan,2525,0
2003,Jharkhand,Simdega,10081,0
2003,Jharkhand,West Singhbhum,1589,0
2003,Jharkhand,A.M.U. Almatti#,1197,0
2003,Jharkhand,A.M.U. B. Gudi#,175,0
2003,Jharkhand,A.M.U. Kembhavi#,769,0
2003,Jharkhand,Bagalkote,1128,0
2003,Jharkhand,Ballari,4250,0
2003,Jharkhand,Belagavi,869,2
2003,Jharkhand,Bengaluru Rural,1619,0
2003,Jharkhand,Bengaluru Urban,492,1
2003,Jharkhand,Bidar,630,0
2003,Jharkhand,Chamarajanagara,247,0
2003,Jharkhand,Chikkamagaluru,742,0
2003,Jharkhand,Chitradurga,2416,0
2003,Jharkhand,Dakshina Kannada,6344,3
2003,Jharkhand,Davangere,271,0
2003,Jharkhand,Dharwad,393,1
2003,Jharkhand,Gadag,458,1
2003,Jharkhand,Hassan,5203,0
2003,Jharkhand,Haveri,340,1
2003,Jharkhand,Kalaburagi,7349,0
2003,Jharkhand,Kodagu,164,0
2003,Jharkhand,Kolar,4710,5
2003,Jharkhand,Koppal,3730,4
2003,Jharkhand,Mandya,11847,0
2003,Jharkhand,Mysuru,2746,0
2003,Jharkhand,Raichur,21809,3
2003,Jharkhand,Shivamogga,189,0
2003,Jharkhand,Tumakuru,12004,0
2003,Jharkhand,U.K.P.N. PURA#,4307,0
2003,Jharkhand,Udupi,997,0
2003,Jharkhand,Uttara Kannada,137,0
2003,Jharkhand,Vijayapura,2688,1
2003,Kerala,Alappuzha,210,0
2003,Kerala,Ernakulam,177,1
2003,Kerala,Idukki,50,0
2003,Kerala,Kannur,233,0
2003,Kerala,Kasaragod,452,2
2003,Kerala,Kollam,164,1
2003,Kerala,Kottayam,61,1
2003,Kerala,Kozhikode,202,0
2003,Kerala,Malappuram,252,0
2003,Kerala,Palakkad,109,1
2003,Kerala,Pathanamthitta,229,0
2003,Kerala,Thiruvananthapuram,177,0
2003,Kerala,Thrissur,233,1
2003,Kerala,Wayanad,26,0
2003,Lakshadweep,Lakshadweep District,6,0
2003,Lakshadweep,Balaghat,2818,1
2003,Lakshadweep,Barwani,605,0
2003,Lakshadweep,Betul,1128,0
2003,Lakshadweep,Bhind,1024,2
2003,Lakshadweep,Bhopal,3323,0
2003,Lakshadweep,Chhatarpur,2051,0
2003,Lakshadweep,Chhindwara,1844,0
2003,Lakshadweep,Damoh,1845,0
2003,Lakshadweep,Datia,146,0
2003,Lakshadweep,Dewas,928,0
2003,Lakshadweep,Dhar,2107,0
2003,Lakshadweep,Dindori,7080,0
2003,Lakshadweep,East Nimar,358,0
2003,Lakshadweep,Guna,5409,0
2003,Lakshadweep,Gwalior,718,0
2003,Lakshadweep,Harda,148,0
2003,Lakshadweep,Indore,651,0
2003,Lakshadweep,Jabalpur,628,2
2003,Lakshadweep,Jhabua,11344,0
2003,Lakshadweep,Katni,387,0
2003,Lakshadweep,Khargone,954,0
2003,Lakshadweep,Mandla,7877,0
2003,Lakshadweep,Mandsaur,643,0
2003,Lakshadweep,Morena,459,0
2003,Lakshadweep,Narmadapuram,1340,0
2003,Lakshadweep,Narsinghpur,1197,0
2003,Lakshadweep,Neemuch,353,0
2003,Lakshadweep,Panna,1419,0
2003,Lakshadweep,Raisen,1883,0
2003,Lakshadweep,Rajgarh,3092,0
2003,Lakshadweep,Ratlam,3031,0
2003,Lakshadweep,Rewa,1214,6
2003,Lakshadweep,Sagar,4008,3
2003,Lakshadweep,Satna,2645,0
2003,Lakshadweep,Sehore,1899,0
2003,Lakshadweep,Seoni,3730,0
2003,Lakshadweep,Shahdol,3340,0
2003,Lakshadweep,Shajapur,768,0
2003,Lakshadweep,Sheopur,2521,7
2003,Lakshadweep,Shivpuri,4262,0
2003,Lakshadweep,Sidhi,3504,1
2003,Lakshadweep,Tikamgarh,1097,0
2003,Lakshadweep,Ujjain,245,0
2003,Lakshadweep,Umaria,1208,0
2003,Lakshadweep,Vidisha,2477,0
2003,Lakshadweep,Ahmednagar,101,0
2003,Lakshadweep,Akola,479,1
2003,Lakshadweep,Amravati,1424,5
2003,Lakshadweep,Aurangabad,297,0
2003,Lakshadweep,Beed,348,0
2003,Lakshadweep,Bhandara,415,2
2003,Lakshadweep,Buldhana,469,0
2003,Lakshadweep,Chandrapur,3330,2
2003,Lakshadweep,Dhule,2245,0
2003,Lakshadweep,Gadchiroli,19810,24
2003,Lakshadweep,Gondia,3076,16
2003,Lakshadweep,Hingoli,115,0
2003,Lakshadweep,Jalgaon,2684,0
2003,Lakshadweep,Jalna,109,0
2003,Lakshadweep,Kolhapur,141,1
2003,Lakshadweep,Latur,168,0
2003,Lakshadweep,Mumbai,13522,14
2003,Lakshadweep,Nagpur,724,3
2003,Lakshadweep,Nagpur MC#,86,1
2003,Lakshadweep,Nanded,2177,1
2003,Lakshadweep,Nandurbar,535,0
2003,Lakshadweep,Nashik,150,1
2003,Lakshadweep,Osmanabad,93,0
2003,Lakshadweep,Parbhani,141,0
2003,Lakshadweep,Pune,320,3
2003,Lakshadweep,Pune MC#,228,1
2003,Lakshadweep,Raigad,2611,0
2003,Lakshadweep,Ratnagiri,333,3
2003,Lakshadweep,Sangli,168,0
2003,Lakshadweep,Satara,213,3
2003,Lakshadweep,Sindhudurg,152,0
2003,Lakshadweep,Solapur,251,2
2003,Lakshadweep,Thane,3080,1
2003,Lakshadweep,Wardha,765,0
2003,Lakshadweep,Washim,227,0
2003,Lakshadweep,Yavatmal,1960,1
2003,Manipur,Bishnupur,61,0
2003,Manipur,Chandel,347,3
2003,Manipur,Churachandpur,231,7
2003,Manipur,Imphal,93,0
2003,Manipur,Jiribam,299,0
2003,Manipur,Kangpokpi,105,0
2003,Manipur,Senapati,131,0
2003,Manipur,Tamenglong,449,7
2003,Manipur,Thoubal,199,0
2003,Manipur,Ukhrul,674,0
2003,Meghalaya,Garo Hills,12081,22
2003,Meghalaya,Khasi Hills,3050,14
2003,Meghalaya,West Jaintia Hills,3235,2
2003,Mizoram,Aizawl,62,3
2003,Mizoram,Aizawl West#,585,25
2003,Mizoram,Champhai,249,4
2003,Mizoram,Kolasib,2026,3
2003,Mizoram,Lawngtlai,311,0
2003,Mizoram,Lunglei,2171,4
2003,Mizoram,Mamit,640,4
2003,Mizoram,Saiha,933,0
2003,Mizoram,Serchhip,316,5
2003,Nagaland,Mon,79,0
2003,Nagaland,Dimapur,292,0
2003,Nagaland,Kohima,152,0
2003,Nagaland,Mokokchung,1072,0
2003,Nagaland,Phek,247,0
2003,Nagaland,Tuensang,784,0
2003,Nagaland,UVBDS Dimapur#,238,0
2003,Nagaland,Wokha,230,0
2003,Nagaland,Zunheboto,276,0
2003,Nagaland,Anugul,13417,43
2003,Nagaland,Balangir,14451,1
2003,Nagaland,Baleshwar,2778,5
2003,Nagaland,Bargarh,6089,7
2003,Nagaland,Bhadrak,1142,9
2003,Nagaland,Boudh,3912,1
2003,Nagaland,Cuttack,3423,3
2003,Nagaland,Deogarh,6421,15
2003,Nagaland,Dhenkanal,16378,22
2003,Nagaland,Gajapati,11906,3
2003,Nagaland,Ganjam,14315,3
2003,Odisha,Jagatsinghapur,156,0
2003,Odisha,Jajapur,7501,1
2003,Odisha,Jharsuguda,4296,3
2003,Odisha,Kalahandi,25310,8
2003,Odisha,Kandhamal,30372,18
2003,Odisha,Kendrapara,323,0
2003,Odisha,Kendujhar,22479,31
2003,Odisha,Khordha,4660,13
2003,Odisha,Koraput,20339,24
2003,Odisha,Malkangiri,18571,18
2003,Odisha,Mayurbhanj,23504,12
2003,Odisha,Nabarangpur,20121,9
2003,Odisha,Nayagarh,3502,9
2003,Odisha,Nuapada,30612,0
2003,Odisha,Puri,403,0
2003,Odisha,Rayagada,25760,15
2003,Odisha,Sambalpur,22831,21
2003,Odisha,Sonepur,6669,0
2003,Odisha,Sundargarh,59682,39
2003,Puducherry,Karaikal,13,0
2003,Puducherry,Mahe,4,0
2003,Puducherry,Pondicherry,45,0
2003,Puducherry,Yanam,1,0
2003,Punjab,Amritsar,172,0
2003,Punjab,Bathinda,3,0
2003,Punjab,Faridkot,24,0
2003,Punjab,Fatehgarh Sahib,2,0
2003,Punjab,Ferozepur,104,0
2003,Punjab,Gurdaspur,7,0
2003,Punjab,Hoshiarpur,2,0
2003,Punjab,Jalandhar,0,0
2003,Punjab,Kapurthala,3,0
2003,Punjab,Ludhiana,10,1
2003,Punjab,Mansa,1,0
2003,Punjab,Moga,2,0
2003,Punjab,Patiala,15,0
2003,Punjab,Rupnagar,3,0
2003,Punjab,S.A.S Nagar,1,0
2003,Punjab,Sangrur,10,0
2003,Punjab,Sri Muktsar Sahib,20,0
2003,Punjab,Ajmer,2446,11
2003,Punjab,Alwar,2212,1
2003,Punjab,Banswara,2444,0
2003,Punjab,Baran,3134,8
2003,Punjab,Barmer,38777,5
2003,Punjab,Bharatpur,1416,0
2003,Punjab,Bhilwara,5792,3
2003,Punjab,Bikaner,13610,14
2003,Punjab,Bundi,2067,1
2003,Rajasthan,Chittorgarh,4021,0
2003,Rajasthan,Churu,2826,4
2003,Rajasthan,Dausa,414,1
2003,Rajasthan,Dholpur,611,0
2003,Rajasthan,Dungarpur,3485,0
2003,Rajasthan,Ganganagar,757,0
2003,Rajasthan,Hanumangarh,915,1
2003,Rajasthan,Jaipur,687,0
2003,Rajasthan,Jaisalmer,18006,5
2003,Rajasthan,Jalore,3383,0
2003,Rajasthan,Jhalawar,982,0
2003,Rajasthan,Jhunjhunu,676,1
2003,Rajasthan,Jodhpur,9115,2
2003,Rajasthan,Karauli,2022,0
2003,Rajasthan,Kota,3286,3
2003,Rajasthan,Nagaur,4455,2
2003,Rajasthan,Pali,2127,0
2003,Rajasthan,Rajsamand,847,2
2003,Rajasthan,Sawai Madhopur,1807,0
2003,Rajasthan,Sikar,450,0
2003,Rajasthan,Sirohi,2408,0
2003,Rajasthan,Tonk,1427,0
2003,Rajasthan,Udaipur,6133,2
2003,Sikkim,Gangtok,143,0
2003,Sikkim,Gyalshing,0,0
2003,Sikkim,Mangan,1,0
2003,Sikkim,Namchi,134,0
2003,Sikkim,Aranthangi#,18,0
2003,Sikkim,Chengalpattu,100,0
2003,Sikkim,Chennai,29058,0
2003,Sikkim,Cheyyar#,112,0
2003,Sikkim,Coimbatore,26,0
2003,Sikkim,Cuddalore,51,0
2003,Sikkim,Dharapuram#,10,0
2003,Sikkim,Dharmapuri,953,0
2003,Sikkim,Dindigul,123,0
2003,Sikkim,Erode,86,0
2003,Sikkim,Kallakurichi,191,0
2003,Sikkim,Kanchipuram,10,0
2003,Sikkim,Kanniyakumari,711,0
2003,Sikkim,Karur,34,0
2003,Sikkim,Kovilpatti#,194,0
2003,Sikkim,Krishnagiri,409,0
2003,Sikkim,Madurai,108,0
2003,Sikkim,Nagapattinam,80,0
2003,Sikkim,Namakkal,74,0
2003,Sikkim,Palani#,6,0
2003,Sikkim,Paramakudi#,132,0
2003,Sikkim,Perambalur,58,0
2003,Sikkim,Poonamallee#,1082,0
2003,Sikkim,Pudukkottai,17,0
2003,Sikkim,Ramanathapuram,6149,0
2003,Sikkim,Salem,389,0
2003,Sikkim,Sivaganga,59,0
2003,Sikkim,Sivakasi#,9,0
2003,Sikkim,Tenkasi,42,0
2003,Sikkim,Thanjavur,61,0
2003,Sikkim,The Nilgiris,21,0
2003,Sikkim,Theni,8,0
2003,Sikkim,Thiruvallur,43,0
2003,Sikkim,Thiruvarur,33,0
2003,Sikkim,Tiruchirappalli,51,0
2003,Sikkim,Tirunelveli,73,0
2003,Sikkim,Tirupathur,154,0
2003,Sikkim,Tiruppur,3,0
2003,Sikkim,Tiruvannamalai,686,0
2003,Sikkim,Tuticorin,1594,0
2003,Sikkim,Vellore,364,0
2003,Sikkim,Villupuram,216,0
2003,Sikkim,Virudhunagar,6,0
2003,Tripura,Dhalai,1570,3
2003,Tripura,North Tripura,1824,6
2003,Tripura,South Tripura,8581,3
2003,Tripura,West Tripura,1832,1
2003,Tripura,Agra,663,0
2003,Tripura,Aligarh,1041,0
2003,Tripura,Ambedkar Nagar,1,0
2003,Tripura,Amroha,0,0
2003,Tripura,Auraiya,250,0
2003,Tripura,Ayodhya,2,0
2003,Tripura,Azamgarh,9,0
2003,Tripura,Baghpat,168,0
2003,Tripura,Bahraich,400,0
2003,Tripura,Ballia,4,0
2003,Tripura,Balrampur,26,0
2003,Tripura,Banda,1534,0
2003,Tripura,Barabanki,13,0
2003,Tripura,Bareilly,1901,0
2003,Tripura,Basti,68,0
2003,Tripura,Bhadohi,2764,0
2003,Tripura,Bijnor,1457,0
2003,Tripura,Budaun,6601,0
2003,Tripura,Bulandshahr,2132,0
2003,Tripura,Chandauli,0,0
2003,Tripura,Chitrakoot,536,0
2003,Tripura,Deoria,20,0
2003,Tripura,Etah,1727,0
2003,Tripura,Etawah,483,0
2003,Uttar Pradesh,Farrukhabad,462,0
2003,Uttar Pradesh,Fatehpur,382,0
2003,Uttar Pradesh,Firozabad,722,0
2003,Uttar Pradesh,Gautam Buddha Nagar,882,0
2003,Uttar Pradesh,Ghaziabad,605,0
2003,Uttar Pradesh,Ghazipur,2,0
2003,Uttar Pradesh,Gonda,107,0
2003,Uttar Pradesh,Gorakhpur,13,0
2003,Uttar Pradesh,Hamirpur,2544,0
2003,Uttar Pradesh,Hardoi,207,0
2003,Uttar Pradesh,Hathras,393,0
2003,Uttar Pradesh,Jalaun,395,0
2003,Uttar Pradesh,Jaunpur,1040,0
2003,Uttar Pradesh,Jhansi,1331,0
2003,Uttar Pradesh,Kannauj,480,0
2003,Uttar Pradesh,Kanpur Dehat,314,0
2003,Uttar Pradesh,Kanpur Nagar,581,0
2003,Uttar Pradesh,Kaushambi,320,0
2003,Uttar Pradesh,Kheri,2702,0
2003,Uttar Pradesh,Kushi Nagar,170,0
2003,Uttar Pradesh,Lalitpur,1491,0
2003,Uttar Pradesh,Lucknow,177,0
2003,Uttar Pradesh,Maharajganj,61,0
2003,Uttar Pradesh,Mahoba,2260,0
2003,Uttar Pradesh,Mainpuri,1763,0
2003,Uttar Pradesh,Mathura,423,0
2003,Uttar Pradesh,Mau,28,0
2003,Uttar Pradesh,Meerut,63,0
2003,Uttar Pradesh,Mirzapur,24137,0
2003,Uttar Pradesh,Moradabad,726,0
2003,Uttar Pradesh,Muzaffarnagar,1214,0
2003,Uttar Pradesh,Pilibhit,18,0
2003,Uttar Pradesh,Pratapgarh,154,0
2003,Uttar Pradesh,Prayagraj,2785,0
2003,Uttar Pradesh,Rae Bareli,35,0
2003,Uttar Pradesh,Rampur,1167,0
2003,Uttar Pradesh,Saharanpur,431,0
2003,Uttar Pradesh,Sant Kabeer Nagar,0,0
2003,Uttar Pradesh,Shahjahanpur,104,0
2003,Uttar Pradesh,Shravasti,76,0
2003,Uttar Pradesh,Siddharth Nagar,240,0
2003,Uttar Pradesh,Sitapur,216,0
2003,Uttar Pradesh,Sonbhadra,27987,0
2003,Uttar Pradesh,Sultanpur,164,0
2003,Uttar Pradesh,Unnao,16,0
2003,Uttar Pradesh,Varanasi,223,0
2003,Uttar Pradesh,Almora,31,0
2003,Uttar Pradesh,Bageshwar,7,0
2003,Uttarakhand,Chamoli,22,0
2003,Uttarakhand,Champawat,5,0
2003,Uttarakhand,Dehradun,93,0
2003,Uttarakhand,Haridwar,1030,0
2003,Uttarakhand,Nainital,326,0
2003,Uttarakhand,Pauri Garhwal,57,0
2003,Uttarakhand,Pithoragarh,2,0
2003,Uttarakhand,Rudra Prayag,0,0
2003,Uttarakhand,Tehri Garhwal,0,0
2003,Uttarakhand,Udam Singh Nagar,773,0
2003,Uttarakhand,Uttar Kashi,4,0
2003,West Bengal,24 Paraganas North,77,0
2003,West Bengal,24 Paraganas South,361,7
2003,West Bengal,Arambagh#,14,1
2003,West Bengal,Bankura,904,5
2003,West Bengal,Bardhaman,36,0
2003,West Bengal,Barrackpore#,3,0
2003,West Bengal,Basirhat HD#,26,0
2003,West Bengal,Birbhum,276,7
2003,West Bengal,Chandan nagar#,11,0
2003,West Bengal,Contai#,89,0
2003,West Bengal,Coochbehar,5296,16
2003,West Bengal,Darjeeling,3571,0
2003,West Bengal,Diamond Harbour HD#,239,0
2003,West Bengal,Dinajpur Dakshin,262,0
2003,West Bengal,Dinajpur Uttar,118,0
2003,West Bengal,Ghatal#,43,0
2003,West Bengal,Hooghly,57,1
2003,West Bengal,Howrah,36,0
2003,West Bengal,Howrah Municipality#,0,0
2003,West Bengal,Jalpaiguri,146426,149
2003,West Bengal,Jangipur (N)#,308,3
2003,West Bengal,Kalna#,11,1
2003,West Bengal,Kandi#,152,0
2003,West Bengal,Katwa#,8,0
2003,West Bengal,KMUHO#,9884,13
2003,West Bengal,Kolkata,48179,0
2003,West Bengal,Maldah,706,0
2003,West Bengal,Medinipur East,3476,0
2003,West Bengal,Murshidabad,570,5
2003,West Bengal,Nadia,343,0
2003,West Bengal,Purulia,11526,5
2003,West Bengal,Serampore#,36,0
2003,West Bengal,Tamluk#,493,0
2003,West Bengal,Uluberia#,198,1
2003,West Bengal,Vishnupur#,67,0
2004,Andaman And Nicobar Islands,Andaman,305,0
2004,Andaman And Nicobar Islands,Nicobars,440,1
2004,Andhra Pradesh,Adilabad,758,0
2004,Andhra Pradesh,Anantapur,666,0
2004,Andhra Pradesh,Chittoor,150,0
2004,Andhra Pradesh,East Godavari,5994,0
2004,Andhra Pradesh,Guntur,370,0
2004,Andhra Pradesh,Hyderabad,447,0
2004,Andhra Pradesh,Karimnagar,132,0
2004,Andhra Pradesh,Khammam,1787,0
2004,Andhra Pradesh,Krishna,5979,0
2004,Andhra Pradesh,Kurnool,1149,1
2004,Andhra Pradesh,Mahabubnagar,204,0
2004,Andhra Pradesh,Medak,39,0
2004,Andhra Pradesh,Nalgonda,12,0
2004,Andhra Pradesh,Nizamabad,66,0
2004,Andhra Pradesh,Prakasam,1365,0
2004,Andhra Pradesh,Ranga Reddy,347,0
2004,Andhra Pradesh,SPSR Nellore,61,0
2004,Andhra Pradesh,Srikakulam,748,0
2004,Andhra Pradesh,Visakhapatanam,9894,0
2004,Andhra Pradesh,Vizianagaram,1793,0
2004,Andhra Pradesh,Warangal,381,0
2004,Andhra Pradesh,West Godavari,321,1
2004,Andhra Pradesh,Y.S.R.,2764,0
2004,Arunachal Pradesh,Changlang,4687,0
2004,Arunachal Pradesh,Dibang Valley,2465,0
2004,Arunachal Pradesh,East Kameng,105,0
2004,Arunachal Pradesh,East Siang,7193,0
2004,Arunachal Pradesh,Lohit,3974,0
2004,Arunachal Pradesh,Lower Subansiri,159,0
2004,Arunachal Pradesh,Papum Pare,1108,0
2004,Arunachal Pradesh,Tirap,1361,0
2004,Arunachal Pradesh,Upper Siang,609,0
2004,Arunachal Pradesh,Upper Subansiri,159,0
2004,Arunachal Pradesh,West Kameng,60,0
2004,Arunachal Pradesh,West Siang,7969,0
2004,Arunachal Pradesh,Barpeta,1213,2
2004,Arunachal Pradesh,Bongaigaon,2173,0
2004,Arunachal Pradesh,Cachar,3460,0
2004,Arunachal Pradesh,Darrang,6380,0
2004,Arunachal Pradesh,Dhemaji,396,0
2004,Arunachal Pradesh,Dhubri,1156,0
2004,Arunachal Pradesh,Dibrugarh,23,0
2004,Arunachal Pradesh,Dima Hasao,2551,0
2004,Arunachal Pradesh,Goalpara,3730,1
2004,Arunachal Pradesh,Golaghat,250,1
2004,Arunachal Pradesh,Hailakandi,5322,9
2004,Arunachal Pradesh,Jorhat,86,0
2004,Arunachal Pradesh,Kamrup,4008,0
2004,Arunachal Pradesh,Karbi Anglong,12762,34
2004,Arunachal Pradesh,Karimganj,292,0
2004,Arunachal Pradesh,Kokrajhar,4400,0
2004,Arunachal Pradesh,Lakhimpur,1309,0
2004,Arunachal Pradesh,Marigaon,306,0
2004,Arunachal Pradesh,Nagaon,4053,5
2004,Arunachal Pradesh,Nalbari,1068,0
2004,Arunachal Pradesh,Sivasagar,17,0
2004,Arunachal Pradesh,Sonitpur,2105,2
2004,Arunachal Pradesh,Tinsukia,1074,0
2004,Bihar,Araria,0,0
2004,Bihar,Arwal,0,0
2004,Bihar,Aurangabad,797,0
2004,Bihar,Banka,0,0
2004,Bihar,Begusarai,1,0
2004,Bihar,Bhagalpur,19,0
2004,Bihar,Bhojpur,0,0
2004,Bihar,Buxar,0,0
2004,Bihar,Darbhanga,0,0
2004,Bihar,Gaya,234,0
2004,Bihar,Gopalganj,2,0
2004,Bihar,Jamui,487,0
2004,Bihar,Jehanabad,0,0
2004,Bihar,Kaimur (Bhabua),6,0
2004,Bihar,Katihar,0,0
2004,Bihar,Khagaria,0,0
2004,Bihar,Kishanganj,0,0
2004,Bihar,Lakhisarai,0,0
2004,Bihar,Madhepura,0,0
2004,Bihar,Madhubani,0,0
2004,Bihar,Munger,48,0
2004,Bihar,Muzaffarpur,5,0
2004,Bihar,Nalanda,1,0
2004,Bihar,Nawada,98,0
2004,Bihar,Pashchim Champaran,14,0
2004,Bihar,Patna,27,0
2004,Bihar,Purbi Champaran,0,0
2004,Bihar,Purnia,0,0
2004,Bihar,Rohtas,120,0
2004,Bihar,Saharsa,0,0
2004,Bihar,Samastipur,2,0
2004,Bihar,Saran,11,0
2004,Bihar,Sheikhpura,0,0
2004,Bihar,Sheohar,0,0
2004,Bihar,Sitamarhi,0,0
2004,Bihar,Siwan,0,0
2004,Bihar,Supaul,0,0
2004,Bihar,Vaishali,0,0
2004,Chandigarh,Chandigarh,199,0
2004,Chandigarh,Bastar,44145,2
2004,Chhattisgarh,Bilaspur,6164,0
2004,Chhattisgarh,Dantewada,38425,0
2004,Chhattisgarh,Dhamtari,1046,0
2004,Chhattisgarh,Durg,2658,0
2004,Chhattisgarh,Janjgir-Champa,847,0
2004,Chhattisgarh,Jashpur,17339,0
2004,Chhattisgarh,Kabirdham,1206,0
2004,Chhattisgarh,Kanker,23183,0
2004,Chhattisgarh,Korba,10245,0
2004,Chhattisgarh,Korea,8995,2
2004,Chhattisgarh,Mahasamund,781,0
2004,Chhattisgarh,Raigarh,13367,0
2004,Chhattisgarh,Raipur,3231,0
2004,Chhattisgarh,RajnandGaon,3610,0
2004,Chhattisgarh,Surguja,19014,0
2004,D & N Haveli,Dadra And Nagar Haveli,787,0
2004,Daman & Diu,Daman,106,0
2004,Daman & Diu,Diu,12,0
2004,Delhi,New Delhi,1316,0
2004,Goa,North Goa,6611,6
2004,Goa,South Goa,1228,1
2004,Gujarat,Ahmadabad,3782,8
2004,Gujarat,Ahmadabad MC#,7402,26
2004,Gujarat,Amreli,4088,2
2004,Gujarat,Anand,28300,10
2004,Gujarat,Banas kantha,3478,1
2004,Gujarat,Bharuch,1757,2
2004,Gujarat,Bhavnagar,2899,2
2004,Gujarat,Dang,115,0
2004,Gujarat,Dohad,32107,3
2004,Gujarat,Gandhinagar,1620,1
2004,Gujarat,Jamnagar,4397,0
2004,Gujarat,Junagadh,6373,1
2004,Gujarat,Kachchh,20884,2
2004,Gujarat,Kheda,34505,6
2004,Gujarat,Mahesana,2282,0
2004,Gujarat,Narmada,1152,2
2004,Gujarat,Navsari,904,0
2004,Gujarat,Panch Mahals,16035,4
2004,Gujarat,Patan,5279,0
2004,Gujarat,Porbandar,882,0
2004,Gujarat,Rajkot,9099,5
2004,Gujarat,Sabar kantha,3013,0
2004,Gujarat,Surat,10586,0
2004,Gujarat,Surendranagar,11766,3
2004,Gujarat,Vadodara,9731,11
2004,Gujarat,Valsad,323,0
2004,Gujarat,Ambala,142,0
2004,Haryana,Bhiwani,898,0
2004,Haryana,Faridabad,158,0
2004,Haryana,Fatehabad,22,0
2004,Haryana,Gurugram,851,0
2004,Haryana,Hisar,210,0
2004,Haryana,Jhajjar,397,0
2004,Haryana,Jind,281,0
2004,Haryana,Kaithal,178,0
2004,Haryana,Karnal,1854,0
2004,Haryana,Kurukshetra,160,0
2004,Haryana,Mahendragarh,356,0
2004,Haryana,Panchkula,61,0
2004,Haryana,Panipat,1881,0
2004,Haryana,Rewari,95,0
2004,Haryana,Rohtak,946,0
2004,Haryana,Sirsa,99,0
2004,Haryana,Sonipat,1435,0
2004,Haryana,Yamunanagar,40,0
2004,Himachal Pradesh,Bilaspur,18,0
2004,Himachal Pradesh,Chamba,6,0
2004,Himachal Pradesh,Hamirpur,29,0
2004,Himachal Pradesh,Kangra,29,0
2004,Himachal Pradesh,Kullu,0,0
2004,Himachal Pradesh,Mandi,12,0
2004,Himachal Pradesh,Shimla,27,0
2004,Himachal Pradesh,Sirmaur,3,0
2004,Himachal Pradesh,Solan,1,0
2004,Himachal Pradesh,Una,1,0
2004,Jammu And Kashmir,Baramulla,0,0
2004,Jammu And Kashmir,Doda,19,0
2004,Jammu And Kashmir,Jammu,33,0
2004,Jammu And Kashmir,Kargil,0,0
2004,Jammu And Kashmir,Kathua,18,0
2004,Jammu And Kashmir,Leh Ladakh,0,0
2004,Jammu And Kashmir,Poonch,66,0
2004,Jammu And Kashmir,Rajouri,80,0
2004,Jammu And Kashmir,Udhampur,14,0
2004,Jammu And Kashmir,UMCP Jammu#,20,0
2004,Jammu And Kashmir,Bokaro,4740,0
2004,Jammu And Kashmir,Chatra,4402,0
2004,Jammu And Kashmir,Deoghar,150,1
2004,Jammu And Kashmir,Dhanbad,2068,0
2004,Jammu And Kashmir,Dumka,10003,0
2004,Jammu And Kashmir,East Singhbum,2263,0
2004,Jammu And Kashmir,Garhwa,16317,0
2004,Jammu And Kashmir,Giridih,5196,0
2004,Jammu And Kashmir,Godda,5206,27
2004,Jammu And Kashmir,Gumla,6689,12
2004,Jammu And Kashmir,Hazaribagh,8518,0
2004,Jharkhand,Jamtara,0,0
2004,Jharkhand,Koderma,517,0
2004,Jharkhand,Latehar,14653,0
2004,Jharkhand,Lohardaga,1963,0
2004,Jharkhand,Pakur,3872,0
2004,Jharkhand,Palamu,30675,0
2004,Jharkhand,Ranchi,4709,0
2004,Jharkhand,Sahebganj,3531,0
2004,Jharkhand,Saraikela Kharsawan,3810,0
2004,Jharkhand,Simdega,9777,0
2004,Jharkhand,West Singhbhum,4663,0
2004,Karnataka,A.M.U. Almatti#,820,0
2004,Karnataka,A.M.U. B. Gudi#,378,0
2004,Karnataka,A.M.U. Kembhavi#,69,0
2004,Karnataka,Bagalkote,1540,0
2004,Karnataka,Ballari,3138,0
2004,Karnataka,Belagavi,1674,4
2004,Karnataka,Bengaluru Rural,1498,0
2004,Karnataka,Bengaluru Urban,843,3
2004,Karnataka,Bidar,525,0
2004,Karnataka,Chamarajanagara,289,0
2004,Karnataka,Chikkamagaluru,403,0
2004,Karnataka,Chitradurga,1164,0
2004,Karnataka,Dakshina Kannada,11691,2
2004,Karnataka,Davangere,317,1
2004,Karnataka,Dharwad,451,2
2004,Karnataka,Gadag,571,1
2004,Karnataka,Hassan,1416,0
2004,Karnataka,Haveri,370,1
2004,Karnataka,Kalaburagi,5618,2
2004,Karnataka,Kodagu,59,0
2004,Karnataka,Kolar,4566,4
2004,Karnataka,Koppal,1913,1
2004,Karnataka,Mandya,7182,1
2004,Karnataka,Mysuru,720,0
2004,Karnataka,Raichur,20062,4
2004,Karnataka,Shivamogga,184,0
2004,Karnataka,Tumakuru,7990,0
2004,Karnataka,U.K.P.N. PURA#,2507,0
2004,Karnataka,Udupi,634,1
2004,Karnataka,Uttara Kannada,117,0
2004,Karnataka,Vijayapura,2252,0
2004,Karnataka,Alappuzha,218,3
2004,Karnataka,Ernakulam,150,2
2004,Karnataka,Idukki,65,0
2004,Karnataka,Kannur,278,1
2004,Karnataka,Kasaragod,523,1
2004,Karnataka,Kollam,170,0
2004,Karnataka,Kottayam,78,0
2004,Kerala,Kozhikode,182,1
2004,Kerala,Malappuram,233,0
2004,Kerala,Palakkad,187,1
2004,Kerala,Pathanamthitta,205,1
2004,Kerala,Thiruvananthapuram,233,1
2004,Kerala,Thrissur,218,0
2004,Kerala,Wayanad,50,1
2004,Lakshadweep,Lakshadweep District,2,0
2004,Lakshadweep,Balaghat,2915,0
2004,Lakshadweep,Barwani,1133,0
2004,Lakshadweep,Betul,1063,2
2004,Lakshadweep,Bhind,1093,0
2004,Lakshadweep,Bhopal,3004,0
2004,Lakshadweep,Chhatarpur,2245,0
2004,Lakshadweep,Chhindwara,1708,0
2004,Lakshadweep,Damoh,1733,0
2004,Lakshadweep,Datia,74,0
2004,Lakshadweep,Dewas,862,0
2004,Lakshadweep,Dhar,9739,9
2004,Lakshadweep,Dindori,12652,3
2004,Lakshadweep,East Nimar,928,0
2004,Lakshadweep,Guna,6106,0
2004,Lakshadweep,Gwalior,1548,0
2004,Lakshadweep,Harda,206,0
2004,Lakshadweep,Indore,667,0
2004,Lakshadweep,Jabalpur,688,1
2004,Lakshadweep,Jhabua,25336,0
2004,Lakshadweep,Katni,340,0
2004,Lakshadweep,Khargone,1399,0
2004,Lakshadweep,Mandla,7844,4
2004,Lakshadweep,Mandsaur,465,0
2004,Lakshadweep,Morena,516,0
2004,Lakshadweep,Narmadapuram,1500,0
2004,Lakshadweep,Narsinghpur,1641,1
2004,Lakshadweep,Neemuch,396,0
2004,Lakshadweep,Panna,1387,0
2004,Lakshadweep,Raisen,1686,0
2004,Lakshadweep,Rajgarh,3981,0
2004,Lakshadweep,Ratlam,3942,0
2004,Lakshadweep,Rewa,2070,6
2004,Lakshadweep,Sagar,3899,2
2004,Lakshadweep,Satna,3361,0
2004,Lakshadweep,Sehore,1827,0
2004,Lakshadweep,Seoni,2601,0
2004,Lakshadweep,Shahdol,4038,0
2004,Lakshadweep,Shajapur,812,0
2004,Lakshadweep,Sheopur,1091,0
2004,Lakshadweep,Shivpuri,5071,0
2004,Lakshadweep,Sidhi,3004,8
2004,Lakshadweep,Tikamgarh,983,0
2004,Lakshadweep,Ujjain,561,0
2004,Lakshadweep,Umaria,1147,0
2004,Lakshadweep,Vidisha,2832,0
2004,Maharashtra,Ahmednagar,108,0
2004,Maharashtra,Akola,334,1
2004,Maharashtra,Amravati,1396,0
2004,Maharashtra,Aurangabad,230,0
2004,Maharashtra,Beed,339,0
2004,Maharashtra,Bhandara,460,0
2004,Maharashtra,Buldhana,540,1
2004,Maharashtra,Chandrapur,4379,1
2004,Maharashtra,Dhule,1641,0
2004,Maharashtra,Gadchiroli,21928,4
2004,Maharashtra,Gondia,2745,17
2004,Maharashtra,Hingoli,58,0
2004,Maharashtra,Jalgaon,2480,0
2004,Maharashtra,Jalna,104,0
2004,Maharashtra,Kolhapur,103,0
2004,Maharashtra,Latur,163,0
2004,Maharashtra,Mumbai,14756,23
2004,Maharashtra,Nagpur,720,0
2004,Maharashtra,Nagpur MC#,86,0
2004,Maharashtra,Nanded,2111,0
2004,Maharashtra,Nandurbar,1283,1
2004,Maharashtra,Nashik,121,1
2004,Maharashtra,Osmanabad,91,0
2004,Maharashtra,Parbhani,114,0
2004,Maharashtra,Pune,281,0
2004,Maharashtra,Pune MC#,203,2
2004,Maharashtra,Raigad,4097,2
2004,Maharashtra,Ratnagiri,320,2
2004,Maharashtra,Sangli,230,1
2004,Maharashtra,Satara,359,1
2004,Maharashtra,Sindhudurg,131,0
2004,Maharashtra,Solapur,197,1
2004,Maharashtra,Thane,3551,3
2004,Maharashtra,Wardha,1001,0
2004,Maharashtra,Washim,136,0
2004,Maharashtra,Yavatmal,2192,0
2004,Maharashtra,Bishnupur,7,0
2004,Maharashtra,Chandel,253,0
2004,Maharashtra,Churachandpur,149,8
2004,Maharashtra,Imphal,29,0
2004,Maharashtra,Jiribam,73,0
2004,Maharashtra,Kangpokpi,125,0
2004,Maharashtra,Senapati,82,0
2004,Maharashtra,Tamenglong,1396,0
2004,Maharashtra,Thoubal,100,0
2004,Maharashtra,Ukhrul,522,0
2004,Meghalaya,East Garo Hills,3348,0
2004,Meghalaya,Khasi Hills,2227,5
2004,Meghalaya,West Garo Hills,10130,23
2004,Meghalaya,West Jaintia Hills,2216,1
2004,Meghalaya,West Khasi Hills,159,0
2004,Mizoram,Aizawl,43,4
2004,Mizoram,Aizawl West#,855,30
2004,Mizoram,Champhai,1569,7
2004,Mizoram,Kolasib,1012,15
2004,Mizoram,Lawngtlai,303,0
2004,Mizoram,Lunglei,2059,1
2004,Mizoram,Mamit,246,0
2004,Mizoram,Saiha,1426,0
2004,Mizoram,Serchhip,317,15
2004,Nagaland,Mon,69,0
2004,Nagaland,Dimapur,124,1
2004,Nagaland,Kiphire,104,0
2004,Nagaland,Kohima,120,0
2004,Nagaland,Longleng,88,0
2004,Nagaland,Mokokchung,796,0
2004,Nagaland,Peren,58,0
2004,Nagaland,Phek,275,0
2004,Nagaland,Tuensang,148,0
2004,Nagaland,UVBDS Dimapur#,243,0
2004,Nagaland,Wokha,205,0
2004,Nagaland,Zunheboto,256,0
2004,Nagaland,Anugul,15763,14
2004,Nagaland,Balangir,13715,0
2004,Nagaland,Baleshwar,1776,4
2004,Nagaland,Bargarh,6736,6
2004,Nagaland,Bhadrak,740,4
2004,Nagaland,Boudh,4128,7
2004,Nagaland,Cuttack,3827,3
2004,Nagaland,Deogarh,6840,10
2004,Nagaland,Dhenkanal,17215,13
2004,Nagaland,Gajapati,10983,1
2004,Nagaland,Ganjam,17357,11
2004,Nagaland,Jagatsinghapur,138,2
2004,Nagaland,Jajapur,5269,0
2004,Nagaland,Jharsuguda,3791,3
2004,Nagaland,Kalahandi,27220,2
2004,Nagaland,Kandhamal,30498,24
2004,Nagaland,Kendrapara,426,0
2004,Nagaland,Kendujhar,23308,38
2004,Nagaland,Khordha,3926,0
2004,Nagaland,Koraput,19866,25
2004,Nagaland,Malkangiri,18544,53
2004,Nagaland,Mayurbhanj,21044,11
2004,Nagaland,Nabarangpur,21935,3
2004,Nagaland,Nayagarh,5099,6
2004,Nagaland,Nuapada,34461,9
2004,Nagaland,Puri,271,0
2004,Nagaland,Rayagada,28428,12
2004,Nagaland,Sambalpur,20515,5
2004,Nagaland,Sonepur,5417,0
2004,Nagaland,Sundargarh,47496,17
2004,Puducherry,Karaikal,5,0
2004,Puducherry,Mahe,3,0
2004,Puducherry,Pondicherry,34,0
2004,Puducherry,Yanam,1,0
2004,Punjab,Amritsar,238,0
2004,Punjab,Bathinda,11,0
2004,Punjab,Faridkot,215,0
2004,Punjab,Fatehgarh Sahib,3,0
2004,Punjab,Ferozepur,458,0
2004,Punjab,Gurdaspur,1,0
2004,Punjab,Hoshiarpur,7,0
2004,Punjab,Jalandhar,1,0
2004,Punjab,Kapurthala,15,0
2004,Punjab,Ludhiana,623,0
2004,Punjab,Mansa,8,0
2004,Punjab,Moga,0,0
2004,Punjab,Patiala,20,0
2004,Punjab,Rupnagar,6,0
2004,Punjab,S.A.S Nagar,0,0
2004,Punjab,Sangrur,6,0
2004,Punjab,Sri Muktsar Sahib,31,0
2004,Punjab,Ajmer,2767,11
2004,Punjab,Alwar,2259,1
2004,Punjab,Banswara,2393,0
2004,Punjab,Baran,3472,2
2004,Punjab,Barmer,19369,0
2004,Punjab,Bharatpur,1546,2
2004,Punjab,Bhilwara,6351,0
2004,Punjab,Bikaner,6441,0
2004,Punjab,Bundi,2162,0
2004,Punjab,Chittorgarh,4041,0
2004,Punjab,Churu,2471,0
2004,Punjab,Dausa,476,0
2004,Punjab,Dholpur,401,0
2004,Punjab,Dungarpur,2521,0
2004,Punjab,Ganganagar,941,0
2004,Punjab,Hanumangarh,623,0
2004,Punjab,Jaipur,823,1
2004,Punjab,Jaisalmer,16078,2
2004,Punjab,Jalore,2205,0
2004,Punjab,Jhalawar,954,0
2004,Punjab,Jhunjhunu,662,0
2004,Punjab,Jodhpur,4292,0
2004,Punjab,Karauli,846,0
2004,Punjab,Kota,3221,0
2004,Punjab,Nagaur,2489,0
2004,Punjab,Pali,2536,1
2004,Punjab,Rajsamand,1005,0
2004,Punjab,Sawai Madhopur,1765,0
2004,Punjab,Sikar,476,0
2004,Punjab,Sirohi,2252,0
2004,Punjab,Tonk,1191,0
2004,Punjab,Udaipur,5993,0
2004,Sikkim,Gangtok,126,3
2004,Sikkim,Gyalshing,0,0
2004,Sikkim,Mangan,0,0
2004,Sikkim,Namchi,34,0
2004,Sikkim,Aranthangi#,25,0
2004,Sikkim,Chengalpattu,105,0
2004,Sikkim,Chennai,28229,0
2004,Sikkim,Cheyyar#,69,0
2004,Sikkim,Coimbatore,34,0
2004,Sikkim,Cuddalore,67,0
2004,Sikkim,Dharapuram#,8,0
2004,Sikkim,Dharmapuri,848,0
2004,Sikkim,Dindigul,93,0
2004,Sikkim,Erode,69,0
2004,Sikkim,Kallakurichi,105,0
2004,Sikkim,Kanchipuram,14,0
2004,Sikkim,Kanniyakumari,920,0
2004,Sikkim,Karur,13,0
2004,Sikkim,Kovilpatti#,371,0
2004,Sikkim,Krishnagiri,290,0
2004,Sikkim,Madurai,147,0
2004,Sikkim,Nagapattinam,126,0
2004,Sikkim,Namakkal,93,0
2004,Sikkim,Palani#,12,0
2004,Sikkim,Paramakudi#,283,0
2004,Sikkim,Perambalur,59,0
2004,Sikkim,Pudukkottai,32,0
2004,Sikkim,Ramanathapuram,4124,0
2004,Sikkim,Salem,256,0
2004,Sikkim,Sivaganga,75,0
2004,Sikkim,Sivakasi#,2,0
2004,Sikkim,Tenkasi,44,0
2004,Sikkim,Thanjavur,89,0
2004,Sikkim,The Nilgiris,6,0
2004,Sikkim,Theni,6,0
2004,Sikkim,Thiruvallur,1046,0
2004,Sikkim,Thiruvarur,59,0
2004,Sikkim,Tiruchirappalli,21,0
2004,Sikkim,Tirunelveli,78,0
2004,Sikkim,Tirupathur,320,0
2004,Sikkim,Tiruppur,3,0
2004,Sikkim,Tiruvannamalai,655,0
2004,Sikkim,Tuticorin,2181,0
2004,Sikkim,Vellore,453,0
2004,Sikkim,Villupuram,289,0
2004,Sikkim,Virudhunagar,13,0
2004,Tripura,Dhalai,2367,5
2004,Tripura,North Tripura,2706,4
2004,Tripura,South Tripura,9930,5
2004,Tripura,West Tripura,2450,2
2004,Tripura,Agra,439,0
2004,Tripura,Aligarh,864,0
2004,Tripura,Ambedkar Nagar,0,0
2004,Tripura,Amroha,290,0
2004,Tripura,Auraiya,248,0
2004,Tripura,Ayodhya,6,0
2004,Tripura,Azamgarh,1,0
2004,Tripura,Baghpat,0,0
2004,Tripura,Bahraich,217,0
2004,Tripura,Ballia,2,0
2004,Tripura,Balrampur,14,0
2004,Tripura,Banda,1443,0
2004,Tripura,Barabanki,41,0
2004,Tripura,Bareilly,2446,0
2004,Tripura,Basti,42,0
2004,Tripura,Bhadohi,1902,0
2004,Tripura,Bijnor,1428,0
2004,Tripura,Budaun,4910,0
2004,Tripura,Bulandshahr,1609,0
2004,Tripura,Chandauli,0,0
2004,Tripura,Chitrakoot,913,0
2004,Tripura,Deoria,17,0
2004,Tripura,Etah,1153,0
2004,Tripura,Etawah,297,0
2004,Tripura,Farrukhabad,521,0
2004,Tripura,Fatehpur,879,0
2004,Tripura,Firozabad,381,0
2004,Tripura,Gautam Buddha Nagar,464,0
2004,Tripura,Ghaziabad,1015,0
2004,Tripura,Ghazipur,2,0
2004,Tripura,Gonda,110,0
2004,Tripura,Gorakhpur,5,0
2004,Tripura,Hamirpur,2002,0
2004,Tripura,Hardoi,92,0
2004,Tripura,Hathras,715,0
2004,Tripura,Jalaun,550,0
2004,Tripura,Jaunpur,835,0
2004,Tripura,Jhansi,1343,0
2004,Tripura,Kannauj,476,0
2004,Tripura,Kanpur Dehat,328,0
2004,Tripura,Kanpur Nagar,673,0
2004,Tripura,Kaushambi,312,0
2004,Tripura,Kheri,1327,0
2004,Tripura,Kushi Nagar,158,0
2004,Tripura,Lalitpur,1074,0
2004,Tripura,Lucknow,64,0
2004,Tripura,Maharajganj,36,0
2004,Tripura,Mahoba,1457,0
2004,Tripura,Mainpuri,2232,0
2004,Tripura,Mathura,440,0
2004,Tripura,Mau,22,0
2004,Tripura,Meerut,239,0
2004,Tripura,Mirzapur,16032,0
2004,Tripura,Moradabad,265,0
2004,Tripura,Muzaffarnagar,2005,0
2004,Tripura,Pilibhit,22,0
2004,Tripura,Pratapgarh,176,0
2004,Tripura,Prayagraj,5390,0
2004,Tripura,Rae Bareli,73,0
2004,Tripura,Rampur,631,0
2004,Tripura,Saharanpur,357,0
2004,Tripura,Sant Kabeer Nagar,0,0
2004,Tripura,Shahjahanpur,40,0
2004,Tripura,Shravasti,0,0
2004,Tripura,Siddharth Nagar,216,0
2004,Tripura,Sitapur,145,0
2004,Tripura,Sonbhadra,25284,0
2004,Tripura,Sultanpur,163,0
2004,Tripura,Unnao,27,0
2004,Tripura,Varanasi,162,0
2004,Uttarakhand,Almora,22,0
2004,Uttarakhand,Bageshwar,0,0
2004,Uttarakhand,Chamoli,17,0
2004,Uttarakhand,Champawat,0,0
2004,Uttarakhand,Dehradun,59,0
2004,Uttarakhand,Haridwar,314,0
2004,Uttarakhand,Nainital,330,0
2004,Uttarakhand,Pauri Garhwal,27,0
2004,Uttarakhand,Pithoragarh,0,0
2004,Uttarakhand,Rudra Prayag,5,0
2004,Uttarakhand,Tehri Garhwal,0,0
2004,Uttarakhand,Udam Singh Nagar,480,0
2004,Uttarakhand,Uttar Kashi,1,0
2004,Uttarakhand,24 Paraganas North,407,2
2004,West Bengal,24 Paraganas South,531,1
2004,West Bengal,Arambagh#,21,0
2004,West Bengal,Bankura,1327,10
2004,West Bengal,Bardhaman,42,2
2004,West Bengal,Barrackpore#,5,0
2004,West Bengal,Basirhat HD#,83,0
2004,West Bengal,Birbhum,365,19
2004,West Bengal,Chandan nagar#,8,1
2004,West Bengal,Contai#,119,0
2004,West Bengal,Coochbehar,3057,6
2004,West Bengal,Darjeeling,2031,2
2004,West Bengal,Diamond Harbour HD#,314,0
2004,West Bengal,Dinajpur Dakshin,364,2
2004,West Bengal,Dinajpur Uttar,123,0
2004,West Bengal,Ghatal#,78,0
2004,West Bengal,Hooghly,36,0
2004,West Bengal,Howrah,36,1
2004,West Bengal,Jalpaiguri,124912,88
2004,West Bengal,Jangipur (N)#,501,3
2004,West Bengal,Kalna#,17,0
2004,West Bengal,Kandi#,219,0
2004,West Bengal,Katwa#,4,0
2004,West Bengal,KMUHO#,156,1
2004,West Bengal,Kolkata,56359,19
2004,West Bengal,Kolkata Urban#,11322,1
2004,West Bengal,Maldah,1106,1
2004,West Bengal,Medinipur West,4190,7
2004,West Bengal,Murshidabad,931,7
2004,West Bengal,Nadia,427,0
2004,West Bengal,Purulia,10738,4
2004,West Bengal,Serampore#,19,0
2004,West Bengal,Tamluk#,688,4
2004,West Bengal,Uluberia#,274,1
2004,West Bengal,Vishnupur#,61,2
2005,Andaman And Nicobar Islands,Andaman,720,0
2005,Andaman And Nicobar Islands,Nicobars,3234,0
2005,Andaman And Nicobar Islands,Adilabad,845,0
2005,Andaman And Nicobar Islands,Anantapur,632,0
2005,Andaman And Nicobar Islands,Chittoor,190,0
2005,Andaman And Nicobar Islands,East Godavari,8138,0
2005,Andaman And Nicobar Islands,Guntur,518,0
2005,Andaman And Nicobar Islands,Hyderabad,357,0
2005,Andaman And Nicobar Islands,Karimnagar,82,0
2005,Andaman And Nicobar Islands,Khammam,1198,0
2005,Andaman And Nicobar Islands,Krishna,6363,0
2005,Andaman And Nicobar Islands,Kurnool,793,0
2005,Andaman And Nicobar Islands,Mahabubnagar,282,0
2005,Andaman And Nicobar Islands,Medak,22,0
2005,Andaman And Nicobar Islands,Nalgonda,7,0
2005,Andaman And Nicobar Islands,Nizamabad,44,0
2005,Andaman And Nicobar Islands,Prakasam,1279,0
2005,Andaman And Nicobar Islands,Ranga Reddy,612,0
2005,Andaman And Nicobar Islands,SPSR Nellore,53,0
2005,Andaman And Nicobar Islands,Srikakulam,1062,0
2005,Andaman And Nicobar Islands,Visakhapatanam,11053,0
2005,Andaman And Nicobar Islands,Vizianagaram,2118,0
2005,Andaman And Nicobar Islands,Warangal,269,0
2005,Andaman And Nicobar Islands,West Godavari,604,0
2005,Andaman And Nicobar Islands,Y.S.R.,2578,0
2005,Arunachal Pradesh,Changlang,2600,0
2005,Arunachal Pradesh,Dibang Valley,1938,0
2005,Arunachal Pradesh,East Kameng,1739,0
2005,Arunachal Pradesh,East Siang,8213,0
2005,Arunachal Pradesh,Lohit,4327,0
2005,Arunachal Pradesh,Lower Subansiri,129,0
2005,Arunachal Pradesh,Papum Pare,4685,0
2005,Arunachal Pradesh,Tirap,1558,0
2005,Arunachal Pradesh,Upper Siang,499,0
2005,Arunachal Pradesh,Upper Subansiri,920,0
2005,Arunachal Pradesh,West Kameng,198,0
2005,Arunachal Pradesh,West Siang,4409,0
2005,Assam,Barpeta,1745,1
2005,Assam,Bongaigaon,2880,0
2005,Assam,Cachar,2807,0
2005,Assam,Darrang,10350,7
2005,Assam,Dhemaji,977,8
2005,Assam,Dhubri,1066,0
2005,Assam,Dibrugarh,38,2
2005,Assam,Dima Hasao,2587,0
2005,Assam,Goalpara,3060,0
2005,Assam,Golaghat,281,18
2005,Assam,Hailakandi,4770,3
2005,Assam,Jorhat,96,1
2005,Assam,Kamrup,3876,1
2005,Assam,Karbi Anglong,13430,33
2005,Assam,Karimganj,302,1
2005,Assam,Kokrajhar,5964,3
2005,Assam,Lakhimpur,2320,10
2005,Assam,Marigaon,563,9
2005,Assam,Nagaon,4321,4
2005,Assam,Nalbari,2284,4
2005,Assam,Sivasagar,26,0
2005,Assam,Sonitpur,3404,8
2005,Assam,Tinsukia,738,0
2005,Assam,Araria,0,0
2005,Assam,Arwal,0,0
2005,Assam,Aurangabad,1282,0
2005,Bihar,Banka,9,0
2005,Bihar,Begusarai,0,0
2005,Bihar,Bhagalpur,14,0
2005,Bihar,Bhojpur,1,0
2005,Bihar,Buxar,1,0
2005,Bihar,Darbhanga,0,0
2005,Bihar,Gaya,191,1
2005,Bihar,Gopalganj,2,0
2005,Bihar,Jamui,791,0
2005,Bihar,Jehanabad,2,0
2005,Bihar,Kaimur (Bhabua),4,0
2005,Bihar,Katihar,0,0
2005,Bihar,Khagaria,0,0
2005,Bihar,Kishanganj,0,0
2005,Bihar,Lakhisarai,0,0
2005,Bihar,Madhepura,0,0
2005,Bihar,Madhubani,1,0
2005,Bihar,Munger,133,0
2005,Bihar,Muzaffarpur,4,0
2005,Bihar,Nalanda,2,0
2005,Bihar,Nawada,66,0
2005,Bihar,Pashchim Champaran,3,0
2005,Bihar,Patna,18,0
2005,Bihar,Purbi Champaran,0,0
2005,Bihar,Purnia,0,0
2005,Bihar,Rohtas,196,0
2005,Bihar,Saharsa,0,0
2005,Bihar,Samastipur,3,0
2005,Bihar,Saran,10,0
2005,Bihar,Sheikhpura,0,0
2005,Bihar,Sheohar,0,0
2005,Bihar,Sitamarhi,0,0
2005,Bihar,Siwan,0,0
2005,Bihar,Supaul,0,0
2005,Bihar,Vaishali,0,0
2005,Chandigarh,Chandigarh,432,0
2005,Chandigarh,Bastar,44298,0
2005,Chandigarh,Bilaspur,3903,0
2005,Chandigarh,Dantewada,30515,0
2005,Chandigarh,Dhamtari,922,0
2005,Chandigarh,Durg,2058,0
2005,Chandigarh,Janjgir-Champa,910,0
2005,Chandigarh,Jashpur,18190,0
2005,Chandigarh,Kabirdham,2096,0
2005,Chandigarh,Kanker,25277,0
2005,Chandigarh,Korba,8292,0
2005,Chandigarh,Korea,6411,0
2005,Chandigarh,Mahasamund,892,0
2005,Chandigarh,Raigarh,13339,0
2005,Chandigarh,Raipur,3049,0
2005,Chandigarh,RajnandGaon,3730,0
2005,Chandigarh,Surguja,24068,3
2005,D & N Haveli,Dadra And Nagar Haveli,1166,0
2005,Daman & Diu,Daman,84,0
2005,Daman & Diu,Diu,20,0
2005,Delhi,New Delhi,1133,0
2005,Goa,North Goa,2478,1
2005,Goa,South Goa,1269,0
2005,Gujarat,Ahmadabad,3515,4
2005,Gujarat,Ahmadabad MC#,9839,23
2005,Gujarat,Amreli,4530,0
2005,Gujarat,Anand,19564,0
2005,Gujarat,Banas kantha,1988,0
2005,Gujarat,Bharuch,2442,2
2005,Gujarat,Bhavnagar,2068,0
2005,Gujarat,Dang,91,0
2005,Gujarat,Dohad,22783,0
2005,Gujarat,Gandhinagar,3168,0
2005,Gujarat,Jamnagar,2716,0
2005,Gujarat,Junagadh,6820,1
2005,Gujarat,Kachchh,8956,2
2005,Gujarat,Kheda,30330,0
2005,Gujarat,Mahesana,2724,0
2005,Gujarat,Narmada,1339,0
2005,Gujarat,Navsari,595,0
2005,Gujarat,Panch Mahals,8530,0
2005,Gujarat,Patan,5613,2
2005,Gujarat,Porbandar,650,0
2005,Gujarat,Rajkot,4954,5
2005,Gujarat,Sabar kantha,3643,0
2005,Gujarat,Surat,10695,0
2005,Gujarat,Surendranagar,10933,0
2005,Gujarat,Vadodara,10285,15
2005,Gujarat,Valsad,252,0
2005,Gujarat,Ambala,293,0
2005,Gujarat,Bhiwani,1615,0
2005,Gujarat,Faridabad,274,0
2005,Gujarat,Fatehabad,230,0
2005,Gujarat,Gurugram,196,0
2005,Gujarat,Hisar,1756,0
2005,Gujarat,Jhajjar,1307,0
2005,Gujarat,Jind,765,0
2005,Gujarat,Kaithal,1163,0
2005,Gujarat,Karnal,6253,0
2005,Gujarat,Kurukshetra,146,0
2005,Gujarat,Mahendragarh,377,0
2005,Gujarat,Panchkula,110,0
2005,Gujarat,Panipat,7307,0
2005,Gujarat,Rewari,240,0
2005,Gujarat,Rohtak,3377,0
2005,Gujarat,Sirsa,226,0
2005,Gujarat,Sonipat,7501,0
2005,Gujarat,Yamunanagar,126,0
2005,Himachal Pradesh,Bilaspur,23,0
2005,Himachal Pradesh,Chamba,11,0
2005,Himachal Pradesh,Hamirpur,26,0
2005,Himachal Pradesh,Kangra,28,0
2005,Himachal Pradesh,Kullu,3,0
2005,Himachal Pradesh,Mandi,10,0
2005,Himachal Pradesh,Shimla,20,0
2005,Himachal Pradesh,Sirmaur,5,0
2005,Himachal Pradesh,Solan,0,0
2005,Himachal Pradesh,Una,3,0
2005,Jammu And Kashmir,Baramulla,0,0
2005,Jammu And Kashmir,Doda,5,0
2005,Jammu And Kashmir,Jammu,54,0
2005,Jammu And Kashmir,Kargil,0,0
2005,Jammu And Kashmir,Kathua,10,0
2005,Jammu And Kashmir,Leh Ladakh,0,0
2005,Jammu And Kashmir,Poonch,59,0
2005,Jammu And Kashmir,Rajouri,78,0
2005,Jammu And Kashmir,Udhampur,35,0
2005,Jammu And Kashmir,UMCP Jammu#,27,0
2005,Jharkhand,Bokaro,5829,0
2005,Jharkhand,Chatra,9938,0
2005,Jharkhand,Deoghar,413,0
2005,Jharkhand,Dhanbad,2388,0
2005,Jharkhand,Dumka,8615,0
2005,Jharkhand,East Singhbum,1658,0
2005,Jharkhand,Garhwa,19120,0
2005,Jharkhand,Giridih,13506,0
2005,Jharkhand,Godda,8551,5
2005,Jharkhand,Gumla,5837,9
2005,Jharkhand,Hazaribagh,8821,0
2005,Jharkhand,Jamtara,18,0
2005,Jharkhand,Koderma,591,0
2005,Jharkhand,Latehar,13755,0
2005,Jharkhand,Lohardaga,1718,1
2005,Jharkhand,Pakur,3068,0
2005,Jharkhand,Palamu,42045,1
2005,Jharkhand,Ranchi,9113,0
2005,Jharkhand,Sahebganj,3613,0
2005,Jharkhand,Saraikela Kharsawan,6763,0
2005,Jharkhand,Simdega,11564,0
2005,Jharkhand,West Singhbhum,16220,5
2005,Jharkhand,A.M.U. Almatti#,843,0
2005,Karnataka,A.M.U. B. Gudi#,108,0
2005,Karnataka,A.M.U. Kembhavi#,228,0
2005,Karnataka,Bagalkote,5644,0
2005,Karnataka,Ballari,5460,1
2005,Karnataka,Belagavi,2859,6
2005,Karnataka,Bengaluru Rural,469,1
2005,Karnataka,Bengaluru Urban,519,1
2005,Karnataka,Bidar,598,1
2005,Karnataka,Chamarajanagara,191,0
2005,Karnataka,Chikkamagaluru,418,0
2005,Karnataka,Chitradurga,1116,0
2005,Karnataka,Dakshina Kannada,16154,6
2005,Karnataka,Davangere,447,0
2005,Karnataka,Dharwad,398,1
2005,Karnataka,Gadag,602,1
2005,Karnataka,Hassan,948,0
2005,Karnataka,Haveri,492,0
2005,Karnataka,Kalaburagi,5469,5
2005,Karnataka,Kodagu,58,0
2005,Karnataka,Kolar,4322,0
2005,Karnataka,Koppal,6634,0
2005,Karnataka,Mandya,5270,0
2005,Karnataka,Mysuru,207,0
2005,Karnataka,Raichur,10231,2
2005,Karnataka,Shivamogga,229,0
2005,Karnataka,Tumakuru,6577,0
2005,Karnataka,U.K.P.N. PURA#,3407,0
2005,Karnataka,Udupi,824,1
2005,Karnataka,Uttara Kannada,128,0
2005,Karnataka,Vijayapura,2331,0
2005,Kerala,Alappuzha,260,1
2005,Kerala,Ernakulam,186,0
2005,Kerala,Idukki,48,1
2005,Kerala,Kannur,260,1
2005,Kerala,Kasaragod,529,0
2005,Kerala,Kollam,164,0
2005,Kerala,Kottayam,66,0
2005,Kerala,Kozhikode,192,0
2005,Kerala,Malappuram,221,1
2005,Kerala,Palakkad,111,0
2005,Kerala,Pathanamthitta,225,0
2005,Kerala,Thiruvananthapuram,106,0
2005,Kerala,Thrissur,168,2
2005,Kerala,Wayanad,18,0
2005,Lakshadweep,Lakshadweep District,0,0
2005,Lakshadweep,Balaghat,1567,0
2005,Lakshadweep,Barwani,558,0
2005,Lakshadweep,Betul,373,0
2005,Lakshadweep,Bhind,1186,0
2005,Madhya Pradesh,Bhopal,3883,1
2005,Madhya Pradesh,Chhatarpur,1889,0
2005,Madhya Pradesh,Chhindwara,1004,0
2005,Madhya Pradesh,Damoh,1126,0
2005,Madhya Pradesh,Datia,189,0
2005,Madhya Pradesh,Dewas,682,0
2005,Madhya Pradesh,Dhar,3809,1
2005,Madhya Pradesh,Dindori,4453,0
2005,Madhya Pradesh,East Nimar,654,0
2005,Madhya Pradesh,Guna,7109,0
2005,Madhya Pradesh,Gwalior,2285,0
2005,Madhya Pradesh,Harda,115,0
2005,Madhya Pradesh,Indore,431,0
2005,Madhya Pradesh,Jabalpur,1718,1
2005,Madhya Pradesh,Jhabua,12133,0
2005,Madhya Pradesh,Katni,342,0
2005,Madhya Pradesh,Khargone,1372,0
2005,Madhya Pradesh,Mandla,3539,0
2005,Madhya Pradesh,Mandsaur,317,0
2005,Madhya Pradesh,Morena,721,0
2005,Madhya Pradesh,Narmadapuram,2002,0
2005,Madhya Pradesh,Narsinghpur,1573,1
2005,Madhya Pradesh,Neemuch,324,0
2005,Madhya Pradesh,Panna,1809,0
2005,Madhya Pradesh,Raisen,1873,0
2005,Madhya Pradesh,Rajgarh,2482,1
2005,Madhya Pradesh,Ratlam,2779,0
2005,Madhya Pradesh,Rewa,4107,2
2005,Madhya Pradesh,Sagar,5205,7
2005,Madhya Pradesh,Satna,7374,0
2005,Madhya Pradesh,Sehore,1634,1
2005,Madhya Pradesh,Seoni,1980,0
2005,Madhya Pradesh,Shahdol,3665,0
2005,Madhya Pradesh,Shajapur,604,1
2005,Madhya Pradesh,Sheopur,1488,0
2005,Madhya Pradesh,Shivpuri,3964,2
2005,Madhya Pradesh,Sidhi,5192,25
2005,Madhya Pradesh,Tikamgarh,1048,0
2005,Madhya Pradesh,Ujjain,332,0
2005,Madhya Pradesh,Umaria,991,0
2005,Madhya Pradesh,Vidisha,2436,1
2005,Madhya Pradesh,Ahmednagar,135,0
2005,Madhya Pradesh,Akola,301,1
2005,Madhya Pradesh,Amravati,1222,1
2005,Madhya Pradesh,Aurangabad,179,0
2005,Madhya Pradesh,Beed,252,1
2005,Madhya Pradesh,Bhandara,290,1
2005,Madhya Pradesh,Buldhana,363,0
2005,Madhya Pradesh,Chandrapur,3424,4
2005,Maharashtra,Dhule,844,0
2005,Maharashtra,Gadchiroli,10159,2
2005,Maharashtra,Gondia,1285,10
2005,Maharashtra,Hingoli,16,0
2005,Maharashtra,Jalgaon,985,0
2005,Maharashtra,Jalna,55,0
2005,Maharashtra,Kolhapur,158,0
2005,Maharashtra,Latur,157,0
2005,Maharashtra,Mumbai,13452,75
2005,Maharashtra,Nagpur,629,0
2005,Maharashtra,Nagpur MC#,63,0
2005,Maharashtra,Nanded,893,1
2005,Maharashtra,Nandurbar,802,0
2005,Maharashtra,Nashik,208,1
2005,Maharashtra,Osmanabad,61,0
2005,Maharashtra,Parbhani,90,0
2005,Maharashtra,Pune,367,2
2005,Maharashtra,Pune MC#,117,0
2005,Maharashtra,Raigad,3812,1
2005,Maharashtra,Ratnagiri,352,1
2005,Maharashtra,Sangli,184,0
2005,Maharashtra,Satara,384,0
2005,Maharashtra,Sindhudurg,111,0
2005,Maharashtra,Solapur,296,0
2005,Maharashtra,Thane,3375,3
2005,Maharashtra,Wardha,845,0
2005,Maharashtra,Washim,177,0
2005,Maharashtra,Yavatmal,1565,0
2005,Manipur,Bishnupur,29,0
2005,Manipur,Chandel,157,0
2005,Manipur,Churachandpur,175,3
2005,Manipur,Imphal East,72,0
2005,Manipur,Imphal West,117,0
2005,Manipur,Jiribam,100,0
2005,Manipur,Kangpokpi,218,0
2005,Manipur,Senapati,53,0
2005,Manipur,Tamenglong,701,0
2005,Manipur,Thoubal,128,0
2005,Manipur,Ukhrul,321,0
2005,Meghalaya,East Garo Hills,1699,0
2005,Meghalaya,Khasi Hills,3249,17
2005,Meghalaya,West Garo Hills,9521,17
2005,Meghalaya,West Jaintia Hills,2044,7
2005,Meghalaya,West Khasi Hills,303,0
2005,Meghalaya,Aizawl,79,3
2005,Meghalaya,Aizawl West#,670,14
2005,Meghalaya,Champhai,214,3
2005,Meghalaya,Kolasib,2409,7
2005,Meghalaya,Lawngtlai,609,1
2005,Meghalaya,Lunglei,3087,23
2005,Meghalaya,Mamit,1579,5
2005,Meghalaya,Saiha,1638,3
2005,Meghalaya,Serchhip,456,15
2005,Nagaland,Mon,65,0
2005,Nagaland,Dimapur,95,0
2005,Nagaland,Kiphire,276,0
2005,Nagaland,Kohima,232,0
2005,Nagaland,Longleng,86,0
2005,Nagaland,Mokokchung,1042,0
2005,Nagaland,Peren,11,0
2005,Nagaland,Phek,405,0
2005,Nagaland,Tuensang,126,0
2005,Nagaland,UVBDS Dimapur#,196,0
2005,Nagaland,Wokha,313,0
2005,Nagaland,Zunheboto,140,0
2005,Odisha,Anugul,19196,5
2005,Odisha,Balangir,13557,0
2005,Odisha,Baleshwar,2687,8
2005,Odisha,Bargarh,5752,0
2005,Odisha,Bhadrak,714,4
2005,Odisha,Boudh,3572,26
2005,Odisha,Cuttack,3165,4
2005,Odisha,Deogarh,5931,8
2005,Odisha,Dhenkanal,13920,3
2005,Odisha,Gajapati,10223,2
2005,Odisha,Ganjam,19013,0
2005,Odisha,Jagatsinghapur,318,0
2005,Odisha,Jajapur,5363,0
2005,Odisha,Jharsuguda,3068,4
2005,Odisha,Kalahandi,27110,3
2005,Odisha,Kandhamal,29863,31
2005,Odisha,Kendrapara,362,0
2005,Odisha,Kendujhar,24182,37
2005,Odisha,Khordha,3506,2
2005,Odisha,Koraput,19879,18
2005,Odisha,Malkangiri,17191,23
2005,Odisha,Mayurbhanj,20272,5
2005,Odisha,Nabarangpur,22625,9
2005,Odisha,Nayagarh,4102,8
2005,Odisha,Nuapada,23689,22
2005,Odisha,Puri,263,0
2005,Odisha,Rayagada,30099,14
2005,Odisha,Sambalpur,22188,5
2005,Odisha,Sonepur,5450,0
2005,Odisha,Sundargarh,39313,14
2005,Odisha,Karaikal,6,0
2005,Odisha,Mahe,0,0
2005,Odisha,Pondicherry,38,0
2005,Odisha,Yanam,0,0
2005,Punjab,Amritsar,512,0
2005,Punjab,Bathinda,43,0
2005,Punjab,Faridkot,134,0
2005,Punjab,Fatehgarh Sahib,2,0
2005,Punjab,Ferozepur,592,0
2005,Punjab,Gurdaspur,8,0
2005,Punjab,Hoshiarpur,17,0
2005,Punjab,Jalandhar,42,0
2005,Punjab,Kapurthala,11,0
2005,Punjab,Ludhiana,265,0
2005,Punjab,Mansa,24,0
2005,Punjab,Moga,8,0
2005,Punjab,Patiala,127,0
2005,Punjab,Rupnagar,7,0
2005,Punjab,S.A.S Nagar,1,0
2005,Punjab,Sangrur,52,0
2005,Punjab,Sri Muktsar Sahib,38,0
2005,Punjab,Ajmer,1865,0
2005,Punjab,Alwar,2833,2
2005,Punjab,Banswara,1579,0
2005,Punjab,Baran,1726,2
2005,Punjab,Barmer,2467,0
2005,Punjab,Bharatpur,2105,0
2005,Punjab,Bhilwara,5005,0
2005,Punjab,Bikaner,792,0
2005,Punjab,Bundi,2546,0
2005,Punjab,Chittorgarh,2679,0
2005,Punjab,Churu,800,1
2005,Punjab,Dausa,711,0
2005,Punjab,Dholpur,489,0
2005,Punjab,Dungarpur,1867,0
2005,Punjab,Ganganagar,223,0
2005,Punjab,Hanumangarh,516,2
2005,Punjab,Jaipur,1303,8
2005,Punjab,Jaisalmer,1965,0
2005,Punjab,Jalore,953,0
2005,Punjab,Jhalawar,844,0
2005,Punjab,Jhunjhunu,604,2
2005,Punjab,Jodhpur,1679,0
2005,Punjab,Karauli,571,0
2005,Punjab,Kota,2368,1
2005,Punjab,Nagaur,1814,1
2005,Punjab,Pali,1901,0
2005,Punjab,Rajsamand,660,0
2005,Punjab,Sawai Madhopur,1113,0
2005,Punjab,Sikar,443,1
2005,Punjab,Sirohi,1429,0
2005,Punjab,Tonk,1034,2
2005,Punjab,Udaipur,5402,0
2005,Sikkim,Gangtok,55,0
2005,Sikkim,Gyalshing,0,0
2005,Sikkim,Mangan,0,0
2005,Sikkim,Namchi,14,0
2005,Tamil Nadu,Aranthangi#,19,0
2005,Tamil Nadu,Chengalpattu,104,0
2005,Tamil Nadu,Chennai,25153,0
2005,Tamil Nadu,Cheyyar#,70,0
2005,Tamil Nadu,Coimbatore,10,0
2005,Tamil Nadu,Cuddalore,76,0
2005,Tamil Nadu,Dharapuram#,1,0
2005,Tamil Nadu,Dharmapuri,385,0
2005,Tamil Nadu,Dindigul,146,0
2005,Tamil Nadu,Erode,2,0
2005,Tamil Nadu,Kallakurichi,72,0
2005,Tamil Nadu,Kanchipuram,10,0
2005,Tamil Nadu,Kanniyakumari,1462,0
2005,Tamil Nadu,Karur,5,0
2005,Tamil Nadu,Kovilpatti#,367,0
2005,Tamil Nadu,Krishnagiri,115,0
2005,Tamil Nadu,Madurai,161,0
2005,Tamil Nadu,Nagapattinam,121,0
2005,Tamil Nadu,Namakkal,67,0
2005,Tamil Nadu,Palani#,13,0
2005,Tamil Nadu,Paramakudi#,352,0
2005,Tamil Nadu,Perambalur,31,0
2005,Tamil Nadu,Pudukkottai,10,0
2005,Tamil Nadu,Ramanathapuram,6347,0
2005,Tamil Nadu,Salem,99,0
2005,Tamil Nadu,Sivaganga,44,0
2005,Tamil Nadu,Sivakasi#,2,0
2005,Tamil Nadu,Tenkasi,34,0
2005,Tamil Nadu,Thanjavur,109,0
2005,Tamil Nadu,The Nilgiris,4,0
2005,Tamil Nadu,Theni,4,0
2005,Tamil Nadu,Thiruvallur,902,0
2005,Tamil Nadu,Thiruvarur,29,0
2005,Tamil Nadu,Tiruchirappalli,28,0
2005,Tamil Nadu,Tirunelveli,56,0
2005,Tamil Nadu,Tirupathur,128,0
2005,Tamil Nadu,Tiruppur,1,0
2005,Tamil Nadu,Tiruvannamalai,449,0
2005,Tamil Nadu,Tuticorin,1856,0
2005,Tamil Nadu,Vellore,472,0
2005,Tamil Nadu,Villupuram,343,0
2005,Tamil Nadu,Virudhunagar,19,0
2005,Tamil Nadu,Dhalai,3760,3
2005,Tamil Nadu,North Tripura,1502,5
2005,Tripura,South Tripura,10876,10
2005,Tripura,West Tripura,1870,2
2005,Tripura,Agra,267,0
2005,Tripura,Aligarh,1736,0
2005,Tripura,Ambedkar Nagar,0,0
2005,Tripura,Amroha,261,0
2005,Tripura,Auraiya,418,0
2005,Tripura,Ayodhya,4,0
2005,Tripura,Azamgarh,2,0
2005,Tripura,Baghpat,163,0
2005,Tripura,Bahraich,130,0
2005,Tripura,Ballia,0,0
2005,Tripura,Balrampur,8,0
2005,Tripura,Banda,836,0
2005,Tripura,Barabanki,0,0
2005,Tripura,Bareilly,2668,0
2005,Tripura,Basti,77,0
2005,Tripura,Bhadohi,1773,0
2005,Tripura,Bijnor,1374,0
2005,Tripura,Budaun,3780,0
2005,Tripura,Bulandshahr,1681,0
2005,Tripura,Chandauli,882,0
2005,Tripura,Chitrakoot,1476,0
2005,Tripura,Deoria,18,0
2005,Tripura,Etah,1440,0
2005,Tripura,Etawah,896,0
2005,Tripura,Farrukhabad,650,0
2005,Tripura,Fatehpur,2558,0
2005,Tripura,Firozabad,132,0
2005,Tripura,Gautam Buddha Nagar,1036,0
2005,Tripura,Ghaziabad,931,0
2005,Tripura,Ghazipur,0,0
2005,Tripura,Gonda,33,0
2005,Tripura,Gorakhpur,4,0
2005,Tripura,Hamirpur,2180,0
2005,Tripura,Hardoi,86,0
2005,Tripura,Hathras,762,0
2005,Tripura,Jalaun,635,0
2005,Tripura,Jaunpur,388,0
2005,Tripura,Jhansi,1348,0
2005,Tripura,Kannauj,668,0
2005,Tripura,Kanpur Dehat,916,0
2005,Tripura,Kanpur Nagar,654,0
2005,Tripura,Kaushambi,504,0
2005,Tripura,Kheri,1003,0
2005,Tripura,Kushi Nagar,138,0
2005,Tripura,Lalitpur,1093,0
2005,Tripura,Lucknow,47,0
2005,Tripura,Maharajganj,63,0
2005,Tripura,Mahoba,1346,0
2005,Tripura,Mainpuri,2225,0
2005,Tripura,Mathura,352,0
2005,Tripura,Mau,17,0
2005,Tripura,Meerut,248,0
2005,Tripura,Mirzapur,10715,0
2005,Tripura,Moradabad,657,0
2005,Tripura,Muzaffarnagar,4566,0
2005,Tripura,Pilibhit,400,0
2005,Tripura,Pratapgarh,271,0
2005,Tripura,Prayagraj,5961,0
2005,Tripura,Rae Bareli,58,0
2005,Tripura,Rampur,753,0
2005,Tripura,Saharanpur,366,0
2005,Tripura,Sant Kabeer Nagar,6,0
2005,Tripura,Shahjahanpur,109,0
2005,Tripura,Shravasti,1,0
2005,Tripura,Siddharth Nagar,290,0
2005,Tripura,Sitapur,55,0
2005,Tripura,Sonbhadra,40582,0
2005,Tripura,Sultanpur,355,0
2005,Tripura,Unnao,27,0
2005,Tripura,Varanasi,224,0
2005,Uttarakhand,Almora,13,0
2005,Uttarakhand,Bageshwar,3,0
2005,Uttarakhand,Chamoli,23,0
2005,Uttarakhand,Champawat,0,0
2005,Uttarakhand,Dehradun,54,0
2005,Uttarakhand,Haridwar,311,0
2005,Uttarakhand,Nainital,332,0
2005,Uttarakhand,Pauri Garhwal,25,0
2005,Uttarakhand,Pithoragarh,0,0
2005,Uttarakhand,Rudra Prayag,1,0
2005,Uttarakhand,Tehri Garhwal,3,0
2005,Uttarakhand,Udam Singh Nagar,476,0
2005,Uttarakhand,Uttar Kashi,1,0
2005,Uttarakhand,24 Paraganas North,451,0
2005,Uttarakhand,24 Paraganas South,1167,4
2005,Uttarakhand,Bankura,2293,17
2005,Uttarakhand,Bardhaman,66,1
2005,Uttarakhand,Birbhum,783,15
2005,Uttarakhand,Coochbehar,3659,13
2005,Uttarakhand,Darjeeling,10489,14
2005,Uttarakhand,Dinajpur Dakshin,263,2
2005,Uttarakhand,Dinajpur Uttar,107,0
2005,Uttarakhand,Hooghly,155,3
2005,Uttarakhand,Howrah,415,8
2005,Uttarakhand,Jalpaiguri,76731,36
2005,Uttarakhand,KMUHO#,153,1
2005,Uttarakhand,Kolkata,57674,3
2005,Uttarakhand,Kolkata Urban#,8389,0
2005,Uttarakhand,Maldah,1299,0
2005,Uttarakhand,Medinipur East,1082,0
2005,Uttarakhand,Medinipur West,8017,22
2005,Uttarakhand,Murshidabad,1254,14
2005,Uttarakhand,Nadia,519,1
2005,Uttarakhand,Purulia,10998,21
2006,Andaman And Nicobar Islands,Andaman,1119,0
2006,Andaman And Nicobar Islands,Nicobars,1874,1
2006,Andhra Pradesh,Adilabad,902,0
2006,Andhra Pradesh,Anantapur,2118,0
2006,Andhra Pradesh,Chittoor,205,0
2006,Andhra Pradesh,East Godavari,8765,0
2006,Andhra Pradesh,Guntur,556,0
2006,Andhra Pradesh,Hyderabad,228,0
2006,Andhra Pradesh,Karimnagar,143,0
2006,Andhra Pradesh,Khammam,2033,0
2006,Andhra Pradesh,Krishna,3041,0
2006,Andhra Pradesh,Kurnool,807,0
2006,Andhra Pradesh,Mahabubnagar,152,0
2006,Andhra Pradesh,Medak,47,0
2006,Andhra Pradesh,Nalgonda,253,0
2006,Andhra Pradesh,Nizamabad,15,0
2006,Andhra Pradesh,Prakasam,1722,0
2006,Andhra Pradesh,Ranga Reddy,323,0
2006,Andhra Pradesh,SPSR Nellore,45,0
2006,Andhra Pradesh,Srikakulam,1176,0
2006,Andhra Pradesh,Visakhapatanam,5984,0
2006,Andhra Pradesh,Vizianagaram,2120,0
2006,Andhra Pradesh,Warangal,244,0
2006,Andhra Pradesh,West Godavari,677,0
2006,Andhra Pradesh,Y.S.R.,2525,0
2006,Arunachal Pradesh,Changlang,4093,3
2006,Arunachal Pradesh,Dibang Valley,8538,4
2006,Arunachal Pradesh,East Kameng,3057,44
2006,Arunachal Pradesh,East Siang,4201,14
2006,Arunachal Pradesh,Lohit,5242,14
2006,Arunachal Pradesh,Lower Subansiri,142,0
2006,Arunachal Pradesh,Papum Pare,6314,50
2006,Arunachal Pradesh,Tirap,2230,57
2006,Arunachal Pradesh,Upper Siang,124,0
2006,Arunachal Pradesh,Upper Subansiri,1215,5
2006,Arunachal Pradesh,West Kameng,454,5
2006,Arunachal Pradesh,West Siang,3572,0
2006,Arunachal Pradesh,Barpeta,4316,9
2006,Arunachal Pradesh,Bongaigaon,5766,2
2006,Arunachal Pradesh,Cachar,4451,1
2006,Assam,Darrang,18171,5
2006,Assam,Dhemaji,2353,13
2006,Assam,Dhubri,2432,8
2006,Assam,Dibrugarh,111,3
2006,Assam,Dima Hasao,3116,1
2006,Assam,Goalpara,5792,4
2006,Assam,Golaghat,2113,44
2006,Assam,Hailakandi,5447,2
2006,Assam,Jorhat,320,8
2006,Assam,Kamrup,7215,26
2006,Assam,Karbi Anglong,17738,48
2006,Assam,Karimganj,1068,2
2006,Assam,Kokrajhar,8719,7
2006,Assam,Lakhimpur,11015,82
2006,Assam,Marigaon,2548,6
2006,Assam,Nagaon,7043,6
2006,Assam,Nalbari,5009,7
2006,Assam,Sivasagar,47,1
2006,Assam,Sonitpur,9604,9
2006,Assam,Tinsukia,1784,10
2006,Assam,Araria,0,0
2006,Assam,Arwal,0,0
2006,Assam,Aurangabad,1282,0
2006,Assam,Banka,9,0
2006,Assam,Begusarai,0,0
2006,Assam,Bhagalpur,14,0
2006,Assam,Bhojpur,1,0
2006,Assam,Buxar,1,0
2006,Assam,Darbhanga,0,0
2006,Assam,Gaya,191,1
2006,Assam,Gopalganj,2,0
2006,Assam,Jamui,791,0
2006,Assam,Jehanabad,2,0
2006,Assam,Kaimur (Bhabua),4,0
2006,Assam,Katihar,0,0
2006,Assam,Khagaria,0,0
2006,Assam,Kishanganj,0,0
2006,Assam,Lakhisarai,11,0
2006,Assam,Madhepura,0,0
2006,Assam,Madhubani,1,0
2006,Assam,Munger,133,0
2006,Assam,Muzaffarpur,4,0
2006,Assam,Nalanda,2,0
2006,Assam,Nawada,66,0
2006,Assam,Pashchim Champaran,3,0
2006,Assam,Patna,18,0
2006,Assam,Purbi Champaran,0,0
2006,Assam,Purnia,0,0
2006,Assam,Rohtas,196,0
2006,Assam,Saharsa,0,0
2006,Assam,Samastipur,3,0
2006,Assam,Saran,10,0
2006,Assam,Sheikhpura,0,0
2006,Assam,Sheohar,0,0
2006,Assam,Sitamarhi,0,0
2006,Assam,Siwan,0,0
2006,Assam,Supaul,0,0
2006,Assam,Vaishali,0,0
2006,Chandigarh,Chandigarh,449,0
2006,Chhattisgarh,Bastar,43603,0
2006,Chhattisgarh,Bilaspur,5462,0
2006,Chhattisgarh,Dantewada,41257,0
2006,Chhattisgarh,Dhamtari,788,1
2006,Chhattisgarh,Durg,1747,1
2006,Chhattisgarh,Janjgir-Champa,1285,0
2006,Chhattisgarh,Jashpur,16485,0
2006,Chhattisgarh,Kabirdham,1895,0
2006,Chhattisgarh,Kanker,21777,0
2006,Chhattisgarh,Korba,8777,0
2006,Chhattisgarh,Korea,8438,0
2006,Chhattisgarh,Mahasamund,1406,1
2006,Chhattisgarh,Raigarh,11282,0
2006,Chhattisgarh,Raipur,2237,0
2006,Chhattisgarh,RajnandGaon,3424,0
2006,Chhattisgarh,Surguja,20727,0
2006,D & N Haveli,Dadra And Nagar Haveli,3786,0
2006,Daman & Diu,Daman,113,0
2006,Daman & Diu,Diu,27,0
2006,Delhi,New Delhi,928,0
2006,Goa,North Goa,3966,5
2006,Goa,South Goa,1044,2
2006,Goa,Ahmadabad,1674,1
2006,Goa,Ahmadabad MC#,2818,22
2006,Goa,Amreli,4078,1
2006,Goa,Anand,3265,0
2006,Goa,Banas kantha,4616,0
2006,Goa,Bharuch,2888,1
2006,Goa,Bhavnagar,2533,3
2006,Goa,Dang,405,0
2006,Goa,Dohad,3977,0
2006,Goa,Gandhinagar,1406,0
2006,Goa,Jamnagar,2701,10
2006,Goa,Junagadh,4621,0
2006,Goa,Kachchh,5081,1
2006,Goa,Kheda,1872,0
2006,Goa,Mahesana,1487,2
2006,Goa,Narmada,1122,2
2006,Goa,Navsari,990,0
2006,Goa,Panch Mahals,3575,0
2006,Goa,Patan,4154,1
2006,Goa,Porbandar,371,0
2006,Goa,Rajkot,3012,0
2006,Goa,Sabar kantha,3032,0
2006,Goa,Surat,14315,0
2006,Goa,Surendranagar,6875,0
2006,Goa,Vadodara,7906,1
2006,Goa,Valsad,1061,0
2006,Haryana,Ambala,293,0
2006,Haryana,Bhiwani,1844,0
2006,Haryana,Faridabad,285,0
2006,Haryana,Fatehabad,939,0
2006,Haryana,Gurugram,94,0
2006,Haryana,Hisar,3355,0
2006,Haryana,Jhajjar,1712,0
2006,Haryana,Jind,5944,0
2006,Haryana,Kaithal,1757,0
2006,Haryana,Karnal,8834,0
2006,Haryana,Kurukshetra,110,0
2006,Haryana,Mahendragarh,449,0
2006,Haryana,Nuh,383,0
2006,Haryana,Panchkula,464,0
2006,Haryana,Panipat,8157,0
2006,Haryana,Rewari,284,0
2006,Haryana,Rohtak,4496,0
2006,Haryana,Sirsa,330,0
2006,Haryana,Sonipat,7182,0
2006,Haryana,Yamunanagar,230,0
2006,Himachal Pradesh,Bilaspur,14,0
2006,Himachal Pradesh,Chamba,10,0
2006,Himachal Pradesh,Hamirpur,23,0
2006,Himachal Pradesh,Kangra,30,0
2006,Himachal Pradesh,Kullu,1,0
2006,Himachal Pradesh,Mandi,3,0
2006,Himachal Pradesh,Shimla,27,0
2006,Himachal Pradesh,Sirmaur,0,0
2006,Himachal Pradesh,Solan,5,0
2006,Himachal Pradesh,Una,1,0
2006,Himachal Pradesh,Baramulla,0,0
2006,Himachal Pradesh,Doda,3,0
2006,Himachal Pradesh,Jammu,42,0
2006,Himachal Pradesh,Kargil,0,0
2006,Himachal Pradesh,Kathua,16,0
2006,Himachal Pradesh,Leh Ladakh,0,0
2006,Himachal Pradesh,Poonch,40,0
2006,Himachal Pradesh,Rajouri,24,0
2006,Himachal Pradesh,Udhampur,28,0
2006,Himachal Pradesh,UMCP Jammu#,11,0
2006,Jharkhand,Bokaro,5635,0
2006,Jharkhand,Chatra,9251,0
2006,Jharkhand,Deoghar,240,0
2006,Jharkhand,Dhanbad,2443,0
2006,Jharkhand,Dumka,10004,0
2006,Jharkhand,East Singhbum,5424,0
2006,Jharkhand,Garhwa,21452,0
2006,Jharkhand,Giridih,17961,0
2006,Jharkhand,Godda,7047,0
2006,Jharkhand,Gumla,4881,2
2006,Jharkhand,Hazaribagh,7758,0
2006,Jharkhand,Jamtara,52,0
2006,Jharkhand,Koderma,1014,0
2006,Jharkhand,Latehar,16880,0
2006,Jharkhand,Lohardaga,1304,1
2006,Jharkhand,Pakur,2859,0
2006,Jharkhand,Palamu,37102,0
2006,Jharkhand,Ranchi,7546,1
2006,Jharkhand,Sahebganj,2544,0
2006,Jharkhand,Saraikela Kharsawan,6032,0
2006,Jharkhand,Simdega,8881,0
2006,Jharkhand,West Singhbhum,17578,0
2006,Jharkhand,A.M.U. Almatti#,532,0
2006,Jharkhand,A.M.U. B. Gudi#,49,0
2006,Jharkhand,A.M.U. Kembhavi#,182,0
2006,Jharkhand,Bagalkote,1595,0
2006,Jharkhand,Ballari,2605,0
2006,Jharkhand,Belagavi,4149,10
2006,Jharkhand,Bengaluru Rural,177,0
2006,Jharkhand,Bengaluru Urban,97,0
2006,Jharkhand,Bidar,389,0
2006,Jharkhand,Chamarajanagara,577,0
2006,Jharkhand,Chikkamagaluru,343,0
2006,Jharkhand,Chitradurga,3015,0
2006,Jharkhand,Dakshina Kannada,12998,11
2006,Jharkhand,Davangere,239,0
2006,Jharkhand,Dharwad,479,0
2006,Jharkhand,Gadag,1002,1
2006,Jharkhand,Hassan,412,0
2006,Jharkhand,Haveri,574,1
2006,Jharkhand,Kalaburagi,5067,1
2006,Jharkhand,Kodagu,40,0
2006,Jharkhand,Kolar,8175,7
2006,Jharkhand,Koppal,3269,1
2006,Jharkhand,Mandya,1554,0
2006,Jharkhand,Mysuru,168,0
2006,Jharkhand,Raichur,7599,0
2006,Jharkhand,Shivamogga,183,0
2006,Jharkhand,Tumakuru,4297,0
2006,Jharkhand,U.K.P.N. PURA#,996,0
2006,Jharkhand,Udupi,678,0
2006,Jharkhand,Uttara Kannada,268,0
2006,Jharkhand,Vijayapura,1134,0
2006,Kerala,Alappuzha,220,0
2006,Kerala,Ernakulam,148,3
2006,Kerala,Idukki,72,0
2006,Kerala,Kannur,237,0
2006,Kerala,Kasaragod,280,0
2006,Kerala,Kollam,150,1
2006,Kerala,Kottayam,65,0
2006,Kerala,Kozhikode,182,2
2006,Kerala,Malappuram,191,0
2006,Kerala,Palakkad,87,0
2006,Kerala,Pathanamthitta,156,0
2006,Kerala,Thiruvananthapuram,99,0
2006,Kerala,Thrissur,223,0
2006,Kerala,Wayanad,21,0
2006,Lakshadweep,Lakshadweep District,0,0
2006,Lakshadweep,Anuppur,1960,0
2006,Lakshadweep,Ashoknagar,3421,0
2006,Lakshadweep,Balaghat,1399,0
2006,Lakshadweep,Barwani,401,0
2006,Lakshadweep,Betul,1323,9
2006,Lakshadweep,Bhind,1014,0
2006,Lakshadweep,Bhopal,5010,1
2006,Lakshadweep,Burhanpur,514,0
2006,Lakshadweep,Chhatarpur,1394,0
2006,Lakshadweep,Chhindwara,2102,0
2006,Lakshadweep,Damoh,1244,2
2006,Lakshadweep,Datia,388,0
2006,Lakshadweep,Dewas,968,0
2006,Lakshadweep,Dhar,2300,0
2006,Lakshadweep,Dindori,2971,0
2006,Lakshadweep,East Nimar,1171,0
2006,Lakshadweep,Guna,4308,0
2006,Lakshadweep,Gwalior,1604,0
2006,Lakshadweep,Harda,451,1
2006,Lakshadweep,Indore,279,0
2006,Lakshadweep,Jabalpur,2181,0
2006,Lakshadweep,Jhabua,3334,1
2006,Lakshadweep,Katni,329,0
2006,Lakshadweep,Khargone,2594,0
2006,Lakshadweep,Mandla,2564,2
2006,Lakshadweep,Mandsaur,812,0
2006,Lakshadweep,Morena,828,0
2006,Lakshadweep,Narmadapuram,2379,1
2006,Lakshadweep,Narsinghpur,1307,0
2006,Lakshadweep,Neemuch,315,0
2006,Lakshadweep,Panna,1508,0
2006,Lakshadweep,Raisen,1896,4
2006,Lakshadweep,Rajgarh,2351,0
2006,Lakshadweep,Ratlam,2098,0
2006,Lakshadweep,Rewa,2011,0
2006,Lakshadweep,Sagar,4879,0
2006,Lakshadweep,Satna,5261,0
2006,Lakshadweep,Sehore,1510,0
2006,Lakshadweep,Seoni,2085,4
2006,Lakshadweep,Shahdol,4103,0
2006,Lakshadweep,Shajapur,462,1
2006,Lakshadweep,Sheopur,1595,0
2006,Lakshadweep,Shivpuri,2700,0
2006,Lakshadweep,Sidhi,7761,26
2006,Lakshadweep,Tikamgarh,612,0
2006,Lakshadweep,Ujjain,226,0
2006,Lakshadweep,Umaria,1630,0
2006,Lakshadweep,Vidisha,2607,4
2006,Lakshadweep,Ahmednagar,228,0
2006,Lakshadweep,Akola,273,0
2006,Lakshadweep,Amravati,1451,3
2006,Lakshadweep,Aurangabad,215,0
2006,Lakshadweep,Beed,324,0
2006,Lakshadweep,Bhandara,245,3
2006,Lakshadweep,Buldhana,356,0
2006,Lakshadweep,Chandrapur,2420,4
2006,Lakshadweep,Dhule,1754,0
2006,Lakshadweep,Gadchiroli,7737,3
2006,Lakshadweep,Gondia,970,5
2006,Lakshadweep,Hingoli,23,0
2006,Lakshadweep,Jalgaon,725,0
2006,Lakshadweep,Jalna,59,0
2006,Lakshadweep,Kolhapur,185,1
2006,Lakshadweep,Latur,174,0
2006,Lakshadweep,Mumbai,17826,107
2006,Lakshadweep,Nagpur,569,0
2006,Lakshadweep,Nagpur MC#,75,0
2006,Lakshadweep,Nanded,635,0
2006,Lakshadweep,Nandurbar,939,0
2006,Lakshadweep,Nashik,463,0
2006,Lakshadweep,Osmanabad,33,0
2006,Lakshadweep,Parbhani,65,0
2006,Lakshadweep,Pune,695,2
2006,Lakshadweep,Pune MC#,112,0
2006,Lakshadweep,Raigad,6060,0
2006,Lakshadweep,Ratnagiri,426,4
2006,Lakshadweep,Sangli,149,0
2006,Lakshadweep,Satara,345,0
2006,Lakshadweep,Sindhudurg,270,0
2006,Lakshadweep,Solapur,232,1
2006,Lakshadweep,Thane,4583,0
2006,Lakshadweep,Wardha,1053,0
2006,Lakshadweep,Washim,312,0
2006,Lakshadweep,Yavatmal,2439,0
2006,Manipur,Bishnupur,17,0
2006,Manipur,Chandel,258,0
2006,Manipur,Churachandpur,303,8
2006,Manipur,Imphal East,119,0
2006,Manipur,Imphal West,58,0
2006,Manipur,Jiribam,88,0
2006,Manipur,Kangpokpi,239,0
2006,Manipur,Senapati,52,0
2006,Manipur,Tamenglong,1125,0
2006,Manipur,Thoubal,73,0
2006,Manipur,Ukhrul,377,0
2006,Meghalaya,East Garo Hills,1158,6
2006,Meghalaya,Khasi Hills,7552,51
2006,Meghalaya,West Garo Hills,15220,44
2006,Meghalaya,West Jaintia Hills,4543,53
2006,Meghalaya,West Khasi Hills,1451,13
2006,Mizoram,Aizawl,629,0
2006,Mizoram,Aizawl West#,443,41
2006,Mizoram,Champhai,384,0
2006,Mizoram,Kolasib,2379,14
2006,Mizoram,Lawngtlai,141,0
2006,Mizoram,Lunglei,3516,26
2006,Mizoram,Mamit,1324,2
2006,Mizoram,Saiha,1227,22
2006,Mizoram,Serchhip,625,15
2006,Nagaland,Mon,201,0
2006,Nagaland,Dimapur,131,0
2006,Nagaland,Kiphire,302,0
2006,Nagaland,Kohima,513,10
2006,Nagaland,Longleng,109,0
2006,Nagaland,Mokokchung,764,6
2006,Nagaland,Peren,31,0
2006,Nagaland,Phek,467,0
2006,Nagaland,Tuensang,170,0
2006,Nagaland,UVBDS Dimapur#,207,59
2006,Nagaland,Wokha,417,0
2006,Nagaland,Zunheboto,49,0
2006,Nagaland,Anugul,16803,4
2006,Nagaland,Balangir,12035,0
2006,Nagaland,Baleshwar,2249,10
2006,Nagaland,Bargarh,4091,1
2006,Nagaland,Bhadrak,758,1
2006,Nagaland,Boudh,3102,21
2006,Odisha,Cuttack,2658,2
2006,Odisha,Deogarh,4751,1
2006,Odisha,Dhenkanal,13734,0
2006,Odisha,Gajapati,11005,1
2006,Odisha,Ganjam,22441,2
2006,Odisha,Jagatsinghapur,467,1
2006,Odisha,Jajapur,5581,1
2006,Odisha,Jharsuguda,2461,2
2006,Odisha,Kalahandi,27640,2
2006,Odisha,Kandhamal,32920,33
2006,Odisha,Kendrapara,474,1
2006,Odisha,Kendujhar,29896,48
2006,Odisha,Khordha,3945,0
2006,Odisha,Koraput,16512,34
2006,Odisha,Malkangiri,16139,18
2006,Odisha,Mayurbhanj,17906,8
2006,Odisha,Nabarangpur,19408,4
2006,Odisha,Nayagarh,5801,4
2006,Odisha,Nuapada,18913,24
2006,Odisha,Puri,168,0
2006,Odisha,Rayagada,33734,15
2006,Odisha,Sambalpur,20771,4
2006,Odisha,Sonepur,4934,2
2006,Odisha,Sundargarh,28919,13
2006,Puducherry,Karaikal,13,0
2006,Puducherry,Mahe,1,0
2006,Puducherry,Pondicherry,34,0
2006,Puducherry,Yanam,2,0
2006,Punjab,Amritsar,80,0
2006,Punjab,Barnala,3,0
2006,Punjab,Bathinda,28,0
2006,Punjab,Faridkot,144,0
2006,Punjab,Fatehgarh Sahib,6,0
2006,Punjab,Ferozepur,585,0
2006,Punjab,Gurdaspur,23,0
2006,Punjab,Hoshiarpur,25,0
2006,Punjab,Jalandhar,39,0
2006,Punjab,Kapurthala,10,0
2006,Punjab,Ludhiana,192,0
2006,Punjab,Mansa,205,0
2006,Punjab,Moga,5,0
2006,Punjab,Patiala,66,0
2006,Punjab,Rupnagar,9,0
2006,Punjab,S.A.S Nagar,3,0
2006,Punjab,Sangrur,48,0
2006,Punjab,Shahid Bhagat Singh Nagar,104,0
2006,Punjab,Sri Muktsar Sahib,64,0
2006,Punjab,Tarn taran,249,0
2006,Rajasthan,Ajmer,2484,7
2006,Rajasthan,Alwar,2941,4
2006,Rajasthan,Banswara,2063,0
2006,Rajasthan,Baran,1122,1
2006,Rajasthan,Barmer,25673,0
2006,Rajasthan,Bharatpur,1512,0
2006,Rajasthan,Bhilwara,5808,0
2006,Rajasthan,Bikaner,3487,20
2006,Rajasthan,Bundi,2340,0
2006,Rajasthan,Chittorgarh,3935,2
2006,Rajasthan,Churu,1145,1
2006,Rajasthan,Dausa,759,0
2006,Rajasthan,Dholpur,363,0
2006,Rajasthan,Dungarpur,2531,0
2006,Rajasthan,Ganganagar,487,0
2006,Rajasthan,Hanumangarh,1365,1
2006,Rajasthan,Jaipur,1253,0
2006,Rajasthan,Jaisalmer,9156,3
2006,Rajasthan,Jalore,3177,2
2006,Rajasthan,Jhalawar,1040,2
2006,Rajasthan,Jhunjhunu,787,3
2006,Rajasthan,Jodhpur,1985,0
2006,Rajasthan,Karauli,1468,0
2006,Rajasthan,Kota,1873,0
2006,Rajasthan,Nagaur,4489,0
2006,Rajasthan,Pali,3012,0
2006,Rajasthan,Rajsamand,1153,2
2006,Rajasthan,Sawai Madhopur,1461,0
2006,Rajasthan,Sikar,750,5
2006,Rajasthan,Sirohi,1851,0
2006,Rajasthan,Tonk,1172,5
2006,Rajasthan,Udaipur,6887,0
2006,Sikkim,Gangtok,69,0
2006,Sikkim,Gyalshing,0,0
2006,Sikkim,Mangan,0,0
2006,Sikkim,Namchi,24,0
2006,Sikkim,Aranthangi#,6,0
2006,Sikkim,Chengalpattu,51,0
2006,Sikkim,Chennai,18565,0
2006,Sikkim,Cheyyar#,129,0
2006,Sikkim,Coimbatore,5,0
2006,Sikkim,Cuddalore,42,0
2006,Sikkim,Dharapuram#,0,0
2006,Sikkim,Dharmapuri,208,0
2006,Sikkim,Dindigul,56,0
2006,Sikkim,Erode,0,0
2006,Sikkim,Kallakurichi,44,0
2006,Sikkim,Kanchipuram,5,0
2006,Sikkim,Kanniyakumari,1500,0
2006,Tamil Nadu,Karur,0,0
2006,Tamil Nadu,Kovilpatti#,650,0
2006,Tamil Nadu,Krishnagiri,62,0
2006,Tamil Nadu,Madurai,76,0
2006,Tamil Nadu,Nagapattinam,204,0
2006,Tamil Nadu,Namakkal,31,0
2006,Tamil Nadu,Palani#,3,0
2006,Tamil Nadu,Paramakudi#,165,0
2006,Tamil Nadu,Perambalur,16,0
2006,Tamil Nadu,Pudukkottai,7,0
2006,Tamil Nadu,Ramanathapuram,2709,0
2006,Tamil Nadu,Salem,52,0
2006,Tamil Nadu,Sivaganga,52,0
2006,Tamil Nadu,Sivakasi#,2,0
2006,Tamil Nadu,Tenkasi,24,0
2006,Tamil Nadu,Thanjavur,53,0
2006,Tamil Nadu,The Nilgiris,1,0
2006,Tamil Nadu,Theni,1,0
2006,Tamil Nadu,Thiruvallur,1073,0
2006,Tamil Nadu,Thiruvarur,65,0
2006,Tamil Nadu,Tiruchirappalli,11,0
2006,Tamil Nadu,Tirunelveli,32,0
2006,Tamil Nadu,Tirupathur,69,0
2006,Tamil Nadu,Tiruppur,0,0
2006,Tamil Nadu,Tiruvannamalai,534,0
2006,Tamil Nadu,Tuticorin,803,0
2006,Tamil Nadu,Vellore,562,0
2006,Tamil Nadu,Villupuram,341,0
2006,Tamil Nadu,Virudhunagar,10,0
2006,Tripura,Dhalai,7008,16
2006,Tripura,North Tripura,2855,4
2006,Tripura,South Tripura,10762,5
2006,Tripura,West Tripura,2750,6
2006,Tripura,Agra,332,0
2006,Tripura,Aligarh,1454,0
2006,Tripura,Ambedkar Nagar,0,0
2006,Tripura,Amroha,207,0
2006,Tripura,Auraiya,524,0
2006,Tripura,Ayodhya,18,0
2006,Tripura,Azamgarh,10,0
2006,Tripura,Baghpat,125,0
2006,Tripura,Bahraich,118,0
2006,Tripura,Ballia,4,0
2006,Tripura,Balrampur,12,0
2006,Tripura,Banda,1017,0
2006,Tripura,Barabanki,2,0
2006,Tripura,Bareilly,1955,0
2006,Tripura,Basti,73,0
2006,Tripura,Bhadohi,3380,0
2006,Tripura,Bijnor,1482,0
2006,Tripura,Budaun,2925,0
2006,Tripura,Bulandshahr,734,0
2006,Tripura,Chandauli,780,0
2006,Tripura,Chitrakoot,1746,0
2006,Tripura,Deoria,19,0
2006,Tripura,Etah,1485,0
2006,Tripura,Etawah,573,0
2006,Tripura,Farrukhabad,761,0
2006,Tripura,Fatehpur,830,0
2006,Tripura,Firozabad,374,0
2006,Tripura,Gautam Buddha Nagar,718,0
2006,Tripura,Ghaziabad,540,0
2006,Tripura,Ghazipur,9,0
2006,Tripura,Gonda,38,0
2006,Tripura,Gorakhpur,3,0
2006,Tripura,Hamirpur,992,0
2006,Tripura,Hardoi,107,0
2006,Tripura,Hathras,563,0
2006,Tripura,Jalaun,379,0
2006,Tripura,Jaunpur,298,0
2006,Tripura,Jhansi,1104,0
2006,Tripura,Kannauj,516,0
2006,Tripura,Kanpur Dehat,639,0
2006,Tripura,Kanpur Nagar,386,0
2006,Tripura,Kaushambi,334,0
2006,Tripura,Kheri,1005,0
2006,Tripura,Kushi Nagar,100,0
2006,Tripura,Lalitpur,1461,0
2006,Tripura,Lucknow,14,0
2006,Tripura,Maharajganj,15,0
2006,Tripura,Mahoba,917,0
2006,Tripura,Mainpuri,3494,0
2006,Tripura,Mathura,303,0
2006,Tripura,Mau,4,0
2006,Tripura,Meerut,76,0
2006,Tripura,Mirzapur,8480,0
2006,Tripura,Moradabad,128,0
2006,Tripura,Muzaffarnagar,2495,0
2006,Tripura,Pilibhit,206,0
2006,Tripura,Pratapgarh,328,0
2006,Tripura,Prayagraj,7115,0
2006,Tripura,Rae Bareli,172,0
2006,Tripura,Rampur,373,0
2006,Tripura,Saharanpur,333,0
2006,Tripura,Sant Kabeer Nagar,7,0
2006,Tripura,Shahjahanpur,123,0
2006,Tripura,Shravasti,5,0
2006,Tripura,Siddharth Nagar,288,0
2006,Tripura,Sitapur,48,0
2006,Tripura,Sonbhadra,36009,0
2006,Tripura,Sultanpur,190,0
2006,Tripura,Unnao,17,0
2006,Tripura,Varanasi,294,0
2006,Uttarakhand,Almora,6,0
2006,Uttarakhand,Bageshwar,5,0
2006,Uttarakhand,Chamoli,0,0
2006,Uttarakhand,Champawat,15,0
2006,Uttarakhand,Dehradun,49,0
2006,Uttarakhand,Haridwar,131,0
2006,Uttarakhand,Nainital,365,0
2006,Uttarakhand,Pauri Garhwal,10,0
2006,Uttarakhand,Pithoragarh,0,0
2006,Uttarakhand,Rudra Prayag,5,0
2006,Uttarakhand,Tehri Garhwal,4,0
2006,Uttarakhand,Udam Singh Nagar,518,0
2006,Uttarakhand,Uttar Kashi,0,0
2006,West Bengal,24 Paraganas North,516,2
2006,West Bengal,24 Paraganas South,951,3
2006,West Bengal,Bankura,1314,14
2006,West Bengal,Bardhaman,52,3
2006,West Bengal,Birbhum,434,0
2006,West Bengal,Coochbehar,4392,24
2006,West Bengal,Darjeeling,5834,5
2006,West Bengal,Dinajpur Dakshin,293,1
2006,West Bengal,Dinajpur Uttar,129,0
2006,West Bengal,Hooghly,95,0
2006,West Bengal,Howrah,472,1
2006,West Bengal,Jalpaiguri,61796,97
2006,West Bengal,Kolkata,54704,1
2006,West Bengal,Kolkata Urban#,5894,0
2006,West Bengal,Maldah,1510,1
2006,West Bengal,Medinipur East,964,0
2006,West Bengal,Medinipur West,7592,10
2006,West Bengal,Murshidabad,1658,14
2006,West Bengal,Nadia,460,0
2006,West Bengal,Purulia,10586,27
2006,West Bengal,Pvt. Hospital & Others#,0,0
2007,Andaman And Nicobar Islands,Nicobars,2774,0
2007,Andaman And Nicobar Islands,North And Middle Andaman,175,0
2007,Andaman And Nicobar Islands,South Andamans,1024,0
2007,Andaman And Nicobar Islands,Adilabad,2165,0
2007,Andaman And Nicobar Islands,Anantapur,917,0
2007,Andaman And Nicobar Islands,Chittoor,221,0
2007,Andaman And Nicobar Islands,East Godavari,5062,0
2007,Andhra Pradesh,Guntur,609,0
2007,Andhra Pradesh,Hyderabad,262,0
2007,Andhra Pradesh,Karimnagar,134,2
2007,Andhra Pradesh,Khammam,2348,0
2007,Andhra Pradesh,Krishna,1834,0
2007,Andhra Pradesh,Kurnool,756,0
2007,Andhra Pradesh,Mahabubnagar,99,0
2007,Andhra Pradesh,Medak,32,0
2007,Andhra Pradesh,Nalgonda,311,0
2007,Andhra Pradesh,Nizamabad,18,0
2007,Andhra Pradesh,Prakasam,1336,0
2007,Andhra Pradesh,Ranga Reddy,249,0
2007,Andhra Pradesh,SPSR Nellore,57,0
2007,Andhra Pradesh,Srikakulam,1124,0
2007,Andhra Pradesh,Visakhapatanam,5251,0
2007,Andhra Pradesh,Vizianagaram,1896,0
2007,Andhra Pradesh,Warangal,136,0
2007,Andhra Pradesh,West Godavari,1058,0
2007,Andhra Pradesh,Y.S.R.,1928,0
2007,Arunachal Pradesh,Anjaw,19,0
2007,Arunachal Pradesh,Changlang,2197,0
2007,Arunachal Pradesh,Dibang Valley,16,0
2007,Arunachal Pradesh,East Kameng,1786,0
2007,Arunachal Pradesh,East Siang,7002,8
2007,Arunachal Pradesh,Kurung Kumey,29,0
2007,Arunachal Pradesh,Lohit,4901,4
2007,Arunachal Pradesh,Lower Dibang Valley,4773,7
2007,Arunachal Pradesh,Lower Subansiri,142,0
2007,Arunachal Pradesh,Papum Pare,3418,17
2007,Arunachal Pradesh,Tirap,2477,0
2007,Arunachal Pradesh,Upper Siang,453,0
2007,Arunachal Pradesh,Upper Subansiri,721,0
2007,Arunachal Pradesh,West Kameng,241,0
2007,Arunachal Pradesh,West Siang,3897,0
2007,Arunachal Pradesh,Barpeta,2598,2
2007,Arunachal Pradesh,Bongaigaon,3579,12
2007,Arunachal Pradesh,Cachar,3657,1
2007,Arunachal Pradesh,Darrang,12557,5
2007,Arunachal Pradesh,Dhemaji,595,3
2007,Arunachal Pradesh,Dhubri,1976,18
2007,Arunachal Pradesh,Dibrugarh,89,0
2007,Arunachal Pradesh,Dima Hasao,2738,0
2007,Arunachal Pradesh,Goalpara,6940,5
2007,Arunachal Pradesh,Golaghat,715,12
2007,Arunachal Pradesh,Hailakandi,3162,0
2007,Arunachal Pradesh,Jorhat,189,3
2007,Arunachal Pradesh,Kamrup,10249,18
2007,Arunachal Pradesh,Karbi Anglong,16618,39
2007,Arunachal Pradesh,Karimganj,461,2
2007,Arunachal Pradesh,Kokrajhar,5317,1
2007,Arunachal Pradesh,Lakhimpur,3235,8
2007,Arunachal Pradesh,Marigaon,1449,3
2007,Arunachal Pradesh,Nagaon,6888,7
2007,Arunachal Pradesh,Nalbari,2427,7
2007,Arunachal Pradesh,Sivasagar,88,3
2007,Arunachal Pradesh,Sonitpur,7863,3
2007,Arunachal Pradesh,Tinsukia,1463,0
2007,Bihar,Araria,0,0
2007,Bihar,Arwal,0,0
2007,Bihar,Aurangabad,312,0
2007,Bihar,Banka,0,0
2007,Bihar,Begusarai,4,0
2007,Bihar,Bhagalpur,13,0
2007,Bihar,Bhojpur,0,0
2007,Bihar,Buxar,0,0
2007,Bihar,Darbhanga,0,0
2007,Bihar,Gaya,126,1
2007,Bihar,Gopalganj,1,0
2007,Bihar,Jamui,110,0
2007,Bihar,Jehanabad,1,0
2007,Bihar,Kaimur (Bhabua),25,0
2007,Bihar,Katihar,16,0
2007,Bihar,Khagaria,0,0
2007,Bihar,Kishanganj,0,0
2007,Bihar,Lakhisarai,1,0
2007,Bihar,Madhepura,0,0
2007,Bihar,Madhubani,0,0
2007,Bihar,Munger,440,0
2007,Bihar,Muzaffarpur,0,0
2007,Bihar,Nalanda,2,0
2007,Bihar,Nawada,310,0
2007,Bihar,Pashchim Champaran,1,0
2007,Bihar,Patna,16,0
2007,Bihar,Purbi Champaran,0,0
2007,Bihar,Purnia,0,0
2007,Bihar,Rohtas,204,0
2007,Bihar,Saharsa,0,0
2007,Bihar,Samastipur,3,0
2007,Bihar,Saran,10,0
2007,Bihar,Sheikhpura,0,0
2007,Bihar,Sheohar,0,0
2007,Bihar,Sitamarhi,0,0
2007,Bihar,Siwan,0,0
2007,Bihar,Supaul,0,0
2007,Bihar,Vaishali,0,0
2007,Chandigarh,Chandigarh,340,0
2007,Chandigarh,Bastar,37087,0
2007,Chandigarh,Bilaspur,2882,0
2007,Chhattisgarh,Dantewada,14850,0
2007,Chhattisgarh,Dhamtari,584,0
2007,Chhattisgarh,Durg,1587,0
2007,Chhattisgarh,Janjgir-Champa,590,0
2007,Chhattisgarh,Jashpur,12001,0
2007,Chhattisgarh,Kabirdham,1841,0
2007,Chhattisgarh,Kanker,15532,0
2007,Chhattisgarh,Korba,11099,0
2007,Chhattisgarh,Korea,7061,0
2007,Chhattisgarh,Mahasamund,643,0
2007,Chhattisgarh,Raigarh,8601,0
2007,Chhattisgarh,Raipur,2126,0
2007,Chhattisgarh,RajnandGaon,2996,0
2007,Chhattisgarh,Surguja,28045,0
2007,D & N Haveli,Dadra And Nagar Haveli,3780,0
2007,Daman & Diu,Daman,92,0
2007,Daman & Diu,Diu,7,0
2007,Delhi,New Delhi,182,0
2007,Goa,North Goa,7199,7
2007,Goa,South Goa,2556,4
2007,Goa,Ahmadabad,538,1
2007,Goa,Ahmadabad MC#,5229,22
2007,Goa,Amreli,2852,0
2007,Goa,Anand,1407,2
2007,Goa,Banas kantha,3432,0
2007,Goa,Bharuch,2129,0
2007,Goa,Bhavnagar,1317,3
2007,Goa,Bhavnagar MC#,69,0
2007,Goa,Dang,294,0
2007,Goa,Dohad,1938,1
2007,Goa,Gandhinagar,793,0
2007,Goa,Jamnagar,5351,20
2007,Goa,Jamnagar MC#,154,3
2007,Goa,Junagadh,3397,0
2007,Goa,Junagadh MC#,362,0
2007,Goa,Kachchh,7305,0
2007,Goa,Kheda,770,1
2007,Goa,Mahesana,860,0
2007,Goa,Narmada,727,0
2007,Goa,Navsari,838,0
2007,Goa,Panch Mahals,2146,3
2007,Goa,Patan,2264,0
2007,Goa,Porbandar,702,0
2007,Goa,Rajkot,2252,1
2007,Goa,Rajkot MC#,539,1
2007,Goa,Sabar kantha,2352,0
2007,Goa,Surat,1961,0
2007,Goa,Surat MC#,9765,0
2007,Goa,Surendranagar,3803,4
2007,Goa,Vadodara,2165,2
2007,Goa,Vadodara MC#,2058,9
2007,Goa,Valsad,1352,0
2007,Haryana,Ambala,49,0
2007,Haryana,Bhiwani,2374,0
2007,Haryana,Faridabad,239,0
2007,Haryana,Fatehabad,2610,0
2007,Haryana,Gurugram,60,0
2007,Haryana,Hisar,4718,0
2007,Haryana,Jhajjar,887,0
2007,Haryana,Jind,7235,0
2007,Haryana,Kaithal,1636,0
2007,Haryana,Karnal,3594,0
2007,Haryana,Kurukshetra,77,0
2007,Haryana,Mahendragarh,308,0
2007,Haryana,Nuh,599,0
2007,Haryana,Panchkula,144,0
2007,Haryana,Panipat,1549,0
2007,Haryana,Rewari,132,0
2007,Haryana,Rohtak,1851,0
2007,Haryana,Sirsa,612,0
2007,Haryana,Sonipat,2029,0
2007,Haryana,Yamunanagar,192,0
2007,Himachal Pradesh,Bilaspur,22,0
2007,Himachal Pradesh,Chamba,2,0
2007,Himachal Pradesh,Hamirpur,17,0
2007,Himachal Pradesh,Kangra,24,0
2007,Himachal Pradesh,Kullu,4,0
2007,Himachal Pradesh,Mandi,3,0
2007,Himachal Pradesh,Shimla,16,0
2007,Himachal Pradesh,Sirmaur,0,0
2007,Himachal Pradesh,Solan,14,0
2007,Himachal Pradesh,Una,2,0
2007,Jammu And Kashmir,Baramulla,0,0
2007,Jammu And Kashmir,Doda,6,0
2007,Jammu And Kashmir,Jammu,45,0
2007,Jammu And Kashmir,Kargil,0,0
2007,Jammu And Kashmir,Kathua,15,0
2007,Jammu And Kashmir,Leh Ladakh,0,0
2007,Jammu And Kashmir,Poonch,74,1
2007,Jammu And Kashmir,Rajouri,16,0
2007,Jammu And Kashmir,Udhampur,75,0
2007,Jammu And Kashmir,UMCP Jammu#,9,0
2007,Jammu And Kashmir,Bokaro,3972,0
2007,Jammu And Kashmir,Chatra,10673,0
2007,Jammu And Kashmir,Deoghar,371,3
2007,Jammu And Kashmir,Dhanbad,1521,0
2007,Jammu And Kashmir,Dumka,9033,1
2007,Jharkhand,East Singhbum,3958,0
2007,Jharkhand,Garhwa,16251,0
2007,Jharkhand,Giridih,17834,0
2007,Jharkhand,Godda,4435,7
2007,Jharkhand,Gumla,4444,0
2007,Jharkhand,Hazaribagh,9832,0
2007,Jharkhand,Jamtara,5,0
2007,Jharkhand,Koderma,1459,0
2007,Jharkhand,Latehar,18644,0
2007,Jharkhand,Lohardaga,643,0
2007,Jharkhand,Pakur,1987,0
2007,Jharkhand,Palamu,35188,0
2007,Jharkhand,Ranchi,10851,1
2007,Jharkhand,Sahebganj,4411,19
2007,Jharkhand,Saraikela Kharsawan,5403,0
2007,Jharkhand,Simdega,7702,0
2007,Jharkhand,West Singhbhum,16261,0
2007,Karnataka,A.M.U. Almatti#,595,0
2007,Karnataka,A.M.U. B. Gudi#,69,0
2007,Karnataka,A.M.U. Kembhavi#,42,0
2007,Karnataka,Bagalkote,719,0
2007,Karnataka,Ballari,1878,0
2007,Karnataka,Belagavi,3908,2
2007,Karnataka,Bengaluru Rural,265,0
2007,Karnataka,Bengaluru Urban,32,1
2007,Karnataka,Bidar,437,0
2007,Karnataka,Chamarajanagara,537,0
2007,Karnataka,Chikkamagaluru,224,0
2007,Karnataka,Chitradurga,1317,0
2007,Karnataka,Dakshina Kannada,8685,5
2007,Karnataka,Davangere,225,0
2007,Karnataka,Dharwad,560,0
2007,Karnataka,Gadag,958,1
2007,Karnataka,Hassan,182,0
2007,Karnataka,Haveri,802,2
2007,Karnataka,Kalaburagi,5194,2
2007,Karnataka,Kodagu,30,0
2007,Karnataka,Kolar,5058,0
2007,Karnataka,Koppal,3163,0
2007,Karnataka,Mandya,466,0
2007,Karnataka,Mysuru,106,0
2007,Karnataka,Raichur,7592,0
2007,Karnataka,Shivamogga,158,0
2007,Karnataka,Tumakuru,1514,0
2007,Karnataka,U.K.P.N. PURA#,282,0
2007,Karnataka,Udupi,1293,3
2007,Karnataka,Uttara Kannada,298,0
2007,Karnataka,Vijayapura,2766,2
2007,Karnataka,Alappuzha,152,0
2007,Kerala,Ernakulam,113,0
2007,Kerala,Idukki,91,0
2007,Kerala,Kannur,225,3
2007,Kerala,Kasaragod,243,0
2007,Kerala,Kollam,134,1
2007,Kerala,Kottayam,52,0
2007,Kerala,Kozhikode,161,1
2007,Kerala,Malappuram,184,1
2007,Kerala,Palakkad,68,0
2007,Kerala,Pathanamthitta,155,0
2007,Kerala,Thiruvananthapuram,145,0
2007,Kerala,Thrissur,177,0
2007,Kerala,Wayanad,27,0
2007,Lakshadweep,Lakshadweep District,0,0
2007,Lakshadweep,Anuppur,733,0
2007,Lakshadweep,Ashoknagar,3133,0
2007,Lakshadweep,Balaghat,2776,0
2007,Lakshadweep,Barwani,356,0
2007,Lakshadweep,Betul,2184,14
2007,Lakshadweep,Bhind,1562,1
2007,Lakshadweep,Bhopal,4752,0
2007,Lakshadweep,Burhanpur,1170,0
2007,Lakshadweep,Chhatarpur,741,0
2007,Lakshadweep,Chhindwara,2964,0
2007,Lakshadweep,Damoh,675,0
2007,Lakshadweep,Datia,206,0
2007,Lakshadweep,Dewas,759,0
2007,Lakshadweep,Dhar,2108,2
2007,Lakshadweep,Dindori,1176,0
2007,Lakshadweep,East Nimar,1765,1
2007,Lakshadweep,Guna,3413,0
2007,Lakshadweep,Gwalior,1047,0
2007,Lakshadweep,Harda,517,1
2007,Lakshadweep,Indore,212,0
2007,Lakshadweep,Jabalpur,1696,0
2007,Lakshadweep,Jhabua,1711,0
2007,Lakshadweep,Katni,293,0
2007,Lakshadweep,Khargone,2726,0
2007,Lakshadweep,Mandla,5547,0
2007,Lakshadweep,Mandsaur,693,0
2007,Lakshadweep,Morena,667,0
2007,Lakshadweep,Narmadapuram,3527,4
2007,Lakshadweep,Narsinghpur,1658,0
2007,Lakshadweep,Neemuch,286,0
2007,Lakshadweep,Panna,1766,0
2007,Lakshadweep,Raisen,1271,1
2007,Lakshadweep,Rajgarh,2305,0
2007,Lakshadweep,Ratlam,1538,0
2007,Lakshadweep,Rewa,1748,1
2007,Lakshadweep,Sagar,2632,0
2007,Lakshadweep,Satna,3577,0
2007,Lakshadweep,Sehore,1324,1
2007,Lakshadweep,Seoni,2003,3
2007,Lakshadweep,Shahdol,2190,0
2007,Lakshadweep,Shajapur,570,0
2007,Lakshadweep,Sheopur,4953,6
2007,Lakshadweep,Shivpuri,3100,0
2007,Lakshadweep,Sidhi,5833,1
2007,Lakshadweep,Tikamgarh,512,0
2007,Lakshadweep,Ujjain,145,0
2007,Lakshadweep,Umaria,2102,0
2007,Lakshadweep,Vidisha,2207,5
2007,Maharashtra,Ahmednagar,381,6
2007,Maharashtra,Akola,246,0
2007,Maharashtra,Amravati,1114,1
2007,Maharashtra,Aurangabad,270,0
2007,Maharashtra,Beed,295,1
2007,Maharashtra,Bhandara,226,0
2007,Maharashtra,Buldhana,379,0
2007,Maharashtra,Chandrapur,2832,9
2007,Maharashtra,Dhule,2773,0
2007,Maharashtra,Gadchiroli,9904,3
2007,Maharashtra,Gondia,1104,5
2007,Maharashtra,Hingoli,34,0
2007,Maharashtra,Jalgaon,2086,4
2007,Maharashtra,Jalna,71,0
2007,Maharashtra,Kolhapur,219,1
2007,Maharashtra,Latur,94,0
2007,Maharashtra,Mumbai,25403,122
2007,Maharashtra,Nagpur,568,1
2007,Maharashtra,Nagpur MC#,73,0
2007,Maharashtra,Nanded,641,1
2007,Maharashtra,Nandurbar,1304,0
2007,Maharashtra,Nashik,1552,6
2007,Maharashtra,Osmanabad,51,0
2007,Maharashtra,Parbhani,118,1
2007,Maharashtra,Pune,1199,8
2007,Maharashtra,Pune MC#,139,12
2007,Maharashtra,Raigad,3051,0
2007,Maharashtra,Ratnagiri,524,0
2007,Maharashtra,Sangli,204,0
2007,Maharashtra,Satara,497,1
2007,Maharashtra,Sindhudurg,296,0
2007,Maharashtra,Solapur,215,0
2007,Maharashtra,Thane,7203,0
2007,Maharashtra,Wardha,1071,0
2007,Maharashtra,Washim,166,0
2007,Maharashtra,Yavatmal,1547,0
2007,Manipur,Bishnupur,43,0
2007,Manipur,Chandel,151,0
2007,Manipur,Churachandpur,101,4
2007,Manipur,Imphal East,58,0
2007,Manipur,Imphal West,91,0
2007,Manipur,Jiribam,142,0
2007,Manipur,Kangpokpi,35,0
2007,Manipur,Senapati,46,0
2007,Manipur,Tamenglong,311,0
2007,Manipur,Thoubal,96,0
2007,Manipur,Ukhrul,120,0
2007,Meghalaya,East Garo Hills,1793,22
2007,Meghalaya,East Khasi Hills,997,62
2007,Meghalaya,Ri Bhoi,4550,0
2007,Meghalaya,South Garo Hills,2717,0
2007,Meghalaya,West Garo Hills,21057,117
2007,Meghalaya,West Jaintia Hills,4235,22
2007,Meghalaya,West Khasi Hills,988,14
2007,Mizoram,Aizawl,103,1
2007,Mizoram,Aizawl West#,125,12
2007,Mizoram,Champhai,143,4
2007,Mizoram,Kolasib,933,4
2007,Mizoram,Lawngtlai,214,8
2007,Mizoram,Lunglei,2873,28
2007,Mizoram,Mamit,654,5
2007,Mizoram,Saiha,754,9
2007,Mizoram,Serchhip,282,4
2007,Nagaland,Mon,297,0
2007,Nagaland,Bhandari#,357,0
2007,Nagaland,Chantgya#,245,0
2007,Nagaland,Chazjiba#,138,0
2007,Nagaland,Dimapur,192,0
2007,Nagaland,Kiphire,129,0
2007,Nagaland,Kohima,511,3
2007,Nagaland,Longleng,242,0
2007,Nagaland,M'lemba#,503,0
2007,Nagaland,Mokokchung,435,4
2007,Nagaland,Peren,19,0
2007,Nagaland,Pfutsero#,43,0
2007,Nagaland,Phek,420,0
2007,Nagaland,Tizit#,136,0
2007,Nagaland,Tuensang,435,0
2007,Nagaland,UVBDS Dimapur#,99,15
2007,Nagaland,Wokha,514,4
2007,Nagaland,Zunheboto,261,0
2007,Nagaland,Anugul,16469,7
2007,Nagaland,Balangir,10766,0
2007,Nagaland,Baleshwar,1101,3
2007,Nagaland,Bargarh,4088,0
2007,Odisha,Bhadrak,785,0
2007,Odisha,Boudh,2654,13
2007,Odisha,Cuttack,2535,1
2007,Odisha,Deogarh,6865,3
2007,Odisha,Dhenkanal,11705,1
2007,Odisha,Gajapati,8768,2
2007,Odisha,Ganjam,19000,0
2007,Odisha,Jagatsinghapur,466,0
2007,Odisha,Jajapur,5589,0
2007,Odisha,Jharsuguda,2003,6
2007,Odisha,Kalahandi,27734,2
2007,Odisha,Kandhamal,32647,29
2007,Odisha,Kendrapara,482,0
2007,Odisha,Kendujhar,30021,31
2007,Odisha,Khordha,3796,0
2007,Odisha,Koraput,21488,30
2007,Odisha,Malkangiri,14038,11
2007,Odisha,Mayurbhanj,14176,9
2007,Odisha,Nabarangpur,21407,4
2007,Odisha,Nayagarh,3785,0
2007,Odisha,Nuapada,20557,23
2007,Odisha,Puri,146,0
2007,Odisha,Rayagada,40280,27
2007,Odisha,Sambalpur,21122,0
2007,Odisha,Sonepur,4266,7
2007,Odisha,Sundargarh,23140,12
2007,Puducherry,Karaikal,6,0
2007,Puducherry,Mahe,2,0
2007,Puducherry,Pondicherry,57,0
2007,Puducherry,Yanam,3,0
2007,Puducherry,Amritsar,31,0
2007,Puducherry,Barnala,0,0
2007,Puducherry,Bathinda,33,0
2007,Puducherry,Faridkot,241,0
2007,Puducherry,Fatehgarh Sahib,6,0
2007,Puducherry,Ferozepur,518,0
2007,Puducherry,Gurdaspur,6,0
2007,Puducherry,Hoshiarpur,28,0
2007,Puducherry,Jalandhar,39,0
2007,Puducherry,Kapurthala,2,0
2007,Puducherry,Ludhiana,75,0
2007,Puducherry,Mansa,328,0
2007,Puducherry,Moga,2,0
2007,Puducherry,Patiala,46,0
2007,Puducherry,Rupnagar,5,0
2007,Puducherry,S.A.S Nagar,3,0
2007,Puducherry,Sangrur,87,0
2007,Puducherry,Shahid Bhagat Singh Nagar,47,0
2007,Puducherry,Sri Muktsar Sahib,102,0
2007,Puducherry,Tarn taran,418,0
2007,Rajasthan,Ajmer,1686,2
2007,Rajasthan,Alwar,2443,0
2007,Rajasthan,Banswara,1607,0
2007,Rajasthan,Baran,1280,0
2007,Rajasthan,Barmer,6346,0
2007,Rajasthan,Bharatpur,847,2
2007,Rajasthan,Bhilwara,2519,0
2007,Rajasthan,Bikaner,2202,14
2007,Rajasthan,Bundi,3082,1
2007,Rajasthan,Chittorgarh,2443,1
2007,Rajasthan,Churu,1300,2
2007,Rajasthan,Dausa,448,0
2007,Rajasthan,Dholpur,228,0
2007,Rajasthan,Dungarpur,1619,0
2007,Rajasthan,Ganganagar,422,0
2007,Rajasthan,Hanumangarh,1902,0
2007,Rajasthan,Jaipur,828,3
2007,Rajasthan,Jaisalmer,3880,3
2007,Rajasthan,Jalore,1496,1
2007,Rajasthan,Jhalawar,565,0
2007,Rajasthan,Jhunjhunu,662,1
2007,Rajasthan,Jodhpur,1654,0
2007,Rajasthan,Karauli,964,5
2007,Rajasthan,Kota,1917,0
2007,Rajasthan,Nagaur,1736,3
2007,Rajasthan,Pali,2320,2
2007,Rajasthan,Rajsamand,944,1
2007,Rajasthan,Sawai Madhopur,1305,0
2007,Rajasthan,Sikar,301,2
2007,Rajasthan,Sirohi,1787,0
2007,Rajasthan,Tonk,667,3
2007,Rajasthan,Udaipur,3643,0
2007,Sikkim,Gangtok,30,0
2007,Sikkim,Gyalshing,0,0
2007,Sikkim,Mangan,1,0
2007,Sikkim,Namchi,17,0
2007,Sikkim,Aranthangi#,6,0
2007,Sikkim,Chengalpattu,65,0
2007,Sikkim,Chennai,14002,0
2007,Sikkim,Cheyyar#,119,0
2007,Sikkim,Coimbatore,3,0
2007,Sikkim,Cuddalore,39,0
2007,Sikkim,Dharapuram#,0,0
2007,Sikkim,Dharmapuri,332,0
2007,Sikkim,Dindigul,19,0
2007,Sikkim,Erode,0,0
2007,Sikkim,Kallakurichi,31,0
2007,Tamil Nadu,Kanchipuram,1,0
2007,Tamil Nadu,Kanniyakumari,490,0
2007,Tamil Nadu,Karur,1,1
2007,Tamil Nadu,Kovilpatti#,407,0
2007,Tamil Nadu,Krishnagiri,44,0
2007,Tamil Nadu,Madurai,61,0
2007,Tamil Nadu,Nagapattinam,253,0
2007,Tamil Nadu,Namakkal,5,0
2007,Tamil Nadu,Palani#,19,0
2007,Tamil Nadu,Paramakudi#,206,0
2007,Tamil Nadu,Perambalur,24,0
2007,Tamil Nadu,Pudukkottai,14,0
2007,Tamil Nadu,Ramanathapuram,3332,0
2007,Tamil Nadu,Salem,43,0
2007,Tamil Nadu,Sivaganga,19,0
2007,Tamil Nadu,Sivakasi#,1,0
2007,Tamil Nadu,Tenkasi,11,0
2007,Tamil Nadu,Thanjavur,57,0
2007,Tamil Nadu,The Nilgiris,2,0
2007,Tamil Nadu,Theni,5,0
2007,Tamil Nadu,Thiruvallur,826,0
2007,Tamil Nadu,Thiruvarur,37,0
2007,Tamil Nadu,Tiruchirappalli,23,0
2007,Tamil Nadu,Tirunelveli,15,0
2007,Tamil Nadu,Tirupathur,124,0
2007,Tamil Nadu,Tiruppur,6,0
2007,Tamil Nadu,Tiruvannamalai,325,0
2007,Tamil Nadu,Tuticorin,482,0
2007,Tamil Nadu,Vellore,487,0
2007,Tamil Nadu,Villupuram,448,0
2007,Tamil Nadu,Virudhunagar,5,0
2007,Tripura,Dhalai,4774,20
2007,Tripura,North Tripura,1746,3
2007,Tripura,South Tripura,8412,5
2007,Tripura,West Tripura,3542,23
2007,Tripura,Agra,215,0
2007,Tripura,Aligarh,1261,0
2007,Tripura,Ambedkar Nagar,4,0
2007,Tripura,Amroha,378,0
2007,Tripura,Auraiya,649,0
2007,Tripura,Ayodhya,5,0
2007,Tripura,Azamgarh,5,0
2007,Tripura,Baghpat,215,0
2007,Tripura,Bahraich,148,0
2007,Tripura,Ballia,3,0
2007,Tripura,Balrampur,11,0
2007,Tripura,Banda,1746,0
2007,Tripura,Barabanki,3,0
2007,Tripura,Bareilly,1557,0
2007,Tripura,Basti,72,0
2007,Tripura,Bhadohi,408,0
2007,Tripura,Bijnor,1234,0
2007,Tripura,Budaun,1577,0
2007,Tripura,Bulandshahr,712,0
2007,Tripura,Chandauli,690,0
2007,Tripura,Chitrakoot,865,0
2007,Tripura,Deoria,18,0
2007,Tripura,Etah,1177,0
2007,Tripura,Etawah,363,0
2007,Tripura,Farrukhabad,1346,0
2007,Tripura,Fatehpur,986,0
2007,Tripura,Firozabad,325,0
2007,Tripura,Gautam Buddha Nagar,147,0
2007,Tripura,Ghaziabad,436,0
2007,Tripura,Ghazipur,8,0
2007,Tripura,Gonda,36,0
2007,Tripura,Gorakhpur,5,0
2007,Tripura,Hamirpur,681,0
2007,Tripura,Hardoi,33,0
2007,Tripura,Hathras,518,0
2007,Tripura,Jalaun,314,0
2007,Tripura,Jaunpur,301,0
2007,Tripura,Jhansi,872,0
2007,Tripura,Kannauj,626,0
2007,Tripura,Kanpur Dehat,496,0
2007,Tripura,Kanpur Nagar,535,0
2007,Tripura,Kaushambi,336,0
2007,Tripura,Kheri,613,0
2007,Tripura,Kushi Nagar,93,0
2007,Tripura,Lalitpur,1115,0
2007,Tripura,Lucknow,17,0
2007,Tripura,Maharajganj,31,0
2007,Tripura,Mahoba,696,0
2007,Tripura,Mainpuri,4021,0
2007,Tripura,Mathura,225,0
2007,Tripura,Mau,12,0
2007,Tripura,Meerut,50,0
2007,Tripura,Mirzapur,8850,0
2007,Tripura,Moradabad,187,0
2007,Tripura,Muzaffarnagar,1710,0
2007,Tripura,Pilibhit,164,0
2007,Tripura,Pratapgarh,185,0
2007,Tripura,Prayagraj,7331,0
2007,Tripura,Rae Bareli,83,0
2007,Tripura,Rampur,319,0
2007,Tripura,Saharanpur,307,0
2007,Tripura,Sant Kabeer Nagar,18,0
2007,Tripura,Shahjahanpur,91,0
2007,Tripura,Shravasti,11,0
2007,Tripura,Siddharth Nagar,271,0
2007,Tripura,Sitapur,40,0
2007,Tripura,Sonbhadra,34415,0
2007,Tripura,Sultanpur,126,0
2007,Tripura,Unnao,17,0
2007,Tripura,Varanasi,223,0
2007,Uttarakhand,Almora,0,0
2007,Uttarakhand,Bageshwar,7,0
2007,Uttarakhand,Chamoli,3,0
2007,Uttarakhand,Champawat,0,0
2007,Uttarakhand,Dehradun,56,0
2007,Uttarakhand,Haridwar,93,0
2007,Uttarakhand,Nainital,202,0
2007,Uttarakhand,Pauri Garhwal,8,0
2007,Uttarakhand,Pithoragarh,0,0
2007,Uttarakhand,Rudra Prayag,3,0
2007,Uttarakhand,Tehri Garhwal,1,0
2007,Uttarakhand,Udam Singh Nagar,577,0
2007,Uttarakhand,Uttar Kashi,3,0
2007,West Bengal,24 Paraganas North,381,2
2007,West Bengal,24 Paraganas South,700,1
2007,West Bengal,Bankura,1058,4
2007,West Bengal,Bardhaman,62,6
2007,West Bengal,Birbhum,218,2
2007,West Bengal,Coochbehar,2011,5
2007,West Bengal,Darjeeling,1153,0
2007,West Bengal,Dinajpur Dakshin,276,0
2007,West Bengal,Dinajpur Uttar,84,0
2007,West Bengal,Hooghly,71,2
2007,West Bengal,Howrah,1934,0
2007,West Bengal,Jalpaiguri,27299,47
2007,West Bengal,KMUHO#,3292,1
2007,West Bengal,Kolkata,32619,1
2007,West Bengal,Maldah,1734,0
2007,West Bengal,Medinipur East,650,0
2007,West Bengal,Medinipur West,5014,4
2007,West Bengal,Murshidabad,2261,11
2007,West Bengal,Nadia,412,0
2007,West Bengal,Purulia,6525,10
2008,Andaman And Nicobar Islands,Nicobars,3759,0
2008,Andaman And Nicobar Islands,North And Middle Andaman,302,0
2008,Andaman And Nicobar Islands,South Andamans,627,0
2008,Andaman And Nicobar Islands,Adilabad,1882,0
2008,Andaman And Nicobar Islands,Anantapur,647,0
2008,Andaman And Nicobar Islands,Chittoor,251,0
2008,Andaman And Nicobar Islands,East Godavari,5193,0
2008,Andhra Pradesh,Guntur,461,0
2008,Andhra Pradesh,Hyderabad,285,0
2008,Andhra Pradesh,Karimnagar,167,0
2008,Andhra Pradesh,Khammam,2171,0
2008,Andhra Pradesh,Krishna,1753,0
2008,Andhra Pradesh,Kurnool,617,0
2008,Andhra Pradesh,Mahabubnagar,152,0
2008,Andhra Pradesh,Medak,39,0
2008,Andhra Pradesh,Nalgonda,556,0
2008,Andhra Pradesh,Nizamabad,14,0
2008,Andhra Pradesh,Prakasam,848,0
2008,Andhra Pradesh,Ranga Reddy,303,0
2008,Andhra Pradesh,SPSR Nellore,39,0
2008,Andhra Pradesh,Srikakulam,1177,0
2008,Andhra Pradesh,Visakhapatanam,4949,0
2008,Andhra Pradesh,Vizianagaram,1892,0
2008,Andhra Pradesh,Warangal,204,0
2008,Andhra Pradesh,West Godavari,904,0
2008,Andhra Pradesh,Y.S.R.,1920,0
2008,Arunachal Pradesh,Anjaw,56,0
2008,Arunachal Pradesh,Changlang,2232,0
2008,Arunachal Pradesh,Dibang Valley,37,0
2008,Arunachal Pradesh,East Kameng,2947,12
2008,Arunachal Pradesh,East Siang,7386,0
2008,Arunachal Pradesh,Kurung Kumey,1099,0
2008,Arunachal Pradesh,Lohit,3125,0
2008,Arunachal Pradesh,Lower Dibang Valley,2718,5
2008,Arunachal Pradesh,Lower Subansiri,203,0
2008,Arunachal Pradesh,Papum Pare,2505,10
2008,Arunachal Pradesh,Tirap,1740,0
2008,Arunachal Pradesh,Upper Siang,515,0
2008,Arunachal Pradesh,Upper Subansiri,781,0
2008,Arunachal Pradesh,West Kameng,154,0
2008,Arunachal Pradesh,West Siang,3648,0
2008,Arunachal Pradesh,Baksa,3324,3
2008,Arunachal Pradesh,Barpeta,490,3
2008,Arunachal Pradesh,Bongaigaon,696,0
2008,Arunachal Pradesh,Cachar,2169,0
2008,Arunachal Pradesh,Chirang,3350,0
2008,Arunachal Pradesh,Darrang,350,4
2008,Arunachal Pradesh,Dhemaji,468,0
2008,Arunachal Pradesh,Dhubri,1411,0
2008,Arunachal Pradesh,Dibrugarh,65,0
2008,Arunachal Pradesh,Dima Hasao,2842,2
2008,Arunachal Pradesh,Goalpara,5878,2
2008,Arunachal Pradesh,Golaghat,631,5
2008,Arunachal Pradesh,Hailakandi,4264,0
2008,Arunachal Pradesh,Jorhat,169,5
2008,Arunachal Pradesh,Kamrup,1814,1
2008,Arunachal Pradesh,Kamrup Metro,868,0
2008,Arunachal Pradesh,Karbi Anglong,23718,38
2008,Arunachal Pradesh,Karimganj,706,0
2008,Arunachal Pradesh,Kokrajhar,4588,2
2008,Arunachal Pradesh,Lakhimpur,811,0
2008,Arunachal Pradesh,Marigaon,864,1
2008,Arunachal Pradesh,Nagaon,2815,5
2008,Arunachal Pradesh,Nalbari,259,2
2008,Arunachal Pradesh,Sivasagar,72,2
2008,Arunachal Pradesh,Sonitpur,6003,4
2008,Arunachal Pradesh,Tinsukia,1825,2
2008,Arunachal Pradesh,Udalguri,13489,5
2008,Arunachal Pradesh,Araria,0,0
2008,Arunachal Pradesh,Arwal,0,0
2008,Arunachal Pradesh,Aurangabad,234,0
2008,Arunachal Pradesh,Banka,0,0
2008,Arunachal Pradesh,Begusarai,0,0
2008,Arunachal Pradesh,Bhagalpur,21,0
2008,Arunachal Pradesh,Bhojpur,2,0
2008,Arunachal Pradesh,Buxar,0,0
2008,Arunachal Pradesh,Darbhanga,0,0
2008,Arunachal Pradesh,Gaya,117,0
2008,Arunachal Pradesh,Gopalganj,4,0
2008,Arunachal Pradesh,Jamui,220,0
2008,Arunachal Pradesh,Jehanabad,0,0
2008,Arunachal Pradesh,Kaimur (Bhabua),16,0
2008,Arunachal Pradesh,Katihar,0,0
2008,Arunachal Pradesh,Khagaria,0,0
2008,Arunachal Pradesh,Kishanganj,0,0
2008,Arunachal Pradesh,Lakhisarai,0,0
2008,Arunachal Pradesh,Madhepura,0,0
2008,Arunachal Pradesh,Madhubani,0,0
2008,Arunachal Pradesh,Munger,388,0
2008,Arunachal Pradesh,Muzaffarpur,0,0
2008,Arunachal Pradesh,Nalanda,3,0
2008,Arunachal Pradesh,Nawada,1228,0
2008,Arunachal Pradesh,Pashchim Champaran,0,0
2008,Arunachal Pradesh,Patna,7,0
2008,Arunachal Pradesh,Purbi Champaran,0,0
2008,Arunachal Pradesh,Purnia,0,0
2008,Arunachal Pradesh,Rohtas,290,0
2008,Arunachal Pradesh,Saharsa,0,0
2008,Arunachal Pradesh,Samastipur,2,0
2008,Arunachal Pradesh,Saran,8,0
2008,Arunachal Pradesh,Sheikhpura,0,0
2008,Arunachal Pradesh,Sheohar,0,0
2008,Arunachal Pradesh,Sitamarhi,0,0
2008,Arunachal Pradesh,Siwan,1,0
2008,Arunachal Pradesh,Supaul,0,0
2008,Arunachal Pradesh,Vaishali,0,0
2008,Chandigarh,Chandigarh,347,0
2008,Chhattisgarh,Bastar,29483,0
2008,Chhattisgarh,Bilaspur,2362,0
2008,Chhattisgarh,Dantewada,22306,0
2008,Chhattisgarh,Dhamtari,592,0
2008,Chhattisgarh,Durg,1763,1
2008,Chhattisgarh,Janjgir-Champa,313,0
2008,Chhattisgarh,Jashpur,10009,0
2008,Chhattisgarh,Kabirdham,863,0
2008,Chhattisgarh,Kanker,12720,0
2008,Chhattisgarh,Korba,9852,0
2008,Chhattisgarh,Korea,9406,0
2008,Chhattisgarh,Mahasamund,418,3
2008,Chhattisgarh,Raigarh,6654,0
2008,Chhattisgarh,Raipur,1755,0
2008,Chhattisgarh,RajnandGaon,2356,0
2008,Chhattisgarh,Surguja,12643,0
2008,D & N Haveli,Dadra And Nagar Haveli,3037,0
2008,Daman & Diu,Daman,103,0
2008,Daman & Diu,Diu,12,0
2008,Delhi,New Delhi,253,0
2008,Goa,North Goa,7100,13
2008,Goa,South Goa,2722,8
2008,Goa,Ahmadabad,309,1
2008,Goa,Ahmadabad MC#,5375,6
2008,Goa,Amreli,1874,0
2008,Goa,Anand,1847,0
2008,Goa,Banas kantha,1088,0
2008,Goa,Bharuch,1108,0
2008,Goa,Bhavnagar,1136,3
2008,Goa,Bhavnagar MC#,121,0
2008,Goa,Dang,165,0
2008,Goa,Dohad,1471,0
2008,Goa,Gandhinagar,562,2
2008,Goa,Jamnagar,3389,6
2008,Goa,Jamnagar MC#,40,5
2008,Goa,Junagadh,2290,0
2008,Goa,Junagadh MC#,205,0
2008,Goa,Kachchh,3606,0
2008,Goa,Kheda,574,0
2008,Goa,Mahesana,609,0
2008,Goa,Narmada,645,1
2008,Goa,Navsari,484,0
2008,Goa,Panch Mahals,1460,0
2008,Goa,Patan,980,0
2008,Goa,Porbandar,589,0
2008,Goa,Rajkot,1898,0
2008,Goa,Rajkot MC#,334,1
2008,Goa,Sabar kantha,1429,0
2008,Goa,Surat,861,0
2008,Goa,Surat MC#,10141,17
2008,Goa,Surendranagar,1786,0
2008,Goa,Tapi,546,0
2008,Goa,Vadodara,1275,1
2008,Goa,Vadodara MC#,1876,0
2008,Goa,Valsad,1088,0
2008,Haryana,Ambala,54,0
2008,Haryana,Bhiwani,2660,0
2008,Haryana,Faridabad,162,0
2008,Haryana,Fatehabad,2725,0
2008,Haryana,Gurugram,125,0
2008,Haryana,Hisar,8268,0
2008,Haryana,Jhajjar,644,0
2008,Haryana,Jind,6558,0
2008,Haryana,Kaithal,1773,0
2008,Haryana,Karnal,5283,0
2008,Haryana,Kurukshetra,203,0
2008,Haryana,Mahendragarh,212,0
2008,Haryana,Nuh,1139,0
2008,Haryana,Panchkula,154,0
2008,Haryana,Panipat,1060,0
2008,Haryana,Rewari,122,0
2008,Haryana,Rohtak,1529,0
2008,Haryana,Sirsa,1359,0
2008,Haryana,Sonipat,1053,0
2008,Haryana,Yamunanagar,600,0
2008,Himachal Pradesh,Bilaspur,17,0
2008,Himachal Pradesh,Chamba,7,0
2008,Himachal Pradesh,Hamirpur,20,0
2008,Himachal Pradesh,Kangra,41,0
2008,Himachal Pradesh,Kullu,8,0
2008,Himachal Pradesh,Mandi,11,0
2008,Himachal Pradesh,Shimla,21,0
2008,Himachal Pradesh,Sirmaur,4,0
2008,Himachal Pradesh,Solan,14,0
2008,Himachal Pradesh,Una,3,0
2008,Himachal Pradesh,Baramulla,0,0
2008,Himachal Pradesh,Doda,4,0
2008,Himachal Pradesh,Jammu,46,0
2008,Himachal Pradesh,Kargil,0,0
2008,Himachal Pradesh,Kathua,16,1
2008,Himachal Pradesh,Kishtwar,1,0
2008,Himachal Pradesh,Leh Ladakh,0,0
2008,Himachal Pradesh,Poonch,93,0
2008,Himachal Pradesh,Rajouri,25,0
2008,Himachal Pradesh,Ramban,0,0
2008,Himachal Pradesh,Reasi,4,0
2008,Himachal Pradesh,Samba,3,0
2008,Himachal Pradesh,Udhampur,13,0
2008,Himachal Pradesh,UMCP Jammu#,12,0
2008,Jharkhand,Bokaro,6581,0
2008,Jharkhand,Chatra,7488,0
2008,Jharkhand,Deoghar,286,0
2008,Jharkhand,Dhanbad,2560,2
2008,Jharkhand,Dumka,12429,0
2008,Jharkhand,East Singhbum,6796,0
2008,Jharkhand,Garhwa,14380,0
2008,Jharkhand,Giridih,22871,0
2008,Jharkhand,Godda,5858,0
2008,Jharkhand,Gumla,4355,0
2008,Jharkhand,Hazaribagh,9149,0
2008,Jharkhand,Jamtara,38,0
2008,Jharkhand,Khunti,5042,0
2008,Jharkhand,Koderma,2176,0
2008,Jharkhand,Latehar,21152,0
2008,Jharkhand,Lohardaga,448,0
2008,Jharkhand,Pakur,1416,0
2008,Jharkhand,Palamu,31299,1
2008,Jharkhand,Ramgarh,2246,0
2008,Jharkhand,Ranchi,12874,6
2008,Jharkhand,Sahebganj,4407,13
2008,Jharkhand,Saraikela Kharsawan,6537,3
2008,Jharkhand,Simdega,9317,0
2008,Jharkhand,West Singhbhum,24594,0
2008,Jharkhand,A.M.U. Almatti#,832,0
2008,Jharkhand,A.M.U. B. Gudi#,89,0
2008,Jharkhand,A.M.U. Kembhavi#,95,0
2008,Jharkhand,Bagalkote,1848,1
2008,Jharkhand,Ballari,2128,0
2008,Jharkhand,Belagavi,2226,0
2008,Jharkhand,Bengaluru Rural,55,0
2008,Jharkhand,Bengaluru Urban,34,0
2008,Jharkhand,Bidar,543,0
2008,Jharkhand,Chamarajanagara,210,0
2008,Jharkhand,ChikkaBallaPura,4564,0
2008,Jharkhand,Chikkamagaluru,136,0
2008,Jharkhand,Chitradurga,1684,0
2008,Jharkhand,Dakshina Kannada,6267,0
2008,Jharkhand,Davangere,113,0
2008,Jharkhand,Dharwad,399,2
2008,Jharkhand,Gadag,701,1
2008,Jharkhand,Hassan,88,0
2008,Jharkhand,Haveri,593,1
2008,Jharkhand,Kalaburagi,7745,0
2008,Jharkhand,Kodagu,24,0
2008,Jharkhand,Kolar,508,0
2008,Jharkhand,Koppal,4303,0
2008,Jharkhand,Mandya,125,0
2008,Jharkhand,Mysuru,35,0
2008,Jharkhand,Raichur,6672,0
2008,Jharkhand,Ramanagara,52,0
2008,Jharkhand,Shivamogga,104,0
2008,Jharkhand,Tumakuru,743,0
2008,Jharkhand,U.K.P.N. PURA#,457,0
2008,Jharkhand,Udupi,971,2
2008,Jharkhand,Uttara Kannada,249,0
2008,Jharkhand,Vijayapura,2751,1
2008,Kerala,Alappuzha,136,2
2008,Kerala,Ernakulam,171,1
2008,Kerala,Idukki,66,0
2008,Kerala,Kannur,211,1
2008,Kerala,Kasaragod,137,0
2008,Kerala,Kollam,89,0
2008,Kerala,Kottayam,51,0
2008,Kerala,Kozhikode,143,0
2008,Kerala,Malappuram,246,0
2008,Kerala,Palakkad,95,0
2008,Kerala,Pathanamthitta,140,0
2008,Kerala,Thiruvananthapuram,81,0
2008,Kerala,Thrissur,214,0
2008,Kerala,Wayanad,24,0
2008,Lakshadweep,Lakshadweep District,0,0
2008,Lakshadweep,Anuppur,1067,1
2008,Lakshadweep,Ashoknagar,3842,0
2008,Lakshadweep,Balaghat,2966,0
2008,Lakshadweep,Barwani,359,0
2008,Lakshadweep,Betul,2173,0
2008,Lakshadweep,Bhind,5235,0
2008,Lakshadweep,Bhopal,4159,2
2008,Lakshadweep,Burhanpur,582,0
2008,Lakshadweep,Chhatarpur,1193,1
2008,Lakshadweep,Chhindwara,2413,0
2008,Lakshadweep,Damoh,955,0
2008,Lakshadweep,Datia,574,0
2008,Lakshadweep,Dewas,350,0
2008,Lakshadweep,Dhar,1274,2
2008,Lakshadweep,Dindori,1242,0
2008,Lakshadweep,East Nimar,456,1
2008,Lakshadweep,Guna,4836,0
2008,Lakshadweep,Gwalior,3483,0
2008,Lakshadweep,Harda,354,1
2008,Lakshadweep,Indore,148,0
2008,Lakshadweep,Jabalpur,1200,1
2008,Lakshadweep,Jhabua,700,0
2008,Madhya Pradesh,Katni,212,0
2008,Madhya Pradesh,Khargone,1317,0
2008,Madhya Pradesh,Mandla,3201,0
2008,Madhya Pradesh,Mandsaur,483,0
2008,Madhya Pradesh,Morena,5067,2
2008,Madhya Pradesh,Narmadapuram,3871,1
2008,Madhya Pradesh,Narsinghpur,1421,0
2008,Madhya Pradesh,Neemuch,156,0
2008,Madhya Pradesh,Panna,3152,0
2008,Madhya Pradesh,Raisen,1861,0
2008,Madhya Pradesh,Rajgarh,2394,0
2008,Madhya Pradesh,Ratlam,1041,0
2008,Madhya Pradesh,Rewa,1264,0
2008,Madhya Pradesh,Sagar,2999,2
2008,Madhya Pradesh,Satna,2696,0
2008,Madhya Pradesh,Sehore,1103,1
2008,Madhya Pradesh,Seoni,1575,3
2008,Madhya Pradesh,Shahdol,1046,0
2008,Madhya Pradesh,Shajapur,521,0
2008,Madhya Pradesh,Sheopur,8085,8
2008,Madhya Pradesh,Shivpuri,12997,10
2008,Madhya Pradesh,Sidhi,3540,2
2008,Madhya Pradesh,Tikamgarh,1945,8
2008,Madhya Pradesh,Ujjain,150,0
2008,Madhya Pradesh,Umaria,1635,1
2008,Madhya Pradesh,Vidisha,2019,6
2008,Madhya Pradesh,Ahmednagar,250,1
2008,Madhya Pradesh,Akola,216,0
2008,Madhya Pradesh,Amravati,916,0
2008,Madhya Pradesh,Aurangabad,128,1
2008,Madhya Pradesh,Beed,274,0
2008,Madhya Pradesh,Bhandara,272,2
2008,Madhya Pradesh,Buldhana,232,0
2008,Madhya Pradesh,Chandrapur,2298,9
2008,Madhya Pradesh,Dhule,1885,0
2008,Madhya Pradesh,Gadchiroli,11372,5
2008,Madhya Pradesh,Gondia,1543,7
2008,Madhya Pradesh,Hingoli,19,0
2008,Madhya Pradesh,Jalgaon,792,3
2008,Madhya Pradesh,Jalna,26,0
2008,Madhya Pradesh,Kolhapur,161,1
2008,Madhya Pradesh,Latur,134,0
2008,Madhya Pradesh,Mumbai,26021,98
2008,Madhya Pradesh,Nagpur,647,0
2008,Madhya Pradesh,Nagpur MC#,84,0
2008,Madhya Pradesh,Nanded,537,0
2008,Madhya Pradesh,Nandurbar,1272,0
2008,Madhya Pradesh,Nashik,2046,4
2008,Madhya Pradesh,Osmanabad,84,0
2008,Madhya Pradesh,Parbhani,151,0
2008,Madhya Pradesh,Pune,819,7
2008,Madhya Pradesh,Pune MC#,104,0
2008,Madhya Pradesh,Raigad,1998,0
2008,Madhya Pradesh,Ratnagiri,644,2
2008,Madhya Pradesh,Sangli,259,0
2008,Madhya Pradesh,Satara,377,0
2008,Madhya Pradesh,Sindhudurg,186,1
2008,Madhya Pradesh,Solapur,200,1
2008,Madhya Pradesh,Thane,8987,5
2008,Madhya Pradesh,Wardha,898,1
2008,Madhya Pradesh,Washim,267,0
2008,Madhya Pradesh,Yavatmal,1234,0
2008,Manipur,Bishnupur,9,0
2008,Manipur,Chandel,88,0
2008,Manipur,Churachandpur,111,1
2008,Manipur,Imphal East,83,0
2008,Manipur,Imphal Urban#,25,0
2008,Manipur,Imphal West,40,0
2008,Manipur,Jiribam,112,1
2008,Manipur,Kangpokpi,14,0
2008,Manipur,Senapati,13,0
2008,Manipur,Tamenglong,125,0
2008,Manipur,Thoubal,33,0
2008,Manipur,Ukhrul,55,0
2008,Meghalaya,East Garo Hills,6487,10
2008,Meghalaya,East Khasi Hills,601,5
2008,Meghalaya,Ri Bhoi,1848,8
2008,Meghalaya,South Garo Hills,3077,5
2008,Meghalaya,West Garo Hills,24919,30
2008,Meghalaya,West Jaintia Hills,1609,1
2008,Meghalaya,West Khasi Hills,1075,14
2008,Mizoram,Aizawl,137,8
2008,Mizoram,Aizawl West#,174,5
2008,Mizoram,Champhai,208,0
2008,Mizoram,Kolasib,856,27
2008,Mizoram,Lawngtlai,201,13
2008,Mizoram,Lunglei,2530,17
2008,Mizoram,Mamit,2089,13
2008,Mizoram,Saiha,823,7
2008,Mizoram,Serchhip,343,1
2008,Mizoram,Mon,487,0
2008,Mizoram,Dimapur,228,7
2008,Mizoram,Kiphire,145,0
2008,Mizoram,Kohima,621,1
2008,Mizoram,Longleng,132,0
2008,Mizoram,Mokokchung,1467,2
2008,Mizoram,Peren,29,0
2008,Mizoram,Phek,595,0
2008,Mizoram,Tuensang,473,0
2008,Mizoram,UVBDS Dimapur#,69,1
2008,Mizoram,Wokha,583,1
2008,Mizoram,Zunheboto,249,7
2008,Odisha,Anugul,14695,1
2008,Odisha,Balangir,10735,0
2008,Odisha,Baleshwar,2022,8
2008,Odisha,Bargarh,2901,0
2008,Odisha,Bhadrak,679,3
2008,Odisha,Boudh,3968,20
2008,Odisha,Cuttack,1912,0
2008,Odisha,Deogarh,9745,1
2008,Odisha,Dhenkanal,10243,5
2008,Odisha,Gajapati,8134,1
2008,Odisha,Ganjam,17308,1
2008,Odisha,Jagatsinghapur,538,0
2008,Odisha,Jajapur,4202,0
2008,Odisha,Jharsuguda,1289,2
2008,Odisha,Kalahandi,29990,4
2008,Odisha,Kandhamal,28617,49
2008,Odisha,Kendrapara,450,0
2008,Odisha,Kendujhar,29932,23
2008,Odisha,Khordha,3136,0
2008,Odisha,Koraput,32760,15
2008,Odisha,Malkangiri,17601,7
2008,Odisha,Mayurbhanj,12048,5
2008,Odisha,Nabarangpur,24819,10
2008,Odisha,Nayagarh,4474,2
2008,Odisha,Nuapada,19368,21
2008,Odisha,Puri,119,0
2008,Odisha,Rayagada,36847,23
2008,Odisha,Sambalpur,19608,0
2008,Odisha,Sonepur,4520,16
2008,Odisha,Sundargarh,22770,22
2008,Puducherry,Karaikal,26,0
2008,Puducherry,Mahe,3,0
2008,Puducherry,Pondicherry,43,0
2008,Puducherry,Yanam,0,0
2008,Puducherry,Amritsar,297,0
2008,Puducherry,Barnala,5,0
2008,Puducherry,Bathinda,80,0
2008,Puducherry,Faridkot,448,0
2008,Puducherry,Fatehgarh Sahib,7,0
2008,Puducherry,Ferozepur,346,0
2008,Puducherry,Gurdaspur,14,0
2008,Puducherry,Hoshiarpur,25,0
2008,Puducherry,Jalandhar,19,0
2008,Puducherry,Kapurthala,8,0
2008,Puducherry,Ludhiana,67,0
2008,Puducherry,Mansa,366,0
2008,Puducherry,Moga,2,0
2008,Puducherry,Patiala,63,0
2008,Puducherry,Rupnagar,3,0
2008,Puducherry,S.A.S Nagar,3,0
2008,Puducherry,Sangrur,69,0
2008,Puducherry,Shahid Bhagat Singh Nagar,73,0
2008,Puducherry,Sri Muktsar Sahib,229,0
2008,Puducherry,Tarn taran,370,0
2008,Rajasthan,Ajmer,1413,5
2008,Rajasthan,Alwar,3823,9
2008,Rajasthan,Banswara,1235,0
2008,Rajasthan,Baran,1066,0
2008,Rajasthan,Barmer,2629,0
2008,Rajasthan,Bharatpur,1947,0
2008,Rajasthan,Bhilwara,2264,0
2008,Rajasthan,Bikaner,3636,7
2008,Rajasthan,Bundi,3222,2
2008,Rajasthan,Chittorgarh,3114,0
2008,Rajasthan,Churu,1164,0
2008,Rajasthan,Dausa,1173,0
2008,Rajasthan,Dholpur,1174,0
2008,Rajasthan,Dungarpur,844,0
2008,Rajasthan,Ganganagar,648,1
2008,Rajasthan,Hanumangarh,3811,1
2008,Rajasthan,Jaipur,1503,5
2008,Rajasthan,Jaisalmer,2135,0
2008,Rajasthan,Jalore,821,0
2008,Rajasthan,Jhalawar,650,0
2008,Rajasthan,Jhunjhunu,653,3
2008,Rajasthan,Jodhpur,1249,0
2008,Rajasthan,Karauli,2655,5
2008,Rajasthan,Kota,2251,1
2008,Rajasthan,Nagaur,2586,1
2008,Rajasthan,Pali,1305,1
2008,Rajasthan,Rajsamand,1122,0
2008,Rajasthan,Sawai Madhopur,1881,6
2008,Rajasthan,Sikar,302,4
2008,Rajasthan,Sirohi,1059,1
2008,Rajasthan,Tonk,772,2
2008,Rajasthan,Udaipur,3375,0
2008,Sikkim,Gangtok,28,0
2008,Sikkim,Gyalshing,1,0
2008,Sikkim,Mangan,0,0
2008,Sikkim,Namchi,9,0
2008,Sikkim,Aranthangi#,5,0
2008,Sikkim,Chengalpattu,59,0
2008,Sikkim,Chennai,13503,0
2008,Tamil Nadu,Cheyyar#,79,0
2008,Tamil Nadu,Coimbatore,0,0
2008,Tamil Nadu,Cuddalore,40,0
2008,Tamil Nadu,Dharapuram#,0,0
2008,Tamil Nadu,Dharmapuri,216,0
2008,Tamil Nadu,Dindigul,824,0
2008,Tamil Nadu,Erode,0,0
2008,Tamil Nadu,Kallakurichi,32,0
2008,Tamil Nadu,Kanchipuram,4,0
2008,Tamil Nadu,Kanniyakumari,97,0
2008,Tamil Nadu,Karur,8,0
2008,Tamil Nadu,Kovilpatti#,259,0
2008,Tamil Nadu,Krishnagiri,15,0
2008,Tamil Nadu,Madurai,100,0
2008,Tamil Nadu,Nagapattinam,122,0
2008,Tamil Nadu,Namakkal,78,1
2008,Tamil Nadu,Palani#,6,0
2008,Tamil Nadu,Paramakudi#,275,0
2008,Tamil Nadu,Perambalur,13,0
2008,Tamil Nadu,Pudukkottai,9,0
2008,Tamil Nadu,Ramanathapuram,2567,0
2008,Tamil Nadu,Salem,54,0
2008,Tamil Nadu,Sivaganga,19,0
2008,Tamil Nadu,Sivakasi#,1,0
2008,Tamil Nadu,Tenkasi,8,0
2008,Tamil Nadu,Thanjavur,80,0
2008,Tamil Nadu,The Nilgiris,0,0
2008,Tamil Nadu,Theni,4,0
2008,Tamil Nadu,Thiruvallur,627,0
2008,Tamil Nadu,Thiruvarur,28,0
2008,Tamil Nadu,Tiruchirappalli,71,1
2008,Tamil Nadu,Tirunelveli,18,0
2008,Tamil Nadu,Tirupathur,212,0
2008,Tamil Nadu,Tiruppur,1,0
2008,Tamil Nadu,Tiruvannamalai,441,0
2008,Tamil Nadu,Tuticorin,537,0
2008,Tamil Nadu,Vellore,511,0
2008,Tamil Nadu,Villupuram,116,0
2008,Tamil Nadu,Virudhunagar,7,0
2008,Tripura,Dhalai,7306,22
2008,Tripura,North Tripura,2267,11
2008,Tripura,South Tripura,11300,7
2008,Tripura,West Tripura,5021,11
2008,Tripura,Agra,225,0
2008,Tripura,Aligarh,1800,0
2008,Tripura,Ambedkar Nagar,8,0
2008,Tripura,Amroha,767,0
2008,Tripura,Auraiya,973,0
2008,Tripura,Ayodhya,11,0
2008,Tripura,Azamgarh,10,0
2008,Tripura,Baghpat,221,0
2008,Tripura,Bahraich,57,0
2008,Tripura,Ballia,3,0
2008,Tripura,Balrampur,14,0
2008,Tripura,Banda,1712,0
2008,Tripura,Barabanki,3,0
2008,Tripura,Bareilly,1189,0
2008,Tripura,Basti,71,0
2008,Tripura,Bhadohi,1231,0
2008,Tripura,Bijnor,1348,0
2008,Tripura,Budaun,2299,0
2008,Tripura,Bulandshahr,935,0
2008,Tripura,Chandauli,943,0
2008,Tripura,Chitrakoot,692,0
2008,Tripura,Deoria,18,0
2008,Tripura,Etah,2065,0
2008,Tripura,Etawah,827,0
2008,Tripura,Farrukhabad,2411,0
2008,Tripura,Fatehpur,1605,0
2008,Tripura,Firozabad,825,0
2008,Tripura,Gautam Buddha Nagar,829,0
2008,Tripura,Ghaziabad,254,0
2008,Tripura,Ghazipur,18,0
2008,Tripura,Gonda,25,0
2008,Tripura,Gorakhpur,2,0
2008,Tripura,Hamirpur,1905,0
2008,Tripura,Hardoi,64,0
2008,Tripura,Hathras,1326,0
2008,Tripura,Jalaun,1048,0
2008,Tripura,Jaunpur,283,0
2008,Tripura,Jhansi,1434,0
2008,Tripura,Kannauj,847,0
2008,Tripura,Kanpur Dehat,2538,0
2008,Tripura,Kanpur Nagar,892,0
2008,Tripura,Kasganj,1576,0
2008,Tripura,Kaushambi,340,0
2008,Tripura,Kheri,568,0
2008,Tripura,Kushi Nagar,108,0
2008,Tripura,Lalitpur,848,0
2008,Tripura,Lucknow,62,0
2008,Tripura,Maharajganj,20,0
2008,Tripura,Mahoba,1529,0
2008,Tripura,Mainpuri,4172,0
2008,Tripura,Mathura,333,0
2008,Tripura,Mau,12,0
2008,Tripura,Meerut,88,0
2008,Tripura,Mirzapur,12416,0
2008,Tripura,Moradabad,271,0
2008,Tripura,Muzaffarnagar,3984,0
2008,Tripura,Pilibhit,131,0
2008,Tripura,Pratapgarh,188,0
2008,Tripura,Prayagraj,6675,0
2008,Tripura,Rae Bareli,88,0
2008,Tripura,Rampur,1428,0
2008,Tripura,Saharanpur,1090,0
2008,Tripura,Sant Kabeer Nagar,23,0
2008,Tripura,Shahjahanpur,75,0
2008,Tripura,Shravasti,16,0
2008,Tripura,Siddharth Nagar,280,0
2008,Tripura,Sitapur,16,0
2008,Tripura,Sonbhadra,22985,0
2008,Tripura,Sultanpur,137,0
2008,Tripura,Unnao,34,0
2008,Tripura,Varanasi,162,0
2008,Uttarakhand,Almora,4,0
2008,Uttarakhand,Bageshwar,16,0
2008,Uttarakhand,Chamoli,1,0
2008,Uttarakhand,Champawat,1,0
2008,Uttarakhand,Dehradun,99,0
2008,Uttarakhand,Haridwar,105,0
2008,Uttarakhand,Nainital,202,0
2008,Uttarakhand,Pauri Garhwal,4,0
2008,Uttarakhand,Pithoragarh,0,0
2008,Uttarakhand,Rudra Prayag,0,0
2008,Uttarakhand,Tehri Garhwal,2,0
2008,Uttarakhand,Udam Singh Nagar,623,0
2008,Uttarakhand,Uttar Kashi,2,0
2008,Uttarakhand,24 Paraganas North,520,0
2008,Uttarakhand,24 Paraganas South,726,4
2008,Uttarakhand,Bankura,1552,11
2008,Uttarakhand,Bardhaman,186,5
2008,Uttarakhand,Birbhum,473,3
2008,Uttarakhand,Coochbehar,971,3
2008,Uttarakhand,Darjeeling,455,0
2008,Uttarakhand,Dinajpur Dakshin,251,0
2008,Uttarakhand,Dinajpur Uttar,166,2
2008,Uttarakhand,Hooghly,159,4
2008,Uttarakhand,Howrah,657,3
2008,Uttarakhand,Jalpaiguri,9579,6
2008,Uttarakhand,KMUHO#,5071,2
2008,Uttarakhand,Kolkata,51266,4
2008,Uttarakhand,Maldah,2149,3
2008,Uttarakhand,Medinipur East,860,1
2008,Uttarakhand,Medinipur West,3456,17
2008,Uttarakhand,Murshidabad,3183,11
2008,Uttarakhand,Nadia,624,3
2008,Uttarakhand,Purulia,7139,22
2009,Andaman And Nicobar Islands,Nicobars,5096,0
2009,Andaman And Nicobar Islands,North And Middle Andaman,201,0
2009,Andaman And Nicobar Islands,South Andamans,463,0
2009,Andhra Pradesh,Adilabad,614,0
2009,Andhra Pradesh,Anantapur,635,0
2009,Andhra Pradesh,Chittoor,208,0
2009,Andhra Pradesh,East Godavari,4482,1
2009,Andhra Pradesh,Guntur,351,0
2009,Andhra Pradesh,Hyderabad,192,0
2009,Andhra Pradesh,Karimnagar,116,0
2009,Andhra Pradesh,Khammam,2925,1
2009,Andhra Pradesh,Krishna,1806,0
2009,Andhra Pradesh,Kurnool,415,0
2009,Andhra Pradesh,Mahabubnagar,158,0
2009,Andhra Pradesh,Medak,131,0
2009,Andhra Pradesh,Nalgonda,55,0
2009,Andhra Pradesh,Nizamabad,12,0
2009,Andhra Pradesh,Prakasam,767,1
2009,Andhra Pradesh,Ranga Reddy,276,0
2009,Andhra Pradesh,SPSR Nellore,77,0
2009,Andhra Pradesh,Srikakulam,1076,0
2009,Andhra Pradesh,Visakhapatanam,5863,0
2009,Andhra Pradesh,Vizianagaram,2010,0
2009,Andhra Pradesh,Warangal,198,0
2009,Andhra Pradesh,West Godavari,722,0
2009,Andhra Pradesh,Y.S.R.,2063,0
2009,Arunachal Pradesh,Anjaw,24,0
2009,Arunachal Pradesh,Changlang,3097,0
2009,Arunachal Pradesh,Dibang Valley,153,0
2009,Arunachal Pradesh,East Kameng,612,0
2009,Arunachal Pradesh,East Siang,4700,0
2009,Arunachal Pradesh,Kurung Kumey,423,0
2009,Arunachal Pradesh,Lohit,3135,0
2009,Arunachal Pradesh,Lower Dibang Valley,3168,3
2009,Arunachal Pradesh,Lower Subansiri,161,0
2009,Arunachal Pradesh,Papum Pare,1695,12
2009,Arunachal Pradesh,Tirap,1626,0
2009,Arunachal Pradesh,Upper Siang,440,0
2009,Arunachal Pradesh,Upper Subansiri,430,0
2009,Arunachal Pradesh,West Kameng,253,0
2009,Arunachal Pradesh,West Siang,2149,0
2009,Arunachal Pradesh,Baksa,3412,2
2009,Arunachal Pradesh,Barpeta,456,5
2009,Arunachal Pradesh,Bongaigaon,793,2
2009,Arunachal Pradesh,Cachar,2707,0
2009,Arunachal Pradesh,Chirang,5222,2
2009,Arunachal Pradesh,Darrang,233,0
2009,Assam,Dhemaji,402,1
2009,Assam,Dhubri,1669,4
2009,Assam,Dibrugarh,91,1
2009,Assam,Dima Hasao,3524,1
2009,Assam,Goalpara,5957,0
2009,Assam,Golaghat,710,7
2009,Assam,Hailakandi,3346,2
2009,Assam,Jorhat,353,5
2009,Assam,Kamrup,2487,1
2009,Assam,Kamrup Metro,973,1
2009,Assam,Karbi Anglong,26639,12
2009,Assam,Karimganj,710,1
2009,Assam,Kokrajhar,5903,0
2009,Assam,Lakhimpur,509,0
2009,Assam,Marigaon,969,1
2009,Assam,Nagaon,2725,1
2009,Assam,Nalbari,224,3
2009,Assam,Sivasagar,125,0
2009,Assam,Sonitpur,4123,6
2009,Assam,Tinsukia,2230,5
2009,Assam,Udalguri,14921,0
2009,Assam,Araria,0,0
2009,Assam,Arwal,0,0
2009,Assam,Aurangabad,179,0
2009,Assam,Banka,90,0
2009,Assam,Begusarai,0,0
2009,Assam,Bhagalpur,17,0
2009,Assam,Bhojpur,2,0
2009,Assam,Buxar,0,0
2009,Assam,Darbhanga,0,0
2009,Assam,Gaya,82,0
2009,Assam,Gopalganj,1,0
2009,Assam,Jamui,115,0
2009,Assam,Jehanabad,0,0
2009,Assam,Kaimur (Bhabua),65,0
2009,Assam,Katihar,0,0
2009,Assam,Khagaria,0,0
2009,Assam,Kishanganj,0,0
2009,Assam,Lakhisarai,2,0
2009,Assam,Madhepura,0,0
2009,Assam,Madhubani,0,0
2009,Assam,Munger,2172,21
2009,Assam,Muzaffarpur,5,0
2009,Assam,Nalanda,4,0
2009,Assam,Nawada,272,0
2009,Assam,Pashchim Champaran,0,0
2009,Assam,Patna,10,0
2009,Assam,Purbi Champaran,0,0
2009,Assam,Purnia,0,0
2009,Assam,Rohtas,231,0
2009,Assam,Saharsa,0,0
2009,Assam,Samastipur,1,0
2009,Assam,Saran,3,0
2009,Assam,Sheikhpura,2,0
2009,Assam,Sheohar,0,0
2009,Assam,Sitamarhi,0,0
2009,Assam,Siwan,2,0
2009,Assam,Supaul,0,0
2009,Assam,Vaishali,0,0
2009,Chandigarh,Chandigarh,430,0
2009,Chhattisgarh,Bastar,24586,2
2009,Chhattisgarh,Bilaspur,3275,0
2009,Chhattisgarh,Dantewada,31119,1
2009,Chhattisgarh,Dhamtari,579,0
2009,Chhattisgarh,Durg,1593,0
2009,Chhattisgarh,Janjgir-Champa,846,0
2009,Chhattisgarh,Jashpur,13693,0
2009,Chhattisgarh,Kabirdham,1293,0
2009,Chhattisgarh,Kanker,10349,1
2009,Chhattisgarh,Korba,8659,0
2009,Chhattisgarh,Korea,8882,0
2009,Chhattisgarh,Mahasamund,437,2
2009,Chhattisgarh,Raigarh,7516,0
2009,Chhattisgarh,Raipur,1248,0
2009,Chhattisgarh,RajnandGaon,1772,0
2009,Chhattisgarh,Surguja,13550,5
2009,D & N Haveli,Dadra And Nagar Haveli,3408,0
2009,Daman & Diu,Daman,91,0
2009,Daman & Diu,Diu,6,0
2009,Delhi,New Delhi,169,0
2009,Goa,North Goa,3867,3
2009,Goa,South Goa,1189,7
2009,Goa,Ahmadabad,241,0
2009,Goa,Ahmadabad MC#,5677,13
2009,Goa,Amreli,2038,1
2009,Goa,Anand,1113,0
2009,Goa,Banas kantha,635,0
2009,Goa,Bharuch,1044,0
2009,Goa,Bhavnagar,842,0
2009,Goa,Bhavnagar MC#,76,1
2009,Goa,Dang,103,0
2009,Goa,Dohad,3200,0
2009,Goa,Gandhinagar,553,0
2009,Goa,Jamnagar,2441,10
2009,Goa,Jamnagar MC#,22,2
2009,Goa,Junagadh,2154,0
2009,Goa,Junagadh MC#,95,0
2009,Gujarat,Kachchh,2216,2
2009,Gujarat,Kheda,423,1
2009,Gujarat,Mahesana,427,0
2009,Gujarat,Narmada,413,0
2009,Gujarat,Navsari,625,0
2009,Gujarat,Panch Mahals,1063,0
2009,Gujarat,Patan,549,0
2009,Gujarat,Porbandar,535,0
2009,Gujarat,Rajkot,1279,0
2009,Gujarat,Rajkot MC#,441,0
2009,Gujarat,Sabar kantha,587,0
2009,Gujarat,Surat,1011,0
2009,Gujarat,Surat MC#,10250,3
2009,Gujarat,Surendranagar,1285,1
2009,Gujarat,Tapi,693,0
2009,Gujarat,Vadodara,1240,0
2009,Gujarat,Vadodara MC#,1863,0
2009,Gujarat,Valsad,768,0
2009,Haryana,Ambala,55,0
2009,Haryana,Bhiwani,2111,0
2009,Haryana,Faridabad,105,0
2009,Haryana,Fatehabad,1675,0
2009,Haryana,Gurugram,0,0
2009,Haryana,Hisar,9463,0
2009,Haryana,Jhajjar,618,0
2009,Haryana,Jind,3607,0
2009,Haryana,Kaithal,943,0
2009,Haryana,Karnal,4210,0
2009,Haryana,Kurukshetra,130,0
2009,Haryana,Mahendragarh,0,0
2009,Haryana,Nuh,64,0
2009,Haryana,Palwal,99,0
2009,Haryana,Panchkula,181,0
2009,Haryana,Panipat,823,0
2009,Haryana,Rewari,44,0
2009,Haryana,Rohtak,759,0
2009,Haryana,Sirsa,1174,0
2009,Haryana,Sonipat,1273,0
2009,Haryana,Yamunanagar,2834,0
2009,Himachal Pradesh,Bilaspur,29,0
2009,Himachal Pradesh,Chamba,4,0
2009,Himachal Pradesh,Hamirpur,38,0
2009,Himachal Pradesh,Kangra,32,0
2009,Himachal Pradesh,Kullu,11,0
2009,Himachal Pradesh,Mandi,18,0
2009,Himachal Pradesh,Shimla,17,0
2009,Himachal Pradesh,Sirmaur,10,0
2009,Himachal Pradesh,Solan,29,0
2009,Himachal Pradesh,Una,4,0
2009,Jammu And Kashmir,Baramulla,0,0
2009,Jammu And Kashmir,Doda,0,0
2009,Jammu And Kashmir,Jammu,97,0
2009,Jammu And Kashmir,Kargil,0,0
2009,Jammu And Kashmir,Kathua,26,0
2009,Jammu And Kashmir,Kishtwar,6,0
2009,Jammu And Kashmir,Leh Ladakh,0,0
2009,Jammu And Kashmir,Poonch,48,0
2009,Jammu And Kashmir,Rajouri,133,0
2009,Jammu And Kashmir,Ramban,0,0
2009,Jammu And Kashmir,Reasi,13,0
2009,Jammu And Kashmir,Samba,4,0
2009,Jammu And Kashmir,Udhampur,10,0
2009,Jammu And Kashmir,UMCP Jammu#,9,0
2009,Jharkhand,Bokaro,6600,0
2009,Jharkhand,Chatra,7878,0
2009,Jharkhand,Deoghar,266,0
2009,Jharkhand,Dhanbad,2769,1
2009,Jharkhand,Dumka,18647,9
2009,Jharkhand,East Singhbum,5316,0
2009,Jharkhand,Garhwa,13831,0
2009,Jharkhand,Giridih,20878,0
2009,Jharkhand,Godda,4613,7
2009,Jharkhand,Gumla,6535,0
2009,Jharkhand,Hazaribagh,7902,0
2009,Jharkhand,Jamtara,10,0
2009,Jharkhand,Khunti,6429,0
2009,Jharkhand,Koderma,3443,0
2009,Jharkhand,Latehar,26990,3
2009,Jharkhand,Lohardaga,1906,1
2009,Jharkhand,Pakur,2731,1
2009,Jharkhand,Palamu,25447,1
2009,Jharkhand,Ramgarh,1091,0
2009,Jharkhand,Ranchi,13389,1
2009,Jharkhand,Sahebganj,6194,0
2009,Jharkhand,Saraikela Kharsawan,6462,0
2009,Jharkhand,Simdega,10178,0
2009,Jharkhand,West Singhbhum,31178,4
2009,Jharkhand,A.M.U. Almatti#,774,0
2009,Jharkhand,A.M.U. B. Gudi#,86,0
2009,Jharkhand,A.M.U. Kembhavi#,93,0
2009,Jharkhand,Bagalkote,1722,0
2009,Jharkhand,Ballari,1258,0
2009,Jharkhand,Belagavi,456,0
2009,Jharkhand,Bengaluru Rural,17,0
2009,Jharkhand,Bengaluru Urban,48,0
2009,Jharkhand,Bidar,575,0
2009,Jharkhand,Chamarajanagara,57,0
2009,Jharkhand,ChikkaBallaPura,1554,0
2009,Karnataka,Chikkamagaluru,157,0
2009,Karnataka,Chitradurga,602,0
2009,Karnataka,Dakshina Kannada,5850,0
2009,Karnataka,Davangere,80,0
2009,Karnataka,Dharwad,263,0
2009,Karnataka,Gadag,624,0
2009,Karnataka,Hassan,61,0
2009,Karnataka,Haveri,397,0
2009,Karnataka,Kalaburagi,9001,0
2009,Karnataka,Kodagu,21,0
2009,Karnataka,Kolar,320,0
2009,Karnataka,Koppal,2521,0
2009,Karnataka,Mandya,79,0
2009,Karnataka,Mysuru,41,0
2009,Karnataka,Raichur,4108,0
2009,Karnataka,Ramanagara,46,0
2009,Karnataka,Shivamogga,134,0
2009,Karnataka,Tumakuru,2318,0
2009,Karnataka,U.K.P.N. PURA#,310,0
2009,Karnataka,Udupi,1189,0
2009,Karnataka,Uttara Kannada,263,0
2009,Karnataka,Vijayapura,1834,0
2009,Kerala,Alappuzha,118,0
2009,Kerala,Ernakulam,172,2
2009,Kerala,Idukki,62,0
2009,Kerala,Kannur,222,0
2009,Kerala,Kasaragod,462,1
2009,Kerala,Kollam,72,0
2009,Kerala,Kottayam,47,1
2009,Kerala,Kozhikode,125,1
2009,Kerala,Malappuram,161,0
2009,Kerala,Palakkad,87,0
2009,Kerala,Pathanamthitta,130,0
2009,Kerala,Thiruvananthapuram,188,0
2009,Kerala,Thrissur,162,0
2009,Kerala,Wayanad,38,0
2009,Lakshadweep,Lakshadweep District,8,0
2009,Lakshadweep,Anuppur,797,0
2009,Lakshadweep,Ashoknagar,2466,0
2009,Lakshadweep,Balaghat,2707,0
2009,Lakshadweep,Barwani,431,0
2009,Lakshadweep,Betul,1120,0
2009,Lakshadweep,Bhind,4498,0
2009,Lakshadweep,Bhopal,5062,1
2009,Lakshadweep,Burhanpur,423,0
2009,Lakshadweep,Chhatarpur,818,1
2009,Lakshadweep,Chhindwara,2362,1
2009,Lakshadweep,Damoh,1352,0
2009,Lakshadweep,Datia,1075,0
2009,Madhya Pradesh,Dewas,364,0
2009,Madhya Pradesh,Dhar,1355,0
2009,Madhya Pradesh,Dindori,3546,6
2009,Madhya Pradesh,East Nimar,281,0
2009,Madhya Pradesh,Guna,3247,0
2009,Madhya Pradesh,Gwalior,1548,0
2009,Madhya Pradesh,Harda,267,0
2009,Madhya Pradesh,Indore,140,0
2009,Madhya Pradesh,Jabalpur,1251,0
2009,Madhya Pradesh,Jhabua,2596,0
2009,Madhya Pradesh,Katni,308,0
2009,Madhya Pradesh,Khargone,865,0
2009,Madhya Pradesh,Mandla,2519,0
2009,Madhya Pradesh,Mandsaur,266,0
2009,Madhya Pradesh,Morena,2762,0
2009,Madhya Pradesh,Narmadapuram,2905,0
2009,Madhya Pradesh,Narsinghpur,1334,0
2009,Madhya Pradesh,Neemuch,227,0
2009,Madhya Pradesh,Panna,2125,0
2009,Madhya Pradesh,Raisen,2226,0
2009,Madhya Pradesh,Rajgarh,2057,0
2009,Madhya Pradesh,Ratlam,1364,0
2009,Madhya Pradesh,Rewa,698,2
2009,Madhya Pradesh,Sagar,3080,0
2009,Madhya Pradesh,Satna,1604,0
2009,Madhya Pradesh,Sehore,1121,0
2009,Madhya Pradesh,Seoni,1382,0
2009,Madhya Pradesh,Shahdol,612,0
2009,Madhya Pradesh,Shajapur,373,0
2009,Madhya Pradesh,Sheopur,8105,1
2009,Madhya Pradesh,Shivpuri,5803,4
2009,Madhya Pradesh,Sidhi,2836,1
2009,Madhya Pradesh,Tikamgarh,1769,3
2009,Madhya Pradesh,Ujjain,126,0
2009,Madhya Pradesh,Umaria,1661,5
2009,Madhya Pradesh,Vidisha,1794,1
2009,Madhya Pradesh,Ahmednagar,439,0
2009,Madhya Pradesh,Akola,178,0
2009,Madhya Pradesh,Amravati,549,0
2009,Madhya Pradesh,Aurangabad,214,0
2009,Madhya Pradesh,Beed,189,0
2009,Madhya Pradesh,Bhandara,309,2
2009,Madhya Pradesh,Buldhana,240,0
2009,Madhya Pradesh,Chandrapur,1409,6
2009,Madhya Pradesh,Dhule,1539,0
2009,Madhya Pradesh,Gadchiroli,7898,1
2009,Madhya Pradesh,Gondia,1039,4
2009,Madhya Pradesh,Hingoli,27,0
2009,Madhya Pradesh,Jalgaon,759,1
2009,Maharashtra,Jalna,46,0
2009,Maharashtra,Kolhapur,176,1
2009,Maharashtra,Latur,202,0
2009,Maharashtra,Mumbai,44035,198
2009,Maharashtra,Nagpur,571,0
2009,Maharashtra,Nagpur MC#,95,0
2009,Maharashtra,Nanded,424,0
2009,Maharashtra,Nandurbar,1773,0
2009,Maharashtra,Nashik,3729,7
2009,Maharashtra,Osmanabad,115,0
2009,Maharashtra,Parbhani,115,0
2009,Maharashtra,Pune,1227,0
2009,Maharashtra,Pune MC#,137,0
2009,Maharashtra,Raigad,4368,1
2009,Maharashtra,Ratnagiri,1703,4
2009,Maharashtra,Sangli,276,1
2009,Maharashtra,Satara,442,0
2009,Maharashtra,Sindhudurg,260,0
2009,Maharashtra,Solapur,287,0
2009,Maharashtra,Thane,17509,1
2009,Maharashtra,Wardha,500,0
2009,Maharashtra,Washim,126,0
2009,Maharashtra,Yavatmal,913,0
2009,Manipur,Bishnupur,31,0
2009,Manipur,Chandel,94,0
2009,Manipur,Churachandpur,205,0
2009,Manipur,Imphal East,59,0
2009,Manipur,Imphal Urban#,33,0
2009,Manipur,Imphal West,87,0
2009,Manipur,Jiribam,89,0
2009,Manipur,Kangpokpi,19,0
2009,Manipur,Senapati,36,0
2009,Manipur,Tamenglong,260,1
2009,Manipur,Thoubal,60,0
2009,Manipur,Ukhrul,96,0
2009,Meghalaya,East Garo Hills,14379,28
2009,Meghalaya,East Khasi Hills,1062,5
2009,Meghalaya,Ri Bhoi,3025,19
2009,Meghalaya,South Garo Hills,10321,26
2009,Meghalaya,West Garo Hills,43890,72
2009,Meghalaya,West Jaintia Hills,1171,20
2009,Meghalaya,West Khasi Hills,2911,22
2009,Meghalaya,Aizawl,221,17
2009,Meghalaya,Aizawl West#,229,24
2009,Meghalaya,Champhai,296,4
2009,Meghalaya,Kolasib,810,8
2009,Meghalaya,Lawngtlai,1198,8
2009,Meghalaya,Lunglei,3965,22
2009,Meghalaya,Mamit,1502,12
2009,Meghalaya,Saiha,937,11
2009,Meghalaya,Serchhip,241,13
2009,Nagaland,Mon,669,2
2009,Nagaland,Dimapur,1392,19
2009,Nagaland,Kiphire,114,0
2009,Nagaland,Kohima,882,1
2009,Nagaland,Longleng,208,0
2009,Nagaland,Mokokchung,2552,1
2009,Nagaland,Peren,63,0
2009,Nagaland,Phek,433,0
2009,Nagaland,Tuensang,286,0
2009,Nagaland,UVBDS Dimapur#,217,11
2009,Nagaland,Wokha,1393,1
2009,Nagaland,Zunheboto,280,0
2009,Odisha,Anugul,15479,0
2009,Odisha,Balangir,12292,2
2009,Odisha,Baleshwar,1692,11
2009,Odisha,Bargarh,2674,0
2009,Odisha,Bhadrak,830,1
2009,Odisha,Boudh,3528,0
2009,Odisha,Cuttack,1323,0
2009,Odisha,Deogarh,10034,2
2009,Odisha,Dhenkanal,10938,6
2009,Odisha,Gajapati,9950,1
2009,Odisha,Ganjam,15040,0
2009,Odisha,Jagatsinghapur,325,1
2009,Odisha,Jajapur,3529,0
2009,Odisha,Jharsuguda,1020,2
2009,Odisha,Kalahandi,28922,5
2009,Odisha,Kandhamal,36463,35
2009,Odisha,Kendrapara,376,0
2009,Odisha,Kendujhar,35290,16
2009,Odisha,Khordha,2430,0
2009,Odisha,Koraput,31865,32
2009,Odisha,Malkangiri,17658,7
2009,Odisha,Mayurbhanj,10798,8
2009,Odisha,Nabarangpur,23091,10
2009,Odisha,Nayagarh,4662,3
2009,Odisha,Nuapada,18067,18
2009,Odisha,Puri,94,0
2009,Odisha,Rayagada,39695,19
2009,Odisha,Sambalpur,18770,0
2009,Odisha,Sonepur,3273,7
2009,Odisha,Sundargarh,20796,12
2009,Puducherry,Karaikal,13,0
2009,Puducherry,Mahe,3,0
2009,Puducherry,Pondicherry,46,0
2009,Puducherry,Yanam,3,0
2009,Puducherry,Amritsar,21,0
2009,Punjab,Barnala,4,0
2009,Punjab,Bathinda,247,0
2009,Punjab,Faridkot,375,0
2009,Punjab,Fatehgarh Sahib,19,0
2009,Punjab,Ferozepur,387,0
2009,Punjab,Gurdaspur,23,0
2009,Punjab,Hoshiarpur,38,0
2009,Punjab,Jalandhar,78,0
2009,Punjab,Kapurthala,28,0
2009,Punjab,Ludhiana,74,0
2009,Punjab,Mansa,315,0
2009,Punjab,Moga,5,0
2009,Punjab,Patiala,74,0
2009,Punjab,Rupnagar,1,0
2009,Punjab,S.A.S Nagar,127,0
2009,Punjab,Sangrur,221,0
2009,Punjab,Shahid Bhagat Singh Nagar,42,0
2009,Punjab,Sri Muktsar Sahib,439,0
2009,Punjab,Tarn taran,437,0
2009,Punjab,Ajmer,746,3
2009,Punjab,Alwar,1327,2
2009,Punjab,Banswara,1122,0
2009,Punjab,Baran,951,0
2009,Punjab,Barmer,1088,0
2009,Punjab,Bharatpur,1345,0
2009,Punjab,Bhilwara,1077,0
2009,Punjab,Bikaner,1654,3
2009,Punjab,Bundi,1013,0
2009,Punjab,Chittorgarh,958,1
2009,Punjab,Churu,590,1
2009,Punjab,Dausa,291,1
2009,Punjab,Dholpur,2437,0
2009,Punjab,Dungarpur,672,0
2009,Punjab,Ganganagar,276,0
2009,Punjab,Hanumangarh,2894,1
2009,Punjab,Jaipur,755,2
2009,Punjab,Jaisalmer,1635,0
2009,Punjab,Jalore,395,1
2009,Punjab,Jhalawar,521,0
2009,Punjab,Jhunjhunu,339,0
2009,Punjab,Jodhpur,598,0
2009,Punjab,Karauli,654,0
2009,Punjab,Kota,2067,0
2009,Punjab,Nagaur,1475,0
2009,Punjab,Pali,695,1
2009,Punjab,Pratapgarh,1305,0
2009,Punjab,Rajsamand,723,1
2009,Punjab,Sawai Madhopur,1116,1
2009,Punjab,Sikar,300,0
2009,Punjab,Sirohi,291,0
2009,Punjab,Tonk,211,0
2009,Punjab,Udaipur,1188,0
2009,Sikkim,Gangtok,39,1
2009,Sikkim,Gyalshing,0,0
2009,Sikkim,Mangan,0,0
2009,Sikkim,Namchi,3,0
2009,Sikkim,Aranthangi#,1,0
2009,Sikkim,Chengalpattu,111,0
2009,Sikkim,Chennai,8917,0
2009,Sikkim,Cheyyar#,61,0
2009,Sikkim,Coimbatore,8,0
2009,Sikkim,Cuddalore,58,0
2009,Sikkim,Dharapuram#,0,0
2009,Sikkim,Dharmapuri,156,0
2009,Sikkim,Dindigul,1108,0
2009,Sikkim,Erode,0,0
2009,Sikkim,Kallakurichi,31,0
2009,Sikkim,Kanchipuram,2,0
2009,Sikkim,Kanniyakumari,67,0
2009,Sikkim,Karur,11,0
2009,Sikkim,Kovilpatti#,130,0
2009,Sikkim,Krishnagiri,42,0
2009,Sikkim,Madurai,86,0
2009,Sikkim,Nagapattinam,80,0
2009,Sikkim,Namakkal,48,0
2009,Sikkim,Palani#,6,0
2009,Sikkim,Paramakudi#,159,0
2009,Sikkim,Perambalur,7,0
2009,Sikkim,Pudukkottai,4,0
2009,Sikkim,Ramanathapuram,1767,0
2009,Sikkim,Salem,20,0
2009,Sikkim,Sivaganga,11,0
2009,Sikkim,Sivakasi#,2,0
2009,Sikkim,Tenkasi,6,0
2009,Sikkim,Thanjavur,125,0
2009,Sikkim,The Nilgiris,0,0
2009,Sikkim,Theni,2,0
2009,Sikkim,Thiruvallur,546,0
2009,Sikkim,Thiruvarur,52,0
2009,Sikkim,Tiruchirappalli,40,1
2009,Sikkim,Tirunelveli,15,0
2009,Sikkim,Tirupathur,128,0
2009,Sikkim,Tiruppur,4,0
2009,Sikkim,Tiruvannamalai,384,0
2009,Sikkim,Tuticorin,341,0
2009,Sikkim,Vellore,403,0
2009,Sikkim,Villupuram,48,0
2009,Sikkim,Virudhunagar,1,0
2009,Tripura,Dhalai,7658,15
2009,Tripura,North Tripura,2331,39
2009,Tripura,South Tripura,11676,2
2009,Tripura,West Tripura,2765,6
2009,Tripura,Agra,182,0
2009,Tripura,Aligarh,730,0
2009,Tripura,Ambedkar Nagar,7,0
2009,Tripura,Amroha,692,0
2009,Tripura,Auraiya,679,0
2009,Tripura,Ayodhya,17,0
2009,Tripura,Azamgarh,4,0
2009,Tripura,Baghpat,146,0
2009,Tripura,Bahraich,33,0
2009,Tripura,Ballia,0,0
2009,Tripura,Balrampur,8,0
2009,Tripura,Banda,938,0
2009,Tripura,Barabanki,2,0
2009,Tripura,Bareilly,1003,0
2009,Tripura,Basti,118,0
2009,Tripura,Bhadohi,1430,0
2009,Tripura,Bijnor,1061,0
2009,Tripura,Budaun,1113,0
2009,Tripura,Bulandshahr,935,0
2009,Tripura,Chandauli,632,0
2009,Tripura,Chitrakoot,734,0
2009,Tripura,Deoria,12,0
2009,Tripura,Etah,793,0
2009,Tripura,Etawah,622,0
2009,Tripura,Farrukhabad,949,0
2009,Tripura,Fatehpur,958,0
2009,Tripura,Firozabad,713,0
2009,Tripura,Gautam Buddha Nagar,396,0
2009,Tripura,Ghaziabad,368,0
2009,Tripura,Ghazipur,29,0
2009,Tripura,Gonda,24,0
2009,Tripura,Gorakhpur,1,0
2009,Tripura,Hamirpur,1518,0
2009,Tripura,Hardoi,55,0
2009,Tripura,Hathras,796,0
2009,Tripura,Jalaun,690,0
2009,Tripura,Jaunpur,234,0
2009,Tripura,Jhansi,1298,0
2009,Tripura,Kannauj,568,0
2009,Tripura,Kanpur Dehat,2707,0
2009,Tripura,Kanpur Nagar,731,0
2009,Tripura,Kasganj,593,0
2009,Tripura,Kaushambi,419,0
2009,Tripura,Kheri,529,0
2009,Tripura,Kushi Nagar,110,0
2009,Tripura,Lalitpur,765,0
2009,Tripura,Lucknow,38,0
2009,Tripura,Maharajganj,33,0
2009,Tripura,Mahoba,1247,0
2009,Tripura,Mainpuri,1941,0
2009,Tripura,Mathura,178,0
2009,Tripura,Mau,11,0
2009,Tripura,Meerut,104,0
2009,Tripura,Mirzapur,6519,0
2009,Tripura,Moradabad,73,0
2009,Tripura,Muzaffarnagar,2116,0
2009,Tripura,Pilibhit,15,0
2009,Tripura,Pratapgarh,229,0
2009,Tripura,Prayagraj,4233,0
2009,Tripura,Rae Bareli,94,0
2009,Tripura,Rampur,838,0
2009,Tripura,Saharanpur,378,0
2009,Tripura,Sant Kabeer Nagar,5,0
2009,Tripura,Shahjahanpur,15,0
2009,Tripura,Shravasti,33,0
2009,Tripura,Siddharth Nagar,283,0
2009,Tripura,Sitapur,5,0
2009,Tripura,Sonbhadra,10394,0
2009,Tripura,Sultanpur,159,0
2009,Tripura,Unnao,17,0
2009,Tripura,Varanasi,137,0
2009,Uttarakhand,Almora,4,0
2009,Uttarakhand,Bageshwar,31,0
2009,Uttarakhand,Chamoli,3,0
2009,Uttarakhand,Champawat,9,0
2009,Uttarakhand,Dehradun,203,0
2009,Uttarakhand,Haridwar,44,0
2009,Uttarakhand,Nainital,452,0
2009,Uttarakhand,Pauri Garhwal,21,0
2009,Uttarakhand,Pithoragarh,0,0
2009,Uttarakhand,Rudra Prayag,0,0
2009,Uttarakhand,Tehri Garhwal,6,0
2009,Uttarakhand,Udam Singh Nagar,491,0
2009,Uttarakhand,Uttar Kashi,0,0
2009,Uttarakhand,24 Paraganas North,1258,0
2009,Uttarakhand,24 Paraganas South,1106,1
2009,Uttarakhand,Bankura,1163,1
2009,Uttarakhand,Bardhaman,110,4
2009,Uttarakhand,Birbhum,336,1
2009,Uttarakhand,Coochbehar,966,7
2009,Uttarakhand,Darjeeling,445,1
2009,Uttarakhand,Dinajpur Dakshin,290,0
2009,West Bengal,Dinajpur Uttar,178,0
2009,West Bengal,Hooghly,252,1
2009,West Bengal,Howrah,4703,2
2009,West Bengal,Jalpaiguri,16902,22
2009,West Bengal,KMUHO#,7637,0
2009,West Bengal,Kolkata,87423,2
2009,West Bengal,Maldah,1882,10
2009,West Bengal,Medinipur East,1163,1
2009,West Bengal,Medinipur West,4212,6
2009,West Bengal,Murshidabad,4921,9
2009,West Bengal,Nadia,919,2
2009,West Bengal,Purulia,5345,4
2010,Andaman And Nicobar Islands,Nicobars,1460,0
2010,Andaman And Nicobar Islands,North And Middle Andaman,325,0
2010,Andaman And Nicobar Islands,South Andamans,699,0
2010,Andhra Pradesh,Adilabad,612,0
2010,Andhra Pradesh,Anantapur,368,0
2010,Andhra Pradesh,Chittoor,251,0
2010,Andhra Pradesh,East Godavari,2414,0
2010,Andhra Pradesh,Guntur,429,0
2010,Andhra Pradesh,Hyderabad,274,0
2010,Andhra Pradesh,Karimnagar,107,0
2010,Andhra Pradesh,Khammam,4811,3
2010,Andhra Pradesh,Krishna,2757,0
2010,Andhra Pradesh,Kurnool,279,0
2010,Andhra Pradesh,Mahabubnagar,240,0
2010,Andhra Pradesh,Medak,137,0
2010,Andhra Pradesh,Nalgonda,40,0
2010,Andhra Pradesh,Nizamabad,31,0
2010,Andhra Pradesh,Prakasam,1590,1
2010,Andhra Pradesh,Ranga Reddy,201,0
2010,Andhra Pradesh,SPSR Nellore,117,0
2010,Andhra Pradesh,Srikakulam,1289,3
2010,Andhra Pradesh,Visakhapatanam,12815,11
2010,Andhra Pradesh,Vizianagaram,2396,2
2010,Andhra Pradesh,Warangal,215,0
2010,Andhra Pradesh,West Godavari,366,0
2010,Andhra Pradesh,Y.S.R.,1654,0
2010,Andhra Pradesh,Anjaw,26,0
2010,Andhra Pradesh,Changlang,1382,2
2010,Andhra Pradesh,Dibang Valley,60,0
2010,Andhra Pradesh,East Kameng,759,32
2010,Andhra Pradesh,East Siang,3311,6
2010,Andhra Pradesh,Kurung Kumey,601,0
2010,Andhra Pradesh,Lohit,2748,14
2010,Andhra Pradesh,Lower Dibang Valley,1782,10
2010,Andhra Pradesh,Lower Subansiri,263,4
2010,Andhra Pradesh,Papum Pare,867,7
2010,Andhra Pradesh,Tirap,1401,4
2010,Andhra Pradesh,Upper Siang,782,1
2010,Andhra Pradesh,Upper Subansiri,1157,19
2010,Andhra Pradesh,West Kameng,165,2
2010,Andhra Pradesh,West Siang,2640,2
2010,Assam,Baksa,2626,0
2010,Assam,Barpeta,433,1
2010,Assam,Bongaigaon,470,0
2010,Assam,Cachar,1323,0
2010,Assam,Chirang,7384,2
2010,Assam,Darrang,163,0
2010,Assam,Dhemaji,309,1
2010,Assam,Dhubri,775,0
2010,Assam,Dibrugarh,44,0
2010,Assam,Dima Hasao,2673,1
2010,Assam,Goalpara,3271,0
2010,Assam,Golaghat,297,2
2010,Assam,Hailakandi,1818,0
2010,Assam,Jorhat,118,0
2010,Assam,Kamrup,1110,0
2010,Assam,Kamrup Metro,516,0
2010,Assam,Karbi Anglong,18178,8
2010,Assam,Karimganj,442,2
2010,Assam,Kokrajhar,6104,3
2010,Assam,Lakhimpur,295,0
2010,Assam,Marigaon,424,3
2010,Assam,Nagaon,1397,1
2010,Assam,Nalbari,131,0
2010,Assam,Sivasagar,111,1
2010,Assam,Sonitpur,2611,8
2010,Assam,Tinsukia,1663,1
2010,Assam,Udalguri,13667,2
2010,Assam,Araria,0,0
2010,Assam,Arwal,0,0
2010,Assam,Aurangabad,108,0
2010,Assam,Banka,4,0
2010,Assam,Begusarai,0,0
2010,Assam,Bhagalpur,13,0
2010,Assam,Bhojpur,1,0
2010,Assam,Buxar,0,0
2010,Assam,Darbhanga,0,0
2010,Assam,Gaya,67,0
2010,Assam,Gopalganj,0,0
2010,Assam,Jamui,186,0
2010,Assam,Jehanabad,0,0
2010,Assam,Kaimur (Bhabua),57,0
2010,Assam,Katihar,0,0
2010,Assam,Khagaria,0,0
2010,Assam,Kishanganj,0,0
2010,Bihar,Lakhisarai,348,0
2010,Bihar,Madhepura,0,0
2010,Bihar,Madhubani,0,0
2010,Bihar,Munger,590,1
2010,Bihar,Muzaffarpur,0,0
2010,Bihar,Nalanda,2,0
2010,Bihar,Nawada,281,0
2010,Bihar,Pashchim Champaran,0,0
2010,Bihar,Patna,4,0
2010,Bihar,Purbi Champaran,0,0
2010,Bihar,Purnia,0,0
2010,Bihar,Rohtas,236,0
2010,Bihar,Saharsa,0,0
2010,Bihar,Samastipur,1,0
2010,Bihar,Saran,7,0
2010,Bihar,Sheikhpura,3,0
2010,Bihar,Sheohar,0,0
2010,Bihar,Sitamarhi,0,0
2010,Bihar,Siwan,0,0
2010,Bihar,Supaul,0,0
2010,Bihar,Vaishali,0,0
2010,Chandigarh,Chandigarh,351,0
2010,Chhattisgarh,Bastar,15238,0
2010,Chhattisgarh,Bijapur,8389,2
2010,Chhattisgarh,Bilaspur,8405,9
2010,Chhattisgarh,Dantewada,31732,7
2010,Chhattisgarh,Dhamtari,746,0
2010,Chhattisgarh,Durg,2272,0
2010,Chhattisgarh,Janjgir-Champa,858,7
2010,Chhattisgarh,Jashpur,15063,0
2010,Chhattisgarh,Kabirdham,2234,1
2010,Chhattisgarh,Kanker,8029,0
2010,Chhattisgarh,Korba,15945,2
2010,Chhattisgarh,Korea,12327,5
2010,Chhattisgarh,Mahasamund,496,2
2010,Chhattisgarh,Narayanpur,1564,0
2010,Chhattisgarh,Raigarh,7903,4
2010,Chhattisgarh,Raipur,1280,0
2010,Chhattisgarh,RajnandGaon,3628,8
2010,Chhattisgarh,Surguja,16100,0
2010,D & N Haveli,Dadra And Nagar Haveli,5703,0
2010,Daman & Diu,Daman,195,0
2010,Daman & Diu,Diu,9,0
2010,Delhi,New Delhi,251,0
2010,Goa,North Goa,1395,0
2010,Goa,South Goa,973,1
2010,Goa,Ahmadabad,345,0
2010,Goa,Ahmadabad MC#,7193,20
2010,Gujarat,Amreli,2032,1
2010,Gujarat,Anand,665,0
2010,Gujarat,Banas kantha,1979,1
2010,Gujarat,Bharuch,1063,0
2010,Gujarat,Bhavnagar,532,0
2010,Gujarat,Bhavnagar MC#,111,0
2010,Gujarat,Dang,296,0
2010,Gujarat,Dohad,7265,0
2010,Gujarat,Gandhinagar,626,0
2010,Gujarat,Jamnagar,3289,5
2010,Gujarat,Jamnagar MC#,42,4
2010,Gujarat,Junagadh,1783,0
2010,Gujarat,Junagadh MC#,83,0
2010,Gujarat,Kachchh,3237,3
2010,Gujarat,Kheda,581,0
2010,Gujarat,Mahesana,602,2
2010,Gujarat,Narmada,1000,0
2010,Gujarat,Navsari,1542,0
2010,Gujarat,Panch Mahals,1438,3
2010,Gujarat,Patan,1526,0
2010,Gujarat,Porbandar,576,1
2010,Gujarat,Rajkot,2473,6
2010,Gujarat,Rajkot MC#,499,1
2010,Gujarat,Sabar kantha,537,0
2010,Gujarat,Surat,1273,4
2010,Gujarat,Surat MC#,13593,14
2010,Gujarat,Surendranagar,2112,1
2010,Gujarat,Tapi,918,0
2010,Gujarat,Vadodara,1551,2
2010,Gujarat,Vadodara MC#,3029,3
2010,Gujarat,Valsad,2710,0
2010,Gujarat,Ambala,139,0
2010,Gujarat,Bhiwani,1335,0
2010,Gujarat,Faridabad,125,0
2010,Gujarat,Fatehabad,983,0
2010,Gujarat,Gurugram,138,0
2010,Gujarat,Hisar,5726,0
2010,Gujarat,Jhajjar,290,0
2010,Gujarat,Jind,583,0
2010,Gujarat,Kaithal,174,0
2010,Gujarat,Karnal,1833,0
2010,Gujarat,Kurukshetra,264,0
2010,Gujarat,Mahendragarh,138,0
2010,Gujarat,Nuh,216,0
2010,Gujarat,Palwal,280,0
2010,Gujarat,Panchkula,214,0
2010,Gujarat,Panipat,399,0
2010,Gujarat,Rewari,64,0
2010,Gujarat,Rohtak,826,0
2010,Gujarat,Sirsa,1167,0
2010,Gujarat,Sonipat,546,0
2010,Gujarat,Yamunanagar,3481,0
2010,Himachal Pradesh,Bilaspur,45,0
2010,Himachal Pradesh,Chamba,9,0
2010,Himachal Pradesh,Hamirpur,37,0
2010,Himachal Pradesh,Kangra,32,0
2010,Himachal Pradesh,Kullu,5,0
2010,Himachal Pradesh,Mandi,15,0
2010,Himachal Pradesh,Shimla,49,0
2010,Himachal Pradesh,Sirmaur,7,0
2010,Himachal Pradesh,Solan,8,0
2010,Himachal Pradesh,Una,3,0
2010,Jammu And Kashmir,Baramulla,2,0
2010,Jammu And Kashmir,Doda,1,0
2010,Jammu And Kashmir,Jammu,267,0
2010,Jammu And Kashmir,Kargil,0,0
2010,Jammu And Kashmir,Kathua,39,0
2010,Jammu And Kashmir,Kishtwar,5,0
2010,Jammu And Kashmir,Leh Ladakh,0,0
2010,Jammu And Kashmir,Poonch,254,0
2010,Jammu And Kashmir,Rajouri,159,0
2010,Jammu And Kashmir,Ramban,2,0
2010,Jammu And Kashmir,Reasi,5,0
2010,Jammu And Kashmir,Samba,4,0
2010,Jammu And Kashmir,Udhampur,27,0
2010,Jammu And Kashmir,UMCP Jammu#,37,0
2010,Jammu And Kashmir,Bokaro,5089,0
2010,Jammu And Kashmir,Chatra,8641,0
2010,Jammu And Kashmir,Deoghar,227,4
2010,Jammu And Kashmir,Dhanbad,2485,0
2010,Jammu And Kashmir,Dumka,24796,1
2010,Jammu And Kashmir,East Singhbum,4097,0
2010,Jammu And Kashmir,Garhwa,12407,0
2010,Jammu And Kashmir,Giridih,16065,0
2010,Jammu And Kashmir,Godda,5255,2
2010,Jammu And Kashmir,Gumla,7553,0
2010,Jammu And Kashmir,Hazaribagh,8450,0
2010,Jammu And Kashmir,Jamtara,31,0
2010,Jammu And Kashmir,Khunti,2830,0
2010,Jammu And Kashmir,Koderma,3895,0
2010,Jammu And Kashmir,Latehar,17531,1
2010,Jammu And Kashmir,Lohardaga,2371,0
2010,Jammu And Kashmir,Pakur,6477,0
2010,Jammu And Kashmir,Palamu,19656,1
2010,Jammu And Kashmir,Ramgarh,895,0
2010,Jammu And Kashmir,Ranchi,7996,0
2010,Jammu And Kashmir,Sahebganj,7777,1
2010,Jammu And Kashmir,Saraikela Kharsawan,5937,0
2010,Jammu And Kashmir,Simdega,11265,6
2010,Jammu And Kashmir,West Singhbhum,18116,0
2010,Karnataka,A.M.U. Almatti#,1841,0
2010,Karnataka,A.M.U. B. Gudi#,101,0
2010,Karnataka,A.M.U. Kembhavi#,64,0
2010,Karnataka,Bagalkote,3702,0
2010,Karnataka,Ballari,3343,5
2010,Karnataka,Belagavi,537,1
2010,Karnataka,Bengaluru Rural,4,0
2010,Karnataka,Bengaluru Urban,69,0
2010,Karnataka,Bidar,852,0
2010,Karnataka,Chamarajanagara,20,0
2010,Karnataka,ChikkaBallaPura,877,0
2010,Karnataka,Chikkamagaluru,257,0
2010,Karnataka,Chitradurga,784,0
2010,Karnataka,Dakshina Kannada,7025,0
2010,Karnataka,Davangere,174,0
2010,Karnataka,Dharwad,309,1
2010,Karnataka,Gadag,519,1
2010,Karnataka,Hassan,58,0
2010,Karnataka,Haveri,435,1
2010,Karnataka,Kalaburagi,7100,1
2010,Karnataka,Kodagu,26,0
2010,Karnataka,Kolar,739,1
2010,Karnataka,Koppal,4118,0
2010,Karnataka,Mandya,83,0
2010,Karnataka,Mysuru,36,0
2010,Karnataka,Raichur,3181,0
2010,Karnataka,Ramanagara,270,0
2010,Karnataka,Shivamogga,105,0
2010,Karnataka,Tumakuru,1973,0
2010,Karnataka,U.K.P.N. PURA#,865,0
2010,Karnataka,Udupi,1528,0
2010,Karnataka,Uttara Kannada,238,0
2010,Karnataka,Vijayapura,2047,0
2010,Karnataka,Yadgir,1039,0
2010,Karnataka,Alappuzha,115,0
2010,Karnataka,Ernakulam,157,2
2010,Karnataka,Idukki,54,0
2010,Karnataka,Kannur,235,0
2010,Karnataka,Kasaragod,328,0
2010,Karnataka,Kollam,118,1
2010,Karnataka,Kottayam,52,0
2010,Karnataka,Kozhikode,228,2
2010,Karnataka,Malappuram,347,0
2010,Karnataka,Palakkad,110,0
2010,Karnataka,Pathanamthitta,154,0
2010,Karnataka,Thiruvananthapuram,138,1
2010,Karnataka,Thrissur,219,1
2010,Karnataka,Wayanad,44,0
2010,Lakshadweep,Lakshadweep District,6,0
2010,Lakshadweep,Anuppur,1495,0
2010,Lakshadweep,Ashoknagar,1480,0
2010,Lakshadweep,Balaghat,1620,0
2010,Lakshadweep,Barwani,799,1
2010,Lakshadweep,Betul,1470,0
2010,Lakshadweep,Bhind,2210,0
2010,Lakshadweep,Bhopal,2785,1
2010,Lakshadweep,Burhanpur,456,0
2010,Lakshadweep,Chhatarpur,729,1
2010,Lakshadweep,Chhindwara,5041,2
2010,Lakshadweep,Damoh,1123,0
2010,Lakshadweep,Datia,932,3
2010,Lakshadweep,Dewas,287,0
2010,Lakshadweep,Dhar,5946,1
2010,Lakshadweep,Dindori,4201,3
2010,Lakshadweep,East Nimar,1765,0
2010,Lakshadweep,Guna,2346,0
2010,Lakshadweep,Gwalior,2508,6
2010,Lakshadweep,Harda,205,1
2010,Lakshadweep,Indore,158,0
2010,Lakshadweep,Jabalpur,1858,2
2010,Lakshadweep,Jhabua,6910,0
2010,Lakshadweep,Katni,270,0
2010,Lakshadweep,Khargone,2452,1
2010,Lakshadweep,Mandla,2656,0
2010,Lakshadweep,Mandsaur,358,0
2010,Lakshadweep,Morena,2293,4
2010,Lakshadweep,Narmadapuram,2365,0
2010,Lakshadweep,Narsinghpur,725,0
2010,Lakshadweep,Neemuch,203,0
2010,Lakshadweep,Panna,1675,0
2010,Lakshadweep,Raisen,1528,0
2010,Lakshadweep,Rajgarh,1423,0
2010,Lakshadweep,Ratlam,2062,0
2010,Lakshadweep,Rewa,875,0
2010,Lakshadweep,Sagar,2562,0
2010,Lakshadweep,Satna,1093,0
2010,Lakshadweep,Sehore,673,0
2010,Lakshadweep,Seoni,1056,0
2010,Lakshadweep,Shahdol,1189,0
2010,Lakshadweep,Shajapur,381,0
2010,Lakshadweep,Sheopur,4409,0
2010,Lakshadweep,Shivpuri,3267,0
2010,Lakshadweep,Sidhi,3137,2
2010,Lakshadweep,Tikamgarh,1186,3
2010,Lakshadweep,Ujjain,145,0
2010,Lakshadweep,Umaria,1249,0
2010,Lakshadweep,Vidisha,1609,0
2010,Maharashtra,Ahmednagar,948,3
2010,Maharashtra,Akola,252,1
2010,Maharashtra,Amravati,856,0
2010,Maharashtra,Aurangabad,296,0
2010,Maharashtra,Beed,250,2
2010,Maharashtra,Bhandara,290,0
2010,Maharashtra,Buldhana,399,0
2010,Maharashtra,Chandrapur,1780,3
2010,Maharashtra,Dhule,2403,1
2010,Maharashtra,Gadchiroli,10765,4
2010,Maharashtra,Gondia,1150,4
2010,Maharashtra,Hingoli,37,0
2010,Maharashtra,Jalgaon,1173,1
2010,Maharashtra,Jalna,52,0
2010,Maharashtra,Kolhapur,225,0
2010,Maharashtra,Latur,246,0
2010,Maharashtra,Mumbai,76755,145
2010,Maharashtra,Nagpur,969,3
2010,Maharashtra,Nagpur MC#,188,0
2010,Maharashtra,Nanded,974,1
2010,Maharashtra,Nandurbar,2094,0
2010,Maharashtra,Nashik,4103,4
2010,Maharashtra,Osmanabad,112,0
2010,Maharashtra,Parbhani,120,0
2010,Maharashtra,Pune,1308,4
2010,Maharashtra,Pune MC#,137,0
2010,Maharashtra,Raigad,4669,1
2010,Maharashtra,Ratnagiri,2783,2
2010,Maharashtra,Sangli,483,0
2010,Maharashtra,Satara,897,0
2010,Maharashtra,Sindhudurg,516,1
2010,Maharashtra,Solapur,315,0
2010,Maharashtra,Thane,19524,20
2010,Maharashtra,Wardha,637,0
2010,Maharashtra,Washim,172,0
2010,Maharashtra,Yavatmal,1320,0
2010,Manipur,Bishnupur,8,0
2010,Manipur,Chandel,37,0
2010,Manipur,Churachandpur,205,0
2010,Manipur,Imphal East,41,0
2010,Manipur,Imphal Urban#,27,0
2010,Manipur,Imphal West,39,0
2010,Manipur,Jiribam,112,0
2010,Manipur,Kangpokpi,57,0
2010,Manipur,Senapati,12,0
2010,Manipur,Tamenglong,306,2
2010,Manipur,Thoubal,74,0
2010,Manipur,Ukhrul,29,2
2010,Meghalaya,East Garo Hills,4922,16
2010,Meghalaya,East Khasi Hills,726,3
2010,Meghalaya,Ri Bhoi,1947,2
2010,Meghalaya,South Garo Hills,9184,11
2010,Meghalaya,West Garo Hills,22095,32
2010,Meghalaya,West Jaintia Hills,986,10
2010,Meghalaya,West Khasi Hills,1782,13
2010,Mizoram,Aizawl,245,5
2010,Mizoram,Aizawl West#,167,0
2010,Mizoram,Champhai,67,0
2010,Mizoram,Kolasib,1381,4
2010,Mizoram,Lawngtlai,3930,1
2010,Mizoram,Lunglei,6110,11
2010,Mizoram,Mamit,2597,6
2010,Mizoram,Saiha,833,1
2010,Mizoram,Serchhip,264,3
2010,Nagaland,Mon,297,0
2010,Nagaland,Dimapur,1460,1
2010,Nagaland,Kiphire,72,0
2010,Nagaland,Kohima,540,0
2010,Nagaland,Longleng,291,0
2010,Nagaland,Mokokchung,1118,0
2010,Nagaland,Peren,97,2
2010,Nagaland,Phek,157,0
2010,Nagaland,Tuensang,127,0
2010,Nagaland,UVBDS Dimapur#,304,11
2010,Nagaland,Wokha,367,0
2010,Nagaland,Zunheboto,129,0
2010,Nagaland,Anugul,18894,9
2010,Nagaland,Balangir,10111,0
2010,Nagaland,Baleshwar,1649,2
2010,Nagaland,Bargarh,2052,0
2010,Nagaland,Bhadrak,655,0
2010,Nagaland,Boudh,2677,0
2010,Nagaland,Cuttack,1146,0
2010,Nagaland,Deogarh,6031,0
2010,Nagaland,Dhenkanal,11101,13
2010,Nagaland,Gajapati,8835,0
2010,Nagaland,Ganjam,12787,0
2010,Nagaland,Jagatsinghapur,234,0
2010,Nagaland,Jajapur,3166,0
2010,Nagaland,Jharsuguda,938,6
2010,Nagaland,Kalahandi,26721,38
2010,Nagaland,Kandhamal,36551,39
2010,Nagaland,Kendrapara,283,0
2010,Nagaland,Kendujhar,30582,8
2010,Nagaland,Khordha,3238,1
2010,Nagaland,Koraput,48559,33
2010,Nagaland,Malkangiri,25602,8
2010,Nagaland,Mayurbhanj,23723,5
2010,Nagaland,Nabarangpur,20044,5
2010,Nagaland,Nayagarh,2964,0
2010,Nagaland,Nuapada,15322,15
2010,Nagaland,Puri,56,0
2010,Nagaland,Rayagada,51825,20
2010,Nagaland,Sambalpur,11894,2
2010,Nagaland,Sonepur,1927,5
2010,Nagaland,Sundargarh,16084,38
2010,Puducherry,Karaikal,6,0
2010,Puducherry,Mahe,2,0
2010,Puducherry,Pondicherry,167,0
2010,Puducherry,Yanam,0,0
2010,Punjab,Amritsar,198,0
2010,Punjab,Barnala,3,0
2010,Punjab,Bathinda,171,0
2010,Punjab,Faridkot,280,0
2010,Punjab,Fatehgarh Sahib,18,0
2010,Punjab,Ferozepur,259,0
2010,Punjab,Gurdaspur,57,0
2010,Punjab,Hoshiarpur,58,0
2010,Punjab,Jalandhar,154,0
2010,Punjab,Kapurthala,25,0
2010,Punjab,Ludhiana,319,0
2010,Punjab,Mansa,416,0
2010,Punjab,Moga,131,0
2010,Punjab,Patiala,63,0
2010,Punjab,Rupnagar,9,0
2010,Punjab,S.A.S Nagar,22,0
2010,Punjab,Sangrur,86,0
2010,Punjab,Shahid Bhagat Singh Nagar,63,0
2010,Punjab,Sri Muktsar Sahib,538,0
2010,Punjab,Tarn taran,607,0
2010,Punjab,Ajmer,931,0
2010,Punjab,Alwar,947,0
2010,Punjab,Banswara,766,0
2010,Punjab,Baran,662,0
2010,Punjab,Barmer,10120,0
2010,Punjab,Bharatpur,1793,1
2010,Punjab,Bhilwara,1310,0
2010,Punjab,Bikaner,5091,8
2010,Punjab,Bundi,762,0
2010,Punjab,Chittorgarh,664,0
2010,Punjab,Churu,781,1
2010,Punjab,Dausa,509,1
2010,Punjab,Dholpur,1349,0
2010,Punjab,Dungarpur,579,0
2010,Punjab,Ganganagar,517,2
2010,Rajasthan,Hanumangarh,1019,1
2010,Rajasthan,Jaipur,1329,5
2010,Rajasthan,Jaisalmer,8317,1
2010,Rajasthan,Jalore,664,0
2010,Rajasthan,Jhalawar,190,0
2010,Rajasthan,Jhunjhunu,391,0
2010,Rajasthan,Jodhpur,1582,0
2010,Rajasthan,Karauli,579,3
2010,Rajasthan,Kota,1073,0
2010,Rajasthan,Nagaur,1900,0
2010,Rajasthan,Pali,906,0
2010,Rajasthan,Pratapgarh,1222,0
2010,Rajasthan,Rajsamand,625,1
2010,Rajasthan,Sawai Madhopur,916,0
2010,Rajasthan,Sikar,454,2
2010,Rajasthan,Sirohi,626,0
2010,Rajasthan,Tonk,315,0
2010,Rajasthan,Udaipur,2074,0
2010,Sikkim,Gangtok,38,0
2010,Sikkim,Gyalshing,6,0
2010,Sikkim,Mangan,0,0
2010,Sikkim,Namchi,5,0
2010,Sikkim,Aranthangi#,6,0
2010,Sikkim,Chengalpattu,86,0
2010,Sikkim,Chennai,9789,1
2010,Sikkim,Cheyyar#,96,0
2010,Sikkim,Coimbatore,0,0
2010,Sikkim,Cuddalore,64,0
2010,Sikkim,Dharapuram#,0,0
2010,Sikkim,Dharmapuri,122,0
2010,Sikkim,Dindigul,334,0
2010,Sikkim,Erode,0,0
2010,Sikkim,Kallakurichi,56,0
2010,Sikkim,Kanchipuram,21,0
2010,Sikkim,Kanniyakumari,242,0
2010,Sikkim,Karur,1,0
2010,Sikkim,Kovilpatti#,185,0
2010,Sikkim,Krishnagiri,13,0
2010,Sikkim,Madurai,76,1
2010,Sikkim,Nagapattinam,133,0
2010,Sikkim,Namakkal,63,1
2010,Sikkim,Palani#,10,0
2010,Sikkim,Paramakudi#,265,0
2010,Sikkim,Perambalur,13,0
2010,Sikkim,Pudukkottai,8,0
2010,Sikkim,Ramanathapuram,2988,0
2010,Sikkim,Salem,58,0
2010,Sikkim,Sivaganga,10,0
2010,Sikkim,Sivakasi#,2,0
2010,Sikkim,Tenkasi,6,0
2010,Sikkim,Thanjavur,158,0
2010,Sikkim,The Nilgiris,0,0
2010,Sikkim,Theni,5,0
2010,Sikkim,Thiruvallur,493,0
2010,Sikkim,Thiruvarur,18,0
2010,Sikkim,Tiruchirappalli,54,0
2010,Sikkim,Tirunelveli,13,0
2010,Sikkim,Tirupathur,252,0
2010,Sikkim,Tiruppur,1,0
2010,Sikkim,Tiruvannamalai,427,0
2010,Sikkim,Tuticorin,291,0
2010,Sikkim,Vellore,643,0
2010,Sikkim,Villupuram,79,0
2010,Sikkim,Virudhunagar,5,0
2010,Tripura,Dhalai,6171,9
2010,Tripura,North Tripura,2065,4
2010,Tripura,South Tripura,13519,2
2010,Tripura,West Tripura,2184,0
2010,Tripura,Agra,164,0
2010,Tripura,Aligarh,1512,0
2010,Tripura,Ambedkar Nagar,14,0
2010,Tripura,Amroha,486,0
2010,Tripura,Auraiya,1021,0
2010,Tripura,Ayodhya,31,0
2010,Tripura,Azamgarh,12,0
2010,Tripura,Baghpat,252,0
2010,Tripura,Bahraich,53,0
2010,Tripura,Ballia,3,0
2010,Tripura,Balrampur,13,0
2010,Tripura,Banda,883,0
2010,Tripura,Barabanki,0,0
2010,Tripura,Bareilly,1558,0
2010,Tripura,Basti,107,0
2010,Tripura,Bhadohi,1560,0
2010,Tripura,Bijnor,1161,0
2010,Tripura,Budaun,2123,0
2010,Tripura,Bulandshahr,1432,0
2010,Tripura,Chandauli,388,0
2010,Tripura,Chitrakoot,683,0
2010,Tripura,Deoria,30,0
2010,Tripura,Etah,1124,0
2010,Tripura,Etawah,1421,0
2010,Tripura,Farrukhabad,1239,0
2010,Tripura,Fatehpur,943,0
2010,Tripura,Firozabad,285,0
2010,Tripura,Gautam Buddha Nagar,683,0
2010,Tripura,Ghaziabad,699,0
2010,Uttar Pradesh,Ghazipur,8,0
2010,Uttar Pradesh,Gonda,24,0
2010,Uttar Pradesh,Gorakhpur,5,0
2010,Uttar Pradesh,Hamirpur,1147,0
2010,Uttar Pradesh,Hardoi,156,0
2010,Uttar Pradesh,Hathras,713,0
2010,Uttar Pradesh,Jalaun,409,0
2010,Uttar Pradesh,Jaunpur,260,0
2010,Uttar Pradesh,Jhansi,974,0
2010,Uttar Pradesh,Kannauj,669,0
2010,Uttar Pradesh,Kanpur Dehat,1814,0
2010,Uttar Pradesh,Kanpur Nagar,861,0
2010,Uttar Pradesh,Kasganj,914,0
2010,Uttar Pradesh,Kaushambi,285,0
2010,Uttar Pradesh,Kheri,420,0
2010,Uttar Pradesh,Kushi Nagar,138,0
2010,Uttar Pradesh,Lalitpur,886,0
2010,Uttar Pradesh,Lucknow,28,0
2010,Uttar Pradesh,Maharajganj,23,0
2010,Uttar Pradesh,Mahoba,949,0
2010,Uttar Pradesh,Mainpuri,1272,0
2010,Uttar Pradesh,Mathura,273,0
2010,Uttar Pradesh,Mau,13,0
2010,Uttar Pradesh,Meerut,224,0
2010,Uttar Pradesh,Mirzapur,6355,0
2010,Uttar Pradesh,Moradabad,214,0
2010,Uttar Pradesh,Muzaffarnagar,5549,0
2010,Uttar Pradesh,Pilibhit,11,0
2010,Uttar Pradesh,Pratapgarh,191,0
2010,Uttar Pradesh,Prayagraj,4432,0
2010,Uttar Pradesh,Rae Bareli,94,0
2010,Uttar Pradesh,Rampur,618,0
2010,Uttar Pradesh,Saharanpur,1896,0
2010,Uttar Pradesh,Sant Kabeer Nagar,32,0
2010,Uttar Pradesh,Shahjahanpur,30,0
2010,Uttar Pradesh,Shravasti,67,0
2010,Uttar Pradesh,Siddharth Nagar,343,0
2010,Uttar Pradesh,Sitapur,5,0
2010,Uttar Pradesh,Sonbhadra,12068,0
2010,Uttar Pradesh,Sultanpur,154,0
2010,Uttar Pradesh,Unnao,26,0
2010,Uttar Pradesh,Varanasi,176,0
2010,Uttar Pradesh,Almora,2,0
2010,Uttar Pradesh,Bageshwar,15,0
2010,Uttar Pradesh,Chamoli,4,0
2010,Uttar Pradesh,Champawat,6,0
2010,Uttar Pradesh,Dehradun,528,0
2010,Uttar Pradesh,Haridwar,252,0
2010,Uttar Pradesh,Nainital,444,0
2010,Uttar Pradesh,Pauri Garhwal,17,0
2010,Uttar Pradesh,Pithoragarh,9,0
2010,Uttar Pradesh,Rudra Prayag,0,0
2010,Uttar Pradesh,Tehri Garhwal,15,0
2010,Uttar Pradesh,Udam Singh Nagar,379,0
2010,Uttar Pradesh,Uttar Kashi,1,0
2010,West Bengal,24 Paraganas North,1828,1
2010,West Bengal,24 Paraganas South,1500,1
2010,West Bengal,Bankura,1028,0
2010,West Bengal,Bardhaman,164,7
2010,West Bengal,Birbhum,647,0
2010,West Bengal,Coochbehar,776,3
2010,West Bengal,Darjeeling,369,0
2010,West Bengal,Dinajpur Dakshin,291,0
2010,West Bengal,Dinajpur Uttar,150,0
2010,West Bengal,Hooghly,276,1
2010,West Bengal,Howrah,4490,6
2010,West Bengal,Jalpaiguri,5470,8
2010,West Bengal,KMUHO#,4546,0
2010,West Bengal,Kolkata,96693,0
2010,West Bengal,Maldah,1888,6
2010,West Bengal,Medinipur East,1078,0
2010,West Bengal,Medinipur West,3550,2
2010,West Bengal,Murshidabad,4537,7
2010,West Bengal,Nadia,988,1
2010,West Bengal,Purulia,4526,4
2011,Andaman And Nicobar Islands,Nicobars,1325,0
2011,Andaman And Nicobar Islands,North And Middle Andaman,244,0
2011,Andaman And Nicobar Islands,South Andamans,349,0
2011,Andaman And Nicobar Islands,Adilabad,1162,0
2011,Andaman And Nicobar Islands,Anantapur,538,0
2011,Andaman And Nicobar Islands,Chittoor,322,0
2011,Andaman And Nicobar Islands,East Godavari,4362,0
2011,Andaman And Nicobar Islands,Guntur,486,0
2011,Andaman And Nicobar Islands,Hyderabad,208,1
2011,Andaman And Nicobar Islands,Karimnagar,76,0
2011,Andaman And Nicobar Islands,Khammam,3171,0
2011,Andaman And Nicobar Islands,Krishna,2341,0
2011,Andaman And Nicobar Islands,Kurnool,264,0
2011,Andaman And Nicobar Islands,Mahabubnagar,222,0
2011,Andaman And Nicobar Islands,Medak,53,0
2011,Andaman And Nicobar Islands,Nalgonda,30,0
2011,Andaman And Nicobar Islands,Nizamabad,24,0
2011,Andaman And Nicobar Islands,Prakasam,1802,0
2011,Andaman And Nicobar Islands,Ranga Reddy,101,0
2011,Andaman And Nicobar Islands,SPSR Nellore,139,0
2011,Andaman And Nicobar Islands,Srikakulam,2760,0
2011,Andaman And Nicobar Islands,Visakhapatanam,8977,4
2011,Andaman And Nicobar Islands,Vizianagaram,5449,0
2011,Andaman And Nicobar Islands,Warangal,103,0
2011,Andaman And Nicobar Islands,West Godavari,1199,0
2011,Andaman And Nicobar Islands,Y.S.R.,1160,0
2011,Arunachal Pradesh,Anjaw,40,0
2011,Arunachal Pradesh,Changlang,517,2
2011,Arunachal Pradesh,Dibang Valley,0,0
2011,Arunachal Pradesh,East Kameng,1232,9
2011,Arunachal Pradesh,East Siang,2323,0
2011,Arunachal Pradesh,Kurung Kumey,305,0
2011,Arunachal Pradesh,Lohit,2071,0
2011,Arunachal Pradesh,Lower Dibang Valley,1664,1
2011,Arunachal Pradesh,Lower Subansiri,473,0
2011,Arunachal Pradesh,Papum Pare,670,2
2011,Arunachal Pradesh,Tirap,1166,0
2011,Arunachal Pradesh,Upper Siang,476,0
2011,Arunachal Pradesh,Upper Subansiri,1528,0
2011,Arunachal Pradesh,West Kameng,225,3
2011,Arunachal Pradesh,West Siang,1260,0
2011,Assam,Baksa,1728,1
2011,Assam,Barpeta,247,1
2011,Assam,Bongaigaon,240,0
2011,Assam,Cachar,912,0
2011,Assam,Chirang,5599,12
2011,Assam,Darrang,215,1
2011,Assam,Dhemaji,151,0
2011,Assam,Dhubri,417,0
2011,Assam,Dibrugarh,135,0
2011,Assam,Dima Hasao,1585,0
2011,Assam,Goalpara,2250,1
2011,Assam,Golaghat,113,0
2011,Assam,Hailakandi,985,4
2011,Assam,Jorhat,108,0
2011,Assam,Kamrup,814,0
2011,Assam,Kamrup Metro,315,0
2011,Assam,Karbi Anglong,13188,15
2011,Assam,Karimganj,364,0
2011,Assam,Kokrajhar,3864,0
2011,Assam,Lakhimpur,453,0
2011,Assam,Marigaon,281,5
2011,Assam,Nagaon,851,2
2011,Assam,Nalbari,104,1
2011,Assam,Sivasagar,95,0
2011,Assam,Sonitpur,1387,1
2011,Assam,Tinsukia,1382,0
2011,Assam,Udalguri,9614,1
2011,Assam,Araria,0,0
2011,Assam,Arwal,0,0
2011,Assam,Aurangabad,261,0
2011,Bihar,Banka,1,0
2011,Bihar,Begusarai,0,0
2011,Bihar,Bhagalpur,5,0
2011,Bihar,Bhojpur,1,0
2011,Bihar,Buxar,0,0
2011,Bihar,Darbhanga,0,0
2011,Bihar,Gaya,256,0
2011,Bihar,Gopalganj,5,0
2011,Bihar,Jamui,146,0
2011,Bihar,Jehanabad,0,0
2011,Bihar,Kaimur (Bhabua),85,0
2011,Bihar,Katihar,33,0
2011,Bihar,Khagaria,0,0
2011,Bihar,Kishanganj,0,0
2011,Bihar,Lakhisarai,143,0
2011,Bihar,Madhepura,0,0
2011,Bihar,Madhubani,1,0
2011,Bihar,Munger,843,0
2011,Bihar,Muzaffarpur,0,0
2011,Bihar,Nalanda,6,0
2011,Bihar,Nawada,542,0
2011,Bihar,Pashchim Champaran,0,0
2011,Bihar,Patna,6,0
2011,Bihar,Purbi Champaran,0,0
2011,Bihar,Purnia,0,0
2011,Bihar,Rohtas,286,0
2011,Bihar,Saharsa,0,0
2011,Bihar,Samastipur,3,0
2011,Bihar,Saran,2,0
2011,Bihar,Sheikhpura,18,0
2011,Bihar,Sheohar,0,0
2011,Bihar,Sitamarhi,0,0
2011,Bihar,Siwan,0,0
2011,Bihar,Supaul,0,0
2011,Bihar,Vaishali,0,0
2011,Chandigarh,Chandigarh,582,0
2011,Chandigarh,Bastar,14600,9
2011,Chandigarh,Bijapur,6753,10
2011,Chandigarh,Bilaspur,6758,0
2011,Chandigarh,Dantewada,25007,8
2011,Chandigarh,Dhamtari,586,0
2011,Chandigarh,Durg,2879,1
2011,Chandigarh,Janjgir-Champa,846,3
2011,Chandigarh,Jashpur,11877,1
2011,Chandigarh,Kabirdham,2098,0
2011,Chandigarh,Kanker,7741,1
2011,Chandigarh,Korba,17716,1
2011,Chandigarh,Korea,8588,2
2011,Chandigarh,Mahasamund,376,0
2011,Chandigarh,Narayanpur,3967,0
2011,Chandigarh,Raigarh,8943,6
2011,Chandigarh,Raipur,2295,0
2011,Chandigarh,RajnandGaon,2070,0
2011,Chandigarh,Surguja,13799,0
2011,D & N Haveli,Dadra And Nagar Haveli,5150,0
2011,Daman & Diu,Daman,251,0
2011,Daman & Diu,Diu,11,0
2011,Delhi,New Delhi,413,0
2011,Goa,North Goa,586,0
2011,Goa,South Goa,601,3
2011,Gujarat,Ahmadabad,638,3
2011,Gujarat,Ahmadabad MC#,13531,78
2011,Gujarat,Amreli,2444,0
2011,Gujarat,Anand,995,0
2011,Gujarat,Banas kantha,3309,1
2011,Gujarat,Bharuch,1210,0
2011,Gujarat,Bhavnagar,845,0
2011,Gujarat,Bhavnagar MC#,192,0
2011,Gujarat,Dang,519,0
2011,Gujarat,Dohad,8693,0
2011,Gujarat,Gandhinagar,332,3
2011,Gujarat,Gandhinagar MC#,973,0
2011,Gujarat,Jamnagar,2914,1
2011,Gujarat,Jamnagar MC#,33,0
2011,Gujarat,Junagadh,1738,1
2011,Gujarat,Junagadh MC#,95,0
2011,Gujarat,Kachchh,4545,3
2011,Gujarat,Kheda,883,1
2011,Gujarat,Mahesana,940,1
2011,Gujarat,Narmada,832,0
2011,Gujarat,Navsari,1969,1
2011,Gujarat,Panch Mahals,2781,1
2011,Gujarat,Patan,2757,1
2011,Gujarat,Porbandar,860,0
2011,Gujarat,Rajkot,5693,7
2011,Gujarat,Rajkot MC#,364,10
2011,Gujarat,Sabar kantha,1165,0
2011,Gujarat,Surat,1586,0
2011,Gujarat,Surat MC#,12369,4
2011,Gujarat,Surendranagar,2771,3
2011,Gujarat,Tapi,827,0
2011,Gujarat,Vadodara,1858,4
2011,Gujarat,Vadodara MC#,3634,2
2011,Gujarat,Valsad,5469,2
2011,Gujarat,Ambala,280,0
2011,Gujarat,Bhiwani,3661,0
2011,Gujarat,Faridabad,259,0
2011,Haryana,Fatehabad,1044,0
2011,Haryana,Gurugram,530,0
2011,Haryana,Hisar,9308,0
2011,Haryana,Jhajjar,920,0
2011,Haryana,Jind,656,0
2011,Haryana,Kaithal,252,0
2011,Haryana,Karnal,2559,0
2011,Haryana,Kurukshetra,525,0
2011,Haryana,Mahendragarh,360,0
2011,Haryana,Nuh,1567,0
2011,Haryana,Palwal,489,0
2011,Haryana,Panchkula,418,0
2011,Haryana,Panipat,535,0
2011,Haryana,Rewari,130,0
2011,Haryana,Rohtak,1315,0
2011,Haryana,Sirsa,2575,0
2011,Haryana,Sonipat,806,0
2011,Haryana,Yamunanagar,5212,1
2011,Himachal Pradesh,Bilaspur,38,0
2011,Himachal Pradesh,Chamba,4,0
2011,Himachal Pradesh,Hamirpur,23,0
2011,Himachal Pradesh,Kangra,60,0
2011,Himachal Pradesh,Kullu,11,0
2011,Himachal Pradesh,Mandi,27,0
2011,Himachal Pradesh,Shimla,32,0
2011,Himachal Pradesh,Sirmaur,13,0
2011,Himachal Pradesh,Solan,28,0
2011,Himachal Pradesh,Una,11,0
2011,Jammu And Kashmir,Baramulla,2,0
2011,Jammu And Kashmir,Doda,2,0
2011,Jammu And Kashmir,Jammu,305,0
2011,Jammu And Kashmir,Kargil,0,0
2011,Jammu And Kashmir,Kathua,98,0
2011,Jammu And Kashmir,Kishtwar,12,0
2011,Jammu And Kashmir,Leh Ladakh,0,0
2011,Jammu And Kashmir,Poonch,264,0
2011,Jammu And Kashmir,Rajouri,258,0
2011,Jammu And Kashmir,Ramban,1,0
2011,Jammu And Kashmir,Reasi,16,0
2011,Jammu And Kashmir,Samba,22,0
2011,Jammu And Kashmir,Udhampur,38,0
2011,Jammu And Kashmir,UMCP Jammu#,73,0
2011,Jammu And Kashmir,Bokaro,3867,0
2011,Jammu And Kashmir,Chatra,7663,0
2011,Jammu And Kashmir,Deoghar,156,0
2011,Jammu And Kashmir,Dhanbad,2301,2
2011,Jammu And Kashmir,Dumka,13118,2
2011,Jammu And Kashmir,East Singhbum,4542,0
2011,Jammu And Kashmir,Garhwa,9285,0
2011,Jharkhand,Giridih,12096,0
2011,Jharkhand,Godda,3138,1
2011,Jharkhand,Gumla,4885,0
2011,Jharkhand,Hazaribagh,8212,0
2011,Jharkhand,Jamtara,39,0
2011,Jharkhand,Khunti,3612,0
2011,Jharkhand,Koderma,3763,0
2011,Jharkhand,Latehar,16220,5
2011,Jharkhand,Lohardaga,1736,0
2011,Jharkhand,Pakur,2239,0
2011,Jharkhand,Palamu,17817,3
2011,Jharkhand,Ramgarh,1030,0
2011,Jharkhand,Ranchi,6351,0
2011,Jharkhand,Sahebganj,5230,3
2011,Jharkhand,Saraikela Kharsawan,4637,0
2011,Jharkhand,Simdega,11103,1
2011,Jharkhand,West Singhbhum,17613,0
2011,Jharkhand,A.M.U. Almatti#,281,0
2011,Jharkhand,A.M.U. B. Gudi#,63,0
2011,Jharkhand,A.M.U. Kembhavi#,39,0
2011,Jharkhand,Bagalkote,885,0
2011,Jharkhand,Ballari,1966,0
2011,Jharkhand,Belagavi,257,0
2011,Jharkhand,Bengaluru Rural,12,0
2011,Jharkhand,Bengaluru Urban,39,0
2011,Jharkhand,Bidar,477,0
2011,Jharkhand,Chamarajanagara,58,0
2011,Jharkhand,ChikkaBallaPura,242,0
2011,Jharkhand,Chikkamagaluru,147,0
2011,Jharkhand,Chitradurga,509,0
2011,Jharkhand,Dakshina Kannada,6418,0
2011,Jharkhand,Davangere,114,0
2011,Jharkhand,Dharwad,180,0
2011,Jharkhand,Gadag,507,0
2011,Jharkhand,Hassan,41,0
2011,Jharkhand,Haveri,290,0
2011,Jharkhand,Kalaburagi,3948,0
2011,Jharkhand,Kodagu,27,0
2011,Jharkhand,Kolar,115,0
2011,Jharkhand,Koppal,1530,0
2011,Jharkhand,Mandya,120,0
2011,Jharkhand,Mysuru,84,0
2011,Jharkhand,Raichur,1638,0
2011,Jharkhand,Ramanagara,66,0
2011,Jharkhand,Shivamogga,111,0
2011,Jharkhand,Tumakuru,566,0
2011,Jharkhand,U.K.P.N. PURA#,379,0
2011,Jharkhand,Udupi,1250,0
2011,Jharkhand,Uttara Kannada,299,0
2011,Jharkhand,Vijayapura,830,0
2011,Jharkhand,Yadgir,749,0
2011,Kerala,Alappuzha,119,0
2011,Kerala,Ernakulam,163,1
2011,Kerala,Idukki,38,0
2011,Kerala,Kannur,239,1
2011,Kerala,Kasaragod,279,0
2011,Kerala,Kollam,95,0
2011,Kerala,Kottayam,47,0
2011,Kerala,Kozhikode,154,0
2011,Kerala,Malappuram,236,0
2011,Kerala,Palakkad,120,0
2011,Kerala,Pathanamthitta,189,0
2011,Kerala,Thiruvananthapuram,99,0
2011,Kerala,Thrissur,172,0
2011,Kerala,Wayanad,43,0
2011,Lakshadweep,Lakshadweep District,8,0
2011,Lakshadweep,Anuppur,1211,0
2011,Lakshadweep,Ashoknagar,1602,0
2011,Lakshadweep,Balaghat,1979,6
2011,Lakshadweep,Barwani,807,4
2011,Lakshadweep,Betul,1220,0
2011,Lakshadweep,Bhind,3142,0
2011,Lakshadweep,Bhopal,2048,2
2011,Lakshadweep,Burhanpur,557,0
2011,Lakshadweep,Chhatarpur,830,0
2011,Lakshadweep,Chhindwara,3334,4
2011,Lakshadweep,Damoh,1007,1
2011,Lakshadweep,Datia,1104,0
2011,Lakshadweep,Dewas,270,0
2011,Lakshadweep,Dhar,4532,3
2011,Lakshadweep,Dindori,1463,1
2011,Lakshadweep,East Nimar,283,0
2011,Lakshadweep,Guna,2427,0
2011,Lakshadweep,Gwalior,2226,0
2011,Lakshadweep,Harda,161,0
2011,Lakshadweep,Indore,157,0
2011,Lakshadweep,Jabalpur,1127,7
2011,Lakshadweep,Jhabua,6513,0
2011,Lakshadweep,Katni,242,0
2011,Lakshadweep,Khargone,3252,1
2011,Lakshadweep,Mandla,1994,0
2011,Lakshadweep,Mandsaur,1041,2
2011,Lakshadweep,Morena,2619,0
2011,Lakshadweep,Narmadapuram,2128,0
2011,Lakshadweep,Narsinghpur,886,2
2011,Lakshadweep,Neemuch,304,1
2011,Lakshadweep,Panna,1821,1
2011,Lakshadweep,Raisen,1560,0
2011,Lakshadweep,Rajgarh,1401,0
2011,Lakshadweep,Ratlam,1997,0
2011,Lakshadweep,Rewa,975,0
2011,Lakshadweep,Sagar,2200,1
2011,Lakshadweep,Satna,1576,3
2011,Lakshadweep,Sehore,598,0
2011,Lakshadweep,Seoni,1104,2
2011,Lakshadweep,Shahdol,1296,0
2011,Lakshadweep,Shajapur,561,0
2011,Lakshadweep,Sheopur,3289,0
2011,Lakshadweep,Shivpuri,5516,0
2011,Lakshadweep,Sidhi,12664,56
2011,Lakshadweep,Tikamgarh,1578,7
2011,Lakshadweep,Ujjain,387,0
2011,Lakshadweep,Umaria,1477,5
2011,Lakshadweep,Vidisha,1385,0
2011,Lakshadweep,Ahmednagar,366,0
2011,Lakshadweep,Akola,240,1
2011,Lakshadweep,Amravati,770,0
2011,Lakshadweep,Aurangabad,213,0
2011,Lakshadweep,Beed,195,0
2011,Lakshadweep,Bhandara,195,0
2011,Lakshadweep,Buldhana,348,0
2011,Lakshadweep,Chandrapur,2466,3
2011,Lakshadweep,Dhule,1699,1
2011,Lakshadweep,Gadchiroli,13670,6
2011,Lakshadweep,Gondia,1425,5
2011,Lakshadweep,Hingoli,16,0
2011,Lakshadweep,Jalgaon,890,1
2011,Lakshadweep,Jalna,26,0
2011,Lakshadweep,Kolhapur,177,0
2011,Lakshadweep,Latur,227,0
2011,Lakshadweep,Mumbai,39822,69
2011,Lakshadweep,Nagpur,860,0
2011,Lakshadweep,Nagpur MC#,147,0
2011,Lakshadweep,Nanded,592,0
2011,Lakshadweep,Nandurbar,1694,0
2011,Lakshadweep,Nashik,3652,5
2011,Lakshadweep,Osmanabad,81,1
2011,Lakshadweep,Parbhani,126,0
2011,Lakshadweep,Pune,949,4
2011,Lakshadweep,Pune MC#,94,0
2011,Lakshadweep,Raigad,4211,2
2011,Lakshadweep,Ratnagiri,1962,0
2011,Lakshadweep,Sangli,323,0
2011,Lakshadweep,Satara,779,0
2011,Lakshadweep,Sindhudurg,308,0
2011,Lakshadweep,Solapur,204,0
2011,Lakshadweep,Thane,15777,19
2011,Lakshadweep,Wardha,788,1
2011,Lakshadweep,Washim,144,0
2011,Lakshadweep,Yavatmal,1141,0
2011,Manipur,Bishnupur,6,0
2011,Manipur,Chandel,42,1
2011,Manipur,Churachandpur,163,0
2011,Manipur,Imphal East,18,0
2011,Manipur,Imphal Urban#,6,0
2011,Manipur,Imphal West,8,0
2011,Manipur,Jiribam,20,0
2011,Manipur,Kangpokpi,16,0
2011,Manipur,Senapati,6,0
2011,Manipur,Tamenglong,361,0
2011,Manipur,Thoubal,25,0
2011,Manipur,Ukhrul,43,0
2011,Meghalaya,East Garo Hills,6454,6
2011,Meghalaya,East Khasi Hills,721,7
2011,Meghalaya,Ri Bhoi,1546,3
2011,Meghalaya,South Garo Hills,3437,8
2011,Meghalaya,West Garo Hills,10501,13
2011,Meghalaya,West Jaintia Hills,560,7
2011,Meghalaya,West Khasi Hills,1924,9
2011,Mizoram,Aizawl,92,5
2011,Mizoram,Aizawl West#,49,3
2011,Mizoram,Champhai,72,0
2011,Mizoram,Kolasib,478,1
2011,Mizoram,Lawngtlai,3038,11
2011,Mizoram,Lunglei,3434,2
2011,Mizoram,Mamit,1283,2
2011,Mizoram,Saiha,353,3
2011,Mizoram,Serchhip,62,3
2011,Nagaland,Mon,68,0
2011,Nagaland,Dimapur,666,0
2011,Nagaland,Kiphire,68,0
2011,Nagaland,Kohima,568,0
2011,Nagaland,Longleng,112,0
2011,Nagaland,Mokokchung,781,0
2011,Nagaland,Peren,15,1
2011,Nagaland,Phek,344,1
2011,Nagaland,Tuensang,90,0
2011,Nagaland,UVBDS Dimapur#,230,2
2011,Nagaland,Wokha,298,0
2011,Nagaland,Zunheboto,123,0
2011,Nagaland,Anugul,10316,2
2011,Nagaland,Balangir,6552,1
2011,Nagaland,Baleshwar,1216,0
2011,Nagaland,Bargarh,1532,5
2011,Nagaland,Bhadrak,182,0
2011,Nagaland,Boudh,1893,0
2011,Odisha,Cuttack,752,0
2011,Odisha,Deogarh,5765,0
2011,Odisha,Dhenkanal,3938,1
2011,Odisha,Gajapati,11127,2
2011,Odisha,Ganjam,10362,2
2011,Odisha,Jagatsinghapur,175,0
2011,Odisha,Jajapur,2274,0
2011,Odisha,Jharsuguda,444,1
2011,Odisha,Kalahandi,20932,17
2011,Odisha,Kandhamal,25954,4
2011,Odisha,Kendrapara,223,0
2011,Odisha,Kendujhar,19333,2
2011,Odisha,Khordha,2546,0
2011,Odisha,Koraput,43267,9
2011,Odisha,Malkangiri,20700,9
2011,Odisha,Mayurbhanj,12530,3
2011,Odisha,Nabarangpur,16914,3
2011,Odisha,Nayagarh,1809,0
2011,Odisha,Nuapada,9991,4
2011,Odisha,Puri,38,0
2011,Odisha,Rayagada,55686,11
2011,Odisha,Sambalpur,8125,0
2011,Odisha,Sonepur,1344,1
2011,Odisha,Sundargarh,13048,22
2011,Puducherry,Karaikal,39,0
2011,Puducherry,Mahe,5,0
2011,Puducherry,Pondicherry,142,1
2011,Puducherry,Yanam,10,0
2011,Punjab,Amritsar,151,0
2011,Punjab,Barnala,9,0
2011,Punjab,Bathinda,67,0
2011,Punjab,Faridkot,323,0
2011,Punjab,Fatehgarh Sahib,14,0
2011,Punjab,Ferozepur,131,0
2011,Punjab,Gurdaspur,25,0
2011,Punjab,Hoshiarpur,61,0
2011,Punjab,Jalandhar,87,0
2011,Punjab,Kapurthala,17,0
2011,Punjab,Ludhiana,384,0
2011,Punjab,Mansa,377,0
2011,Punjab,Moga,20,0
2011,Punjab,Patiala,89,3
2011,Punjab,Rupnagar,8,0
2011,Punjab,S.A.S Nagar,27,0
2011,Punjab,Sangrur,71,0
2011,Punjab,Shahid Bhagat Singh Nagar,89,0
2011,Punjab,Sri Muktsar Sahib,429,0
2011,Punjab,Tarn taran,314,0
2011,Rajasthan,Ajmer,1996,4
2011,Rajasthan,Alwar,1499,2
2011,Rajasthan,Banswara,1408,0
2011,Rajasthan,Baran,909,0
2011,Rajasthan,Barmer,8320,0
2011,Rajasthan,Bharatpur,1816,0
2011,Rajasthan,Bhilwara,2144,1
2011,Rajasthan,Bikaner,6631,7
2011,Rajasthan,Bundi,977,0
2011,Rajasthan,Chittorgarh,791,0
2011,Rajasthan,Churu,1634,1
2011,Rajasthan,Dausa,456,0
2011,Rajasthan,Dholpur,1176,0
2011,Rajasthan,Dungarpur,669,0
2011,Rajasthan,Ganganagar,1449,2
2011,Rajasthan,Hanumangarh,1556,1
2011,Rajasthan,Jaipur,1927,4
2011,Rajasthan,Jaisalmer,1529,1
2011,Rajasthan,Jalore,1272,2
2011,Rajasthan,Jhalawar,184,0
2011,Rajasthan,Jhunjhunu,486,0
2011,Rajasthan,Jodhpur,1985,0
2011,Rajasthan,Karauli,465,1
2011,Rajasthan,Kota,751,0
2011,Rajasthan,Nagaur,2283,2
2011,Rajasthan,Pali,940,0
2011,Rajasthan,Pratapgarh,1392,0
2011,Rajasthan,Rajsamand,776,0
2011,Rajasthan,Sawai Madhopur,1158,5
2011,Rajasthan,Sikar,687,0
2011,Rajasthan,Sirohi,1114,0
2011,Rajasthan,Tonk,587,3
2011,Rajasthan,Udaipur,3327,9
2011,Sikkim,Gangtok,42,0
2011,Sikkim,Gyalshing,4,0
2011,Sikkim,Mangan,1,0
2011,Sikkim,Namchi,4,0
2011,Sikkim,Aranthangi#,5,0
2011,Sikkim,Chengalpattu,78,0
2011,Sikkim,Chennai,14927,0
2011,Sikkim,Cheyyar#,75,0
2011,Sikkim,Coimbatore,46,0
2011,Sikkim,Cuddalore,114,0
2011,Sikkim,Dharapuram#,0,0
2011,Sikkim,Dharmapuri,77,0
2011,Sikkim,Dindigul,78,0
2011,Sikkim,Erode,0,0
2011,Sikkim,Kallakurichi,111,0
2011,Sikkim,Kanchipuram,32,0
2011,Tamil Nadu,Kanniyakumari,376,0
2011,Tamil Nadu,Karur,10,0
2011,Tamil Nadu,Kovilpatti#,137,0
2011,Tamil Nadu,Krishnagiri,10,0
2011,Tamil Nadu,Madurai,110,0
2011,Tamil Nadu,Nagapattinam,136,0
2011,Tamil Nadu,Namakkal,36,0
2011,Tamil Nadu,Palani#,11,0
2011,Tamil Nadu,Paramakudi#,472,0
2011,Tamil Nadu,Perambalur,11,0
2011,Tamil Nadu,Pudukkottai,7,0
2011,Tamil Nadu,Ramanathapuram,3472,0
2011,Tamil Nadu,Salem,36,0
2011,Tamil Nadu,Sivaganga,9,0
2011,Tamil Nadu,Sivakasi#,3,0
2011,Tamil Nadu,Tenkasi,17,0
2011,Tamil Nadu,Thanjavur,152,0
2011,Tamil Nadu,The Nilgiris,0,0
2011,Tamil Nadu,Theni,0,0
2011,Tamil Nadu,Thiruvallur,257,0
2011,Tamil Nadu,Thiruvarur,38,0
2011,Tamil Nadu,Tiruchirappalli,60,0
2011,Tamil Nadu,Tirunelveli,12,0
2011,Tamil Nadu,Tirupathur,174,0
2011,Tamil Nadu,Tiruppur,0,0
2011,Tamil Nadu,Tiruvannamalai,365,0
2011,Tamil Nadu,Tuticorin,166,0
2011,Tamil Nadu,Vellore,453,0
2011,Tamil Nadu,Villupuram,83,0
2011,Tamil Nadu,Virudhunagar,15,0
2011,Tripura,Dhalai,4377,4
2011,Tripura,North Tripura,973,4
2011,Tripura,South Tripura,8066,2
2011,Tripura,West Tripura,1001,2
2011,Tripura,Agra,151,0
2011,Tripura,Aligarh,1186,0
2011,Tripura,Ambedkar Nagar,81,0
2011,Tripura,Amroha,379,0
2011,Tripura,Auraiya,1680,0
2011,Tripura,Ayodhya,69,0
2011,Tripura,Azamgarh,18,0
2011,Tripura,Baghpat,254,0
2011,Tripura,Bahraich,40,0
2011,Tripura,Ballia,6,0
2011,Tripura,Balrampur,11,0
2011,Tripura,Banda,609,0
2011,Tripura,Barabanki,0,0
2011,Tripura,Bareilly,1138,0
2011,Tripura,Basti,117,0
2011,Tripura,Bhadohi,1218,0
2011,Tripura,Bijnor,894,0
2011,Tripura,Budaun,969,0
2011,Tripura,Bulandshahr,1033,0
2011,Tripura,Chandauli,156,0
2011,Tripura,Chitrakoot,522,0
2011,Tripura,Deoria,29,0
2011,Tripura,Etah,1096,0
2011,Tripura,Etawah,382,0
2011,Tripura,Farrukhabad,757,0
2011,Tripura,Fatehpur,1120,0
2011,Tripura,Firozabad,380,0
2011,Tripura,Gautam Buddha Nagar,577,0
2011,Tripura,Ghaziabad,460,0
2011,Tripura,Ghazipur,36,0
2011,Tripura,Gonda,31,0
2011,Tripura,Gorakhpur,3,0
2011,Tripura,Hamirpur,914,0
2011,Tripura,Hardoi,94,0
2011,Tripura,Hathras,613,0
2011,Tripura,Jalaun,465,0
2011,Tripura,Jaunpur,202,0
2011,Tripura,Jhansi,739,0
2011,Tripura,Kannauj,595,0
2011,Tripura,Kanpur Dehat,1377,0
2011,Tripura,Kanpur Nagar,501,0
2011,Tripura,Kasganj,617,0
2011,Tripura,Kaushambi,458,0
2011,Tripura,Kheri,333,0
2011,Tripura,Kushi Nagar,142,0
2011,Tripura,Lalitpur,987,0
2011,Tripura,Lucknow,149,0
2011,Tripura,Maharajganj,34,0
2011,Tripura,Mahoba,834,0
2011,Tripura,Mainpuri,631,0
2011,Tripura,Mathura,289,0
2011,Tripura,Mau,15,0
2011,Tripura,Meerut,265,0
2011,Tripura,Mirzapur,6476,0
2011,Tripura,Moradabad,192,0
2011,Tripura,Muzaffarnagar,5961,0
2011,Tripura,Pilibhit,24,0
2011,Tripura,Pratapgarh,192,0
2011,Tripura,Prayagraj,4715,0
2011,Tripura,Rae Bareli,78,0
2011,Tripura,Rampur,287,0
2011,Tripura,Saharanpur,4231,0
2011,Tripura,Sant Kabeer Nagar,37,0
2011,Tripura,Shahjahanpur,8,0
2011,Tripura,Shravasti,66,0
2011,Tripura,Siddharth Nagar,339,0
2011,Tripura,Sitapur,7,0
2011,Tripura,Sonbhadra,8245,0
2011,Tripura,Sultanpur,229,0
2011,Tripura,Unnao,67,0
2011,Tripura,Varanasi,158,0
2011,Uttarakhand,Almora,0,0
2011,Uttarakhand,Bageshwar,14,0
2011,Uttarakhand,Chamoli,1,0
2011,Uttarakhand,Champawat,0,0
2011,Uttarakhand,Dehradun,529,1
2011,Uttarakhand,Haridwar,364,0
2011,Uttarakhand,Nainital,109,0
2011,Uttarakhand,Pauri Garhwal,34,0
2011,Uttarakhand,Pithoragarh,0,0
2011,Uttarakhand,Rudra Prayag,0,0
2011,Uttarakhand,Tehri Garhwal,8,0
2011,Uttarakhand,Udam Singh Nagar,218,0
2011,Uttarakhand,Uttar Kashi,0,0
2011,West Bengal,24 Paraganas North,1236,2
2011,West Bengal,24 Paraganas South,702,0
2011,West Bengal,Bankura,1104,2
2011,West Bengal,Bardhaman,155,5
2011,West Bengal,Birbhum,663,1
2011,West Bengal,Coochbehar,858,0
2011,West Bengal,Darjeeling,278,0
2011,West Bengal,Dinajpur Dakshin,177,0
2011,West Bengal,Dinajpur Uttar,134,0
2011,West Bengal,Hooghly,290,1
2011,West Bengal,Howrah,2998,0
2011,West Bengal,Jalpaiguri,2586,3
2011,West Bengal,KMUHO#,1489,0
2011,West Bengal,Kolkata,42724,0
2011,West Bengal,Maldah,2126,1
2011,West Bengal,Medinipur East,691,0
2011,West Bengal,Medinipur West,1553,1
2011,West Bengal,Murshidabad,3240,0
2011,West Bengal,Nadia,532,1
2011,West Bengal,Purulia,2832,2
2012,Andaman And Nicobar Islands,Nicobars,1048,0
2012,Andaman And Nicobar Islands,North And Middle Andaman,147,0
2012,Andaman And Nicobar Islands,South Andamans,344,0
2012,Andaman And Nicobar Islands,Adilabad,707,0
2012,Andaman And Nicobar Islands,Anantapur,372,0
2012,Andaman And Nicobar Islands,Chittoor,277,0
2012,Andaman And Nicobar Islands,East Godavari,2750,0
2012,Andhra Pradesh,Guntur,526,0
2012,Andhra Pradesh,Hyderabad,472,0
2012,Andhra Pradesh,Karimnagar,24,0
2012,Andhra Pradesh,Khammam,1153,0
2012,Andhra Pradesh,Krishna,1585,0
2012,Andhra Pradesh,Kurnool,233,1
2012,Andhra Pradesh,Mahabubnagar,175,0
2012,Andhra Pradesh,Medak,40,0
2012,Andhra Pradesh,Nalgonda,11,0
2012,Andhra Pradesh,Nizamabad,38,0
2012,Andhra Pradesh,Prakasam,962,0
2012,Andhra Pradesh,Ranga Reddy,85,0
2012,Andhra Pradesh,SPSR Nellore,73,0
2012,Andhra Pradesh,Srikakulam,1424,0
2012,Andhra Pradesh,Visakhapatanam,7474,1
2012,Andhra Pradesh,Vizianagaram,4992,0
2012,Andhra Pradesh,Warangal,222,0
2012,Andhra Pradesh,West Godavari,436,0
2012,Andhra Pradesh,Y.S.R.,668,0
2012,Arunachal Pradesh,Anjaw,50,0
2012,Arunachal Pradesh,Changlang,563,0
2012,Arunachal Pradesh,Dibang Valley,133,0
2012,Arunachal Pradesh,East Kameng,480,13
2012,Arunachal Pradesh,East Siang,847,0
2012,Arunachal Pradesh,Kurung Kumey,164,0
2012,Arunachal Pradesh,Lohit,1148,2
2012,Arunachal Pradesh,Lower Dibang Valley,792,0
2012,Arunachal Pradesh,Lower Subansiri,196,0
2012,Arunachal Pradesh,Papum Pare,549,0
2012,Arunachal Pradesh,Tirap,1132,0
2012,Arunachal Pradesh,Upper Siang,313,0
2012,Arunachal Pradesh,Upper Subansiri,1259,0
2012,Arunachal Pradesh,West Kameng,212,0
2012,Arunachal Pradesh,West Siang,530,0
2012,Arunachal Pradesh,Baksa,1553,1
2012,Arunachal Pradesh,Barpeta,181,0
2012,Arunachal Pradesh,Bongaigaon,111,0
2012,Arunachal Pradesh,Cachar,608,0
2012,Arunachal Pradesh,Chirang,2112,3
2012,Arunachal Pradesh,Darrang,134,0
2012,Arunachal Pradesh,Dhemaji,151,0
2012,Arunachal Pradesh,Dhubri,248,0
2012,Arunachal Pradesh,Dibrugarh,36,1
2012,Arunachal Pradesh,Dima Hasao,1413,0
2012,Arunachal Pradesh,Goalpara,1697,0
2012,Arunachal Pradesh,Golaghat,106,0
2012,Arunachal Pradesh,Hailakandi,588,1
2012,Arunachal Pradesh,Jorhat,93,0
2012,Arunachal Pradesh,Kamrup,391,0
2012,Arunachal Pradesh,Kamrup Metro,146,0
2012,Arunachal Pradesh,Karbi Anglong,8383,6
2012,Arunachal Pradesh,Karimganj,236,0
2012,Arunachal Pradesh,Kokrajhar,1342,1
2012,Arunachal Pradesh,Lakhimpur,257,0
2012,Arunachal Pradesh,Marigaon,88,0
2012,Arunachal Pradesh,Nagaon,374,0
2012,Arunachal Pradesh,Nalbari,72,0
2012,Arunachal Pradesh,Sivasagar,23,0
2012,Arunachal Pradesh,Sonitpur,652,0
2012,Arunachal Pradesh,Tinsukia,954,0
2012,Arunachal Pradesh,Udalguri,8050,0
2012,Arunachal Pradesh,Araria,0,0
2012,Arunachal Pradesh,Arwal,0,0
2012,Arunachal Pradesh,Aurangabad,267,0
2012,Arunachal Pradesh,Banka,13,0
2012,Arunachal Pradesh,Begusarai,1,0
2012,Arunachal Pradesh,Bhagalpur,60,0
2012,Arunachal Pradesh,Bhojpur,0,0
2012,Arunachal Pradesh,Buxar,0,0
2012,Arunachal Pradesh,Darbhanga,0,0
2012,Arunachal Pradesh,Gaya,208,0
2012,Arunachal Pradesh,Gopalganj,1,0
2012,Arunachal Pradesh,Jamui,222,0
2012,Arunachal Pradesh,Jehanabad,1,0
2012,Arunachal Pradesh,Kaimur (Bhabua),29,0
2012,Arunachal Pradesh,Katihar,36,0
2012,Arunachal Pradesh,Khagaria,0,0
2012,Arunachal Pradesh,Kishanganj,0,0
2012,Arunachal Pradesh,Lakhisarai,208,0
2012,Arunachal Pradesh,Madhepura,0,0
2012,Arunachal Pradesh,Madhubani,26,0
2012,Arunachal Pradesh,Munger,370,0
2012,Arunachal Pradesh,Muzaffarpur,2,0
2012,Arunachal Pradesh,Nalanda,7,0
2012,Arunachal Pradesh,Nawada,684,0
2012,Arunachal Pradesh,Pashchim Champaran,0,0
2012,Arunachal Pradesh,Patna,14,0
2012,Arunachal Pradesh,Purbi Champaran,0,0
2012,Arunachal Pradesh,Purnia,8,0
2012,Arunachal Pradesh,Rohtas,394,0
2012,Arunachal Pradesh,Saharsa,0,0
2012,Arunachal Pradesh,Samastipur,12,0
2012,Arunachal Pradesh,Saran,2,0
2012,Arunachal Pradesh,Sheikhpura,40,0
2012,Arunachal Pradesh,Sheohar,0,0
2012,Arunachal Pradesh,Sitamarhi,0,0
2012,Arunachal Pradesh,Siwan,0,0
2012,Arunachal Pradesh,Supaul,0,0
2012,Arunachal Pradesh,Vaishali,0,0
2012,Chandigarh,Chandigarh,201,0
2012,Chhattisgarh,Balod,671,0
2012,Chhattisgarh,Baloda Bazar,472,1
2012,Chhattisgarh,Balrampur,4365,0
2012,Chhattisgarh,Bastar,6378,8
2012,Chhattisgarh,Bemetara,219,3
2012,Chhattisgarh,Bijapur,5671,3
2012,Chhattisgarh,Bilaspur,2076,9
2012,Chhattisgarh,Dantewada,11585,8
2012,Chhattisgarh,Dhamtari,568,3
2012,Chhattisgarh,Durg,1237,1
2012,Chhattisgarh,Gariyaband,3260,6
2012,Chhattisgarh,Janjgir-Champa,524,5
2012,Chhattisgarh,Jashpur,12710,1
2012,Chhattisgarh,Kabirdham,1769,5
2012,Chhattisgarh,Kanker,6574,0
2012,Chhattisgarh,Kondagaon,9680,2
2012,Chhattisgarh,Korba,21522,3
2012,Chhattisgarh,Korea,9064,4
2012,Chhattisgarh,Mahasamund,401,3
2012,Chhattisgarh,Mungeli,264,1
2012,Chhattisgarh,Narayanpur,2310,0
2012,Chhattisgarh,Raigarh,6446,1
2012,Chhattisgarh,Raipur,76,15
2012,Chhattisgarh,RajnandGaon,1999,3
2012,Chhattisgarh,Sukma,6559,5
2012,Chhattisgarh,Surajpur,4335,0
2012,Chhattisgarh,Surguja,3271,0
2012,D & N Haveli,Dadra And Nagar Haveli,4940,1
2012,Daman & Diu,Daman,185,0
2012,Daman & Diu,Diu,1,0
2012,Delhi,New Delhi,382,0
2012,Goa,North Goa,826,0
2012,Goa,South Goa,888,0
2012,Goa,Ahmadabad,621,0
2012,Goa,Ahmadabad MC#,18802,10
2012,Goa,Amreli,1797,0
2012,Goa,Anand,917,0
2012,Goa,Banas kantha,2952,1
2012,Goa,Bharuch,966,1
2012,Goa,Bhavnagar,825,0
2012,Goa,Bhavnagar MC#,239,0
2012,Goa,Dang,575,0
2012,Goa,Dohad,4473,0
2012,Goa,Gandhinagar,489,0
2012,Goa,Gandhinagar MC#,723,0
2012,Goa,Jamnagar,1513,0
2012,Gujarat,Jamnagar MC#,43,1
2012,Gujarat,Junagadh,1266,0
2012,Gujarat,Junagadh MC#,73,0
2012,Gujarat,Kachchh,2756,0
2012,Gujarat,Kheda,765,0
2012,Gujarat,Mahesana,771,0
2012,Gujarat,Narmada,520,0
2012,Gujarat,Navsari,1094,0
2012,Gujarat,Panch Mahals,2343,0
2012,Gujarat,Patan,2370,0
2012,Gujarat,Porbandar,421,0
2012,Gujarat,Rajkot,3394,3
2012,Gujarat,Rajkot MC#,257,0
2012,Gujarat,Sabar kantha,1089,1
2012,Gujarat,Surat,1049,0
2012,Gujarat,Surat MC#,11641,9
2012,Gujarat,Surendranagar,1859,0
2012,Gujarat,Tapi,674,1
2012,Gujarat,Vadodara,1827,0
2012,Gujarat,Vadodara MC#,3396,2
2012,Gujarat,Valsad,3746,0
2012,Haryana,Ambala,461,0
2012,Haryana,Bhiwani,2655,0
2012,Haryana,Faridabad,785,0
2012,Haryana,Fatehabad,1026,0
2012,Haryana,Gurugram,611,0
2012,Haryana,Hisar,4436,0
2012,Haryana,Jhajjar,949,0
2012,Haryana,Jind,771,0
2012,Haryana,Kaithal,194,0
2012,Haryana,Karnal,2425,0
2012,Haryana,Kurukshetra,765,0
2012,Haryana,Mahendragarh,307,0
2012,Haryana,Nuh,1314,0
2012,Haryana,Palwal,696,0
2012,Haryana,Panchkula,337,0
2012,Haryana,Panipat,782,0
2012,Haryana,Rewari,32,0
2012,Haryana,Rohtak,1154,0
2012,Haryana,Sirsa,2918,0
2012,Haryana,Sonipat,540,0
2012,Haryana,Yamunanagar,3661,1
2012,Haryana,Bilaspur,31,0
2012,Haryana,Chamba,7,0
2012,Haryana,Hamirpur,28,0
2012,Haryana,Kangra,39,0
2012,Haryana,Kullu,13,0
2012,Haryana,Mandi,26,0
2012,Haryana,Shimla,37,0
2012,Haryana,Sirmaur,13,0
2012,Haryana,Solan,17,0
2012,Haryana,Una,5,0
2012,Jammu And Kashmir,Baramulla,3,0
2012,Jammu And Kashmir,Doda,0,0
2012,Jammu And Kashmir,Jammu,282,0
2012,Jammu And Kashmir,Kargil,0,0
2012,Jammu And Kashmir,Kathua,114,0
2012,Jammu And Kashmir,Kishtwar,6,0
2012,Jammu And Kashmir,Leh Ladakh,0,0
2012,Jammu And Kashmir,Poonch,205,0
2012,Jammu And Kashmir,Rajouri,123,0
2012,Jammu And Kashmir,Ramban,0,0
2012,Jammu And Kashmir,Reasi,27,0
2012,Jammu And Kashmir,Samba,30,0
2012,Jammu And Kashmir,Udhampur,32,0
2012,Jammu And Kashmir,UMCP Jammu#,42,0
2012,Jharkhand,Bokaro,3315,0
2012,Jharkhand,Chatra,7448,0
2012,Jharkhand,Deoghar,96,0
2012,Jharkhand,Dhanbad,1098,0
2012,Jharkhand,Dumka,5442,1
2012,Jharkhand,East Singhbum,5221,4
2012,Jharkhand,Garhwa,8378,0
2012,Jharkhand,Giridih,10631,0
2012,Jharkhand,Godda,2628,0
2012,Jharkhand,Gumla,2849,0
2012,Jharkhand,Hazaribagh,9167,0
2012,Jharkhand,Jamtara,39,0
2012,Jharkhand,Khunti,3083,0
2012,Jharkhand,Koderma,2147,0
2012,Jharkhand,Latehar,14086,0
2012,Jharkhand,Lohardaga,1375,0
2012,Jharkhand,Pakur,1318,0
2012,Jharkhand,Palamu,14754,0
2012,Jharkhand,Ramgarh,934,0
2012,Jharkhand,Ranchi,5888,0
2012,Jharkhand,Sahebganj,3784,3
2012,Jharkhand,Saraikela Kharsawan,5013,0
2012,Jharkhand,Simdega,9168,0
2012,Jharkhand,West Singhbhum,13614,2
2012,Jharkhand,A.M.U. Almatti#,39,0
2012,Jharkhand,A.M.U. B. Gudi#,32,0
2012,Jharkhand,A.M.U. Kembhavi#,10,0
2012,Jharkhand,Bagalkote,578,0
2012,Jharkhand,Ballari,305,0
2012,Jharkhand,Belagavi,66,0
2012,Jharkhand,Bengaluru Rural,10,0
2012,Jharkhand,Bengaluru Urban,28,0
2012,Karnataka,Bidar,288,0
2012,Karnataka,Chamarajanagara,97,0
2012,Karnataka,ChikkaBallaPura,62,0
2012,Karnataka,Chikkamagaluru,128,0
2012,Karnataka,Chitradurga,42,0
2012,Karnataka,Dakshina Kannada,6215,0
2012,Karnataka,Davangere,135,0
2012,Karnataka,Dharwad,293,0
2012,Karnataka,Gadag,519,0
2012,Karnataka,Hassan,62,0
2012,Karnataka,Haveri,419,0
2012,Karnataka,Kalaburagi,1158,0
2012,Karnataka,Kodagu,43,0
2012,Karnataka,Kolar,111,0
2012,Karnataka,Koppal,821,0
2012,Karnataka,Mandya,66,0
2012,Karnataka,Mysuru,94,0
2012,Karnataka,Raichur,722,0
2012,Karnataka,Ramanagara,54,0
2012,Karnataka,Shivamogga,148,0
2012,Karnataka,Tumakuru,162,0
2012,Karnataka,U.K.P.N. PURA#,376,0
2012,Karnataka,Udupi,2217,0
2012,Karnataka,Uttara Kannada,316,0
2012,Karnataka,Vijayapura,304,0
2012,Karnataka,Yadgir,546,0
2012,Kerala,Alappuzha,123,0
2012,Kerala,Ernakulam,108,0
2012,Kerala,Idukki,53,2
2012,Kerala,Kannur,339,0
2012,Kerala,Kasaragod,286,0
2012,Kerala,Kollam,115,0
2012,Kerala,Kottayam,71,0
2012,Kerala,Kozhikode,181,0
2012,Kerala,Malappuram,237,0
2012,Kerala,Palakkad,107,0
2012,Kerala,Pathanamthitta,105,0
2012,Kerala,Thiruvananthapuram,70,0
2012,Kerala,Thrissur,194,1
2012,Kerala,Wayanad,47,0
2012,Lakshadweep,Lakshadweep District,9,0
2012,Lakshadweep,Alirajpur,1352,0
2012,Lakshadweep,Anuppur,834,0
2012,Lakshadweep,Ashoknagar,1317,1
2012,Lakshadweep,Balaghat,2300,2
2012,Lakshadweep,Barwani,703,0
2012,Lakshadweep,Betul,946,0
2012,Lakshadweep,Bhind,3154,2
2012,Lakshadweep,Bhopal,1369,0
2012,Madhya Pradesh,Burhanpur,745,0
2012,Madhya Pradesh,Chhatarpur,505,1
2012,Madhya Pradesh,Chhindwara,3446,0
2012,Madhya Pradesh,Damoh,731,1
2012,Madhya Pradesh,Datia,722,0
2012,Madhya Pradesh,Dewas,222,0
2012,Madhya Pradesh,Dhar,2196,1
2012,Madhya Pradesh,Dindori,829,2
2012,Madhya Pradesh,East Nimar,410,2
2012,Madhya Pradesh,Guna,1648,0
2012,Madhya Pradesh,Gwalior,2122,6
2012,Madhya Pradesh,Harda,223,0
2012,Madhya Pradesh,Indore,159,0
2012,Madhya Pradesh,Jabalpur,508,2
2012,Madhya Pradesh,Jhabua,3715,0
2012,Madhya Pradesh,Katni,310,1
2012,Madhya Pradesh,Khargone,2959,0
2012,Madhya Pradesh,Mandla,1044,0
2012,Madhya Pradesh,Mandsaur,896,0
2012,Madhya Pradesh,Morena,1937,0
2012,Madhya Pradesh,Narmadapuram,1293,0
2012,Madhya Pradesh,Narsinghpur,928,2
2012,Madhya Pradesh,Neemuch,263,0
2012,Madhya Pradesh,Panna,1691,0
2012,Madhya Pradesh,Raisen,1095,0
2012,Madhya Pradesh,Rajgarh,943,0
2012,Madhya Pradesh,Ratlam,1418,2
2012,Madhya Pradesh,Rewa,861,0
2012,Madhya Pradesh,Sagar,1273,0
2012,Madhya Pradesh,Satna,1201,2
2012,Madhya Pradesh,Sehore,552,0
2012,Madhya Pradesh,Seoni,1019,0
2012,Madhya Pradesh,Shahdol,792,1
2012,Madhya Pradesh,Shajapur,375,0
2012,Madhya Pradesh,Sheopur,3074,0
2012,Madhya Pradesh,Shivpuri,4712,0
2012,Madhya Pradesh,Sidhi,10899,11
2012,Madhya Pradesh,Singrauli,3236,0
2012,Madhya Pradesh,Tikamgarh,1841,4
2012,Madhya Pradesh,Ujjain,352,0
2012,Madhya Pradesh,Umaria,534,0
2012,Madhya Pradesh,Vidisha,884,0
2012,Madhya Pradesh,Ahmednagar,357,0
2012,Madhya Pradesh,Akola,218,0
2012,Madhya Pradesh,Amravati,721,1
2012,Madhya Pradesh,Aurangabad,148,1
2012,Madhya Pradesh,Beed,88,0
2012,Madhya Pradesh,Bhandara,190,0
2012,Madhya Pradesh,Buldhana,210,0
2012,Maharashtra,Chandrapur,2069,8
2012,Maharashtra,Dhule,1047,2
2012,Maharashtra,Gadchiroli,6596,4
2012,Maharashtra,Gondia,754,7
2012,Maharashtra,Hingoli,10,0
2012,Maharashtra,Jalgaon,551,1
2012,Maharashtra,Jalna,15,0
2012,Maharashtra,Kolhapur,99,0
2012,Maharashtra,Latur,108,0
2012,Maharashtra,Mumbai,16086,45
2012,Maharashtra,Nagpur,515,1
2012,Maharashtra,Nagpur MC#,125,0
2012,Maharashtra,Nanded,303,0
2012,Maharashtra,Nandurbar,1073,1
2012,Maharashtra,Nashik,2305,1
2012,Maharashtra,Osmanabad,32,0
2012,Maharashtra,Parbhani,25,0
2012,Maharashtra,Pune,512,5
2012,Maharashtra,Pune MC#,78,0
2012,Maharashtra,Raigad,4361,1
2012,Maharashtra,Ratnagiri,810,0
2012,Maharashtra,Sangli,162,0
2012,Maharashtra,Satara,600,0
2012,Maharashtra,Sindhudurg,243,2
2012,Maharashtra,Solapur,125,0
2012,Maharashtra,Thane,16141,14
2012,Maharashtra,Wardha,712,2
2012,Maharashtra,Washim,96,0
2012,Maharashtra,Yavatmal,1032,0
2012,Manipur,Bishnupur,0,0
2012,Manipur,Chandel,27,0
2012,Manipur,Churachandpur,63,0
2012,Manipur,Imphal East,9,0
2012,Manipur,Imphal Urban#,3,0
2012,Manipur,Imphal West,8,0
2012,Manipur,Jiribam,8,0
2012,Manipur,Kangpokpi,2,0
2012,Manipur,Senapati,0,0
2012,Manipur,Tamenglong,122,0
2012,Manipur,Thoubal,11,0
2012,Manipur,Ukhrul,2,0
2012,Meghalaya,East Garo Hills,7461,19
2012,Meghalaya,East Khasi Hills,553,2
2012,Meghalaya,Ri Bhoi,966,3
2012,Meghalaya,South Garo Hills,3009,7
2012,Meghalaya,West Garo Hills,6908,9
2012,Meghalaya,West Jaintia Hills,170,5
2012,Meghalaya,West Khasi Hills,1767,7
2012,Meghalaya,Aizawl,137,0
2012,Mizoram,Aizawl West#,219,9
2012,Mizoram,Champhai,96,1
2012,Mizoram,Kolasib,329,1
2012,Mizoram,Lawngtlai,5034,7
2012,Mizoram,Lunglei,3042,3
2012,Mizoram,Mamit,774,1
2012,Mizoram,Saiha,182,1
2012,Mizoram,Serchhip,70,2
2012,Nagaland,Mon,53,0
2012,Nagaland,Dimapur,513,0
2012,Nagaland,Kiphire,96,0
2012,Nagaland,Kohima,409,0
2012,Nagaland,Longleng,162,0
2012,Nagaland,Mokokchung,548,0
2012,Nagaland,Peren,13,0
2012,Nagaland,Phek,349,1
2012,Nagaland,Tuensang,133,0
2012,Nagaland,UVBDS Dimapur#,311,0
2012,Nagaland,Wokha,190,0
2012,Nagaland,Zunheboto,114,0
2012,Nagaland,Anugul,7724,1
2012,Nagaland,Balangir,3920,6
2012,Nagaland,Baleshwar,441,0
2012,Nagaland,Bargarh,994,0
2012,Nagaland,Bhadrak,358,0
2012,Nagaland,Boudh,1657,0
2012,Nagaland,Cuttack,480,0
2012,Nagaland,Deogarh,5922,1
2012,Nagaland,Dhenkanal,2360,0
2012,Nagaland,Gajapati,7626,1
2012,Nagaland,Ganjam,6287,2
2012,Nagaland,Jagatsinghapur,191,0
2012,Nagaland,Jajapur,1147,0
2012,Nagaland,Jharsuguda,326,1
2012,Nagaland,Kalahandi,19053,13
2012,Nagaland,Kandhamal,18116,6
2012,Nagaland,Kendrapara,146,0
2012,Nagaland,Kendujhar,21213,3
2012,Nagaland,Khordha,1069,0
2012,Nagaland,Koraput,38867,5
2012,Nagaland,Malkangiri,14257,5
2012,Nagaland,Mayurbhanj,8673,2
2012,Nagaland,Nabarangpur,14600,4
2012,Nagaland,Nayagarh,915,0
2012,Nagaland,Nuapada,8150,6
2012,Nagaland,Puri,29,0
2012,Nagaland,Rayagada,52117,8
2012,Nagaland,Sambalpur,9209,0
2012,Nagaland,Sonepur,691,1
2012,Nagaland,Sundargarh,16304,14
2012,Puducherry,Karaikal,23,0
2012,Puducherry,Mahe,12,0
2012,Puducherry,Pondicherry,99,0
2012,Puducherry,Yanam,9,0
2012,Punjab,Amritsar,28,0
2012,Punjab,Barnala,2,0
2012,Punjab,Bathinda,57,0
2012,Punjab,Faridkot,249,0
2012,Punjab,Fatehgarh Sahib,12,0
2012,Punjab,Ferozepur,44,0
2012,Punjab,Gurdaspur,11,0
2012,Punjab,Hoshiarpur,38,0
2012,Punjab,Jalandhar,57,0
2012,Punjab,Kapurthala,10,0
2012,Punjab,Ludhiana,197,0
2012,Punjab,Mansa,328,0
2012,Punjab,Moga,8,0
2012,Punjab,Patiala,94,0
2012,Punjab,Rupnagar,9,0
2012,Punjab,S.A.S Nagar,15,0
2012,Punjab,Sangrur,100,0
2012,Punjab,Shahid Bhagat Singh Nagar,130,0
2012,Punjab,Sri Muktsar Sahib,233,0
2012,Punjab,Tarn taran,67,0
2012,Punjab,Ajmer,1309,2
2012,Punjab,Alwar,2014,0
2012,Punjab,Banswara,1162,0
2012,Punjab,Baran,717,0
2012,Punjab,Barmer,4998,0
2012,Punjab,Bharatpur,3096,2
2012,Punjab,Bhilwara,1570,1
2012,Punjab,Bikaner,3955,2
2012,Punjab,Bundi,1364,0
2012,Punjab,Chittorgarh,1151,0
2012,Punjab,Churu,1411,1
2012,Punjab,Dausa,688,2
2012,Punjab,Dholpur,1483,0
2012,Punjab,Dungarpur,742,0
2012,Punjab,Ganganagar,1388,3
2012,Punjab,Hanumangarh,788,0
2012,Punjab,Jaipur,2000,3
2012,Punjab,Jaisalmer,831,2
2012,Punjab,Jalore,763,0
2012,Punjab,Jhalawar,329,0
2012,Punjab,Jhunjhunu,481,0
2012,Punjab,Jodhpur,1987,0
2012,Punjab,Karauli,482,0
2012,Punjab,Kota,613,0
2012,Punjab,Nagaur,1940,0
2012,Punjab,Pali,780,0
2012,Punjab,Pratapgarh,1308,0
2012,Punjab,Rajsamand,847,1
2012,Punjab,Sawai Madhopur,1289,0
2012,Punjab,Sikar,674,0
2012,Punjab,Sirohi,736,0
2012,Punjab,Tonk,558,0
2012,Punjab,Udaipur,2355,3
2012,Sikkim,Gangtok,68,0
2012,Sikkim,Gyalshing,2,0
2012,Sikkim,Mangan,2,0
2012,Sikkim,Namchi,5,0
2012,Sikkim,Aranthangi#,8,0
2012,Sikkim,Ariyalur,0,0
2012,Sikkim,Chengalpattu,41,0
2012,Sikkim,Chennai,11090,0
2012,Sikkim,Cheyyar#,75,0
2012,Sikkim,Coimbatore,47,0
2012,Sikkim,Cuddalore,86,0
2012,Sikkim,Dharapuram#,1,0
2012,Sikkim,Dharmapuri,54,0
2012,Sikkim,Dindigul,47,0
2012,Sikkim,Erode,0,0
2012,Sikkim,Kallakurichi,153,0
2012,Sikkim,Kanchipuram,11,0
2012,Sikkim,Kanniyakumari,669,0
2012,Sikkim,Karur,13,0
2012,Sikkim,Kovilpatti#,83,0
2012,Sikkim,Krishnagiri,23,0
2012,Sikkim,Madurai,141,0
2012,Sikkim,Nagapattinam,117,0
2012,Sikkim,Namakkal,15,0
2012,Sikkim,Palani#,17,0
2012,Sikkim,Paramakudi#,350,0
2012,Sikkim,Perambalur,5,0
2012,Sikkim,Poonamallee#,9,0
2012,Sikkim,Pudukkottai,15,0
2012,Sikkim,Ramanathapuram,3982,0
2012,Sikkim,Salem,13,0
2012,Sikkim,Sivaganga,1,0
2012,Sikkim,Sivakasi#,11,0
2012,Sikkim,Tenkasi,26,0
2012,Sikkim,Thanjavur,170,0
2012,Sikkim,The Nilgiris,0,0
2012,Sikkim,Theni,16,0
2012,Sikkim,Thiruvallur,295,0
2012,Sikkim,Thiruvarur,38,0
2012,Sikkim,Tiruchirappalli,63,0
2012,Sikkim,Tirunelveli,75,0
2012,Sikkim,Tirupathur,173,0
2012,Sikkim,Tiruppur,1,0
2012,Sikkim,Tiruvannamalai,322,0
2012,Sikkim,Tuticorin,118,0
2012,Sikkim,Vellore,419,0
2012,Sikkim,Villupuram,46,0
2012,Sikkim,Virudhunagar,30,0
2012,Tripura,Dhalai,2766,6
2012,Tripura,North Tripura,491,0
2012,Tripura,South Tripura,7261,1
2012,Tripura,West Tripura,1047,0
2012,Tripura,Agra,113,0
2012,Tripura,Aligarh,1050,0
2012,Tripura,Ambedkar Nagar,23,0
2012,Tripura,Amroha,198,0
2012,Tripura,Auraiya,937,0
2012,Tripura,Ayodhya,28,0
2012,Tripura,Azamgarh,12,0
2012,Tripura,Baghpat,220,0
2012,Tripura,Bahraich,32,0
2012,Tripura,Ballia,2,0
2012,Tripura,Balrampur,6,0
2012,Tripura,Banda,606,0
2012,Tripura,Barabanki,3,0
2012,Tripura,Bareilly,551,0
2012,Tripura,Basti,98,0
2012,Tripura,Bhadohi,1293,0
2012,Tripura,Bijnor,720,0
2012,Tripura,Budaun,761,0
2012,Tripura,Bulandshahr,734,0
2012,Tripura,Chandauli,120,0
2012,Tripura,Chitrakoot,572,0
2012,Tripura,Deoria,14,0
2012,Tripura,Etah,585,0
2012,Tripura,Etawah,493,0
2012,Tripura,Farrukhabad,329,0
2012,Tripura,Fatehpur,1301,0
2012,Tripura,Firozabad,363,0
2012,Tripura,Gautam Buddha Nagar,452,0
2012,Tripura,Ghaziabad,341,0
2012,Tripura,Ghazipur,80,0
2012,Tripura,Gonda,20,0
2012,Tripura,Gorakhpur,1,0
2012,Tripura,Hamirpur,759,0
2012,Tripura,Hardoi,35,0
2012,Tripura,Hathras,622,0
2012,Uttar Pradesh,Jalaun,432,0
2012,Uttar Pradesh,Jaunpur,191,0
2012,Uttar Pradesh,Jhansi,853,0
2012,Uttar Pradesh,Kannauj,435,0
2012,Uttar Pradesh,Kanpur Dehat,1021,0
2012,Uttar Pradesh,Kanpur Nagar,447,0
2012,Uttar Pradesh,Kasganj,640,0
2012,Uttar Pradesh,Kaushambi,304,0
2012,Uttar Pradesh,Kheri,242,0
2012,Uttar Pradesh,Kushi Nagar,192,0
2012,Uttar Pradesh,Lalitpur,766,0
2012,Uttar Pradesh,Lucknow,53,0
2012,Uttar Pradesh,Maharajganj,113,0
2012,Uttar Pradesh,Mahoba,788,0
2012,Uttar Pradesh,Mainpuri,310,0
2012,Uttar Pradesh,Mathura,259,0
2012,Uttar Pradesh,Mau,2,0
2012,Uttar Pradesh,Meerut,149,0
2012,Uttar Pradesh,Mirzapur,5229,0
2012,Uttar Pradesh,Moradabad,164,0
2012,Uttar Pradesh,Muzaffarnagar,2750,0
2012,Uttar Pradesh,Pilibhit,19,0
2012,Uttar Pradesh,Pratapgarh,176,0
2012,Uttar Pradesh,Prayagraj,5598,0
2012,Uttar Pradesh,Rae Bareli,72,0
2012,Uttar Pradesh,Rampur,262,0
2012,Uttar Pradesh,Saharanpur,1982,0
2012,Uttar Pradesh,Sant Kabeer Nagar,22,0
2012,Uttar Pradesh,Shahjahanpur,10,0
2012,Uttar Pradesh,Shravasti,29,0
2012,Uttar Pradesh,Siddharth Nagar,224,0
2012,Uttar Pradesh,Sitapur,21,0
2012,Uttar Pradesh,Sonbhadra,9581,0
2012,Uttar Pradesh,Sultanpur,241,0
2012,Uttar Pradesh,Unnao,53,0
2012,Uttar Pradesh,Varanasi,296,0
2012,Uttarakhand,Almora,26,0
2012,Uttarakhand,Bageshwar,3,0
2012,Uttarakhand,Chamoli,13,0
2012,Uttarakhand,Champawat,16,0
2012,Uttarakhand,Dehradun,1101,0
2012,Uttarakhand,Haridwar,373,0
2012,Uttarakhand,Nainital,220,0
2012,Uttarakhand,Pauri Garhwal,42,0
2012,Uttarakhand,Pithoragarh,0,0
2012,Uttarakhand,Rudra Prayag,0,0
2012,Uttarakhand,Tehri Garhwal,4,0
2012,Uttarakhand,Udam Singh Nagar,150,0
2012,Uttarakhand,Uttar Kashi,0,0
2012,West Bengal,24 Paraganas North,952,0
2012,West Bengal,24 Paraganas South,672,0
2012,West Bengal,Bankura,1625,11
2012,West Bengal,Bardhaman,127,2
2012,West Bengal,Birbhum,351,2
2012,West Bengal,Coochbehar,540,0
2012,West Bengal,Darjeeling,176,1
2012,West Bengal,Dinajpur Dakshin,133,0
2012,West Bengal,Dinajpur Uttar,245,0
2012,West Bengal,Hooghly,277,2
2012,West Bengal,Howrah,2878,0
2012,West Bengal,Jalpaiguri,758,3
2012,West Bengal,KMUHO#,863,0
2012,West Bengal,Kolkata,32659,0
2012,West Bengal,Maldah,1665,0
2012,West Bengal,Medinipur East,412,0
2012,West Bengal,Medinipur West,1783,2
2012,West Bengal,Murshidabad,2703,2
2012,West Bengal,Nadia,599,0
2012,West Bengal,Purulia,2227,5
2012,West Bengal,Pvt. Hospital & Others#,4148,0
2013,Andaman And Nicobar Islands,Nicobars,649,0
2013,Andaman And Nicobar Islands,North And Middle Andaman,72,0
2013,Andaman And Nicobar Islands,South Andamans,284,0
2013,Andhra Pradesh,Adilabad,995,0
2013,Andhra Pradesh,Anantapur,222,0
2013,Andhra Pradesh,Chittoor,149,0
2013,Andhra Pradesh,East Godavari,3460,0
2013,Andhra Pradesh,Guntur,498,0
2013,Andhra Pradesh,Hyderabad,196,0
2013,Andhra Pradesh,Karimnagar,36,0
2013,Andhra Pradesh,Khammam,1697,0
2013,Andhra Pradesh,Krishna,592,0
2013,Andhra Pradesh,Kurnool,150,0
2013,Andhra Pradesh,Mahabubnagar,128,0
2013,Andhra Pradesh,Medak,48,0
2013,Andhra Pradesh,Nalgonda,22,0
2013,Andhra Pradesh,Nizamabad,106,0
2013,Andhra Pradesh,Prakasam,631,0
2013,Andhra Pradesh,Ranga Reddy,52,0
2013,Andhra Pradesh,SPSR Nellore,179,0
2013,Andhra Pradesh,Srikakulam,774,0
2013,Andhra Pradesh,Visakhapatanam,5950,0
2013,Andhra Pradesh,Vizianagaram,2808,0
2013,Andhra Pradesh,Warangal,155,0
2013,Andhra Pradesh,West Godavari,692,0
2013,Andhra Pradesh,Y.S.R.,247,0
2013,Arunachal Pradesh,Anjaw,52,0
2013,Arunachal Pradesh,Changlang,360,0
2013,Arunachal Pradesh,Dibang Valley,67,0
2013,Arunachal Pradesh,East Kameng,554,10
2013,Arunachal Pradesh,East Siang,837,0
2013,Arunachal Pradesh,Kurung Kumey,134,0
2013,Arunachal Pradesh,Lohit,721,0
2013,Arunachal Pradesh,Lower Dibang Valley,644,0
2013,Arunachal Pradesh,Lower Subansiri,136,0
2013,Arunachal Pradesh,Papum Pare,184,0
2013,Arunachal Pradesh,Tirap,743,4
2013,Arunachal Pradesh,Upper Siang,214,0
2013,Arunachal Pradesh,Upper Subansiri,1245,7
2013,Arunachal Pradesh,West Kameng,133,0
2013,Arunachal Pradesh,West Siang,374,0
2013,Assam,Baksa,1901,0
2013,Assam,Barpeta,143,0
2013,Assam,Bongaigaon,45,0
2013,Assam,Cachar,279,1
2013,Assam,Chirang,1088,0
2013,Assam,Darrang,70,0
2013,Assam,Dhemaji,78,0
2013,Assam,Dhubri,176,0
2013,Assam,Dibrugarh,25,0
2013,Assam,Dima Hasao,972,0
2013,Assam,Goalpara,994,0
2013,Assam,Golaghat,40,0
2013,Assam,Hailakandi,437,0
2013,Assam,Jorhat,81,0
2013,Assam,Kamrup,286,0
2013,Assam,Kamrup Metro,199,0
2013,Assam,Karbi Anglong,4989,2
2013,Assam,Karimganj,364,3
2013,Assam,Kokrajhar,2660,0
2013,Assam,Lakhimpur,182,0
2013,Assam,Marigaon,59,0
2013,Assam,Nagaon,123,1
2013,Assam,Nalbari,46,0
2013,Assam,Sivasagar,47,0
2013,Assam,Sonitpur,213,0
2013,Assam,Tinsukia,171,0
2013,Assam,Udalguri,3874,0
2013,Assam,Araria,0,0
2013,Assam,Arwal,1,0
2013,Assam,Aurangabad,532,0
2013,Assam,Banka,118,0
2013,Assam,Begusarai,0,0
2013,Assam,Bhagalpur,37,0
2013,Assam,Bhojpur,1,0
2013,Bihar,Buxar,0,0
2013,Bihar,Darbhanga,0,0
2013,Bihar,Gaya,119,0
2013,Bihar,Gopalganj,0,0
2013,Bihar,Jamui,99,0
2013,Bihar,Jehanabad,0,0
2013,Bihar,Kaimur (Bhabua),60,0
2013,Bihar,Katihar,67,0
2013,Bihar,Khagaria,0,0
2013,Bihar,Kishanganj,0,0
2013,Bihar,Lakhisarai,220,0
2013,Bihar,Madhepura,0,0
2013,Bihar,Madhubani,30,0
2013,Bihar,Munger,408,0
2013,Bihar,Muzaffarpur,0,0
2013,Bihar,Nalanda,26,0
2013,Bihar,Nawada,349,0
2013,Bihar,Pashchim Champaran,0,0
2013,Bihar,Patna,32,1
2013,Bihar,Purbi Champaran,0,0
2013,Bihar,Purnia,439,0
2013,Bihar,Rohtas,133,0
2013,Bihar,Saharsa,0,0
2013,Bihar,Samastipur,5,0
2013,Bihar,Saran,2,0
2013,Bihar,Sheikhpura,14,0
2013,Bihar,Sheohar,0,0
2013,Bihar,Sitamarhi,1,0
2013,Bihar,Siwan,0,0
2013,Bihar,Supaul,0,0
2013,Bihar,Vaishali,0,0
2013,Chandigarh,Chandigarh,150,0
2013,Chandigarh,Balod,283,0
2013,Chandigarh,Baloda Bazar,392,3
2013,Chandigarh,Balrampur,3959,0
2013,Chandigarh,Bastar,6367,6
2013,Chandigarh,Bemetara,167,0
2013,Chandigarh,Bijapur,9904,4
2013,Chandigarh,Bilaspur,2406,2
2013,Chandigarh,Dantewada,10786,2
2013,Chandigarh,Dhamtari,424,0
2013,Chandigarh,Durg,1597,0
2013,Chandigarh,Gariyaband,1720,1
2013,Chandigarh,Janjgir-Champa,314,0
2013,Chandigarh,Jashpur,10810,0
2013,Chandigarh,Kabirdham,2906,0
2013,Chandigarh,Kanker,5444,0
2013,Chandigarh,Kondagaon,3774,6
2013,Chandigarh,Korba,15742,3
2013,Chandigarh,Korea,7001,5
2013,Chandigarh,Mahasamund,389,1
2013,Chandigarh,Mungeli,227,0
2013,Chandigarh,Narayanpur,2920,0
2013,Chandigarh,Raigarh,4353,3
2013,Chandigarh,Raipur,81,2
2013,Chandigarh,RajnandGaon,1701,1
2013,Chandigarh,Sukma,9039,3
2013,Chandigarh,Surajpur,3407,1
2013,Chandigarh,Surguja,4032,0
2013,D & N Haveli,Dadra And Nagar Haveli,1778,0
2013,Daman & Diu,Daman,87,0
2013,Daman & Diu,Diu,4,0
2013,Delhi,New Delhi,353,0
2013,Goa,North Goa,881,0
2013,Goa,South Goa,649,0
2013,Goa,Ahmadabad,513,1
2013,Goa,Ahmadabad MC#,12680,21
2013,Goa,Amreli,1227,0
2013,Goa,Anand,571,0
2013,Goa,Banas kantha,1458,0
2013,Goa,Bharuch,744,1
2013,Goa,Bhavnagar,348,0
2013,Goa,Bhavnagar MC#,210,0
2013,Goa,Dang,434,0
2013,Goa,Dohad,5117,0
2013,Goa,Gandhinagar,374,0
2013,Goa,Gandhinagar MC#,414,0
2013,Goa,Jamnagar,789,0
2013,Goa,Jamnagar MC#,39,0
2013,Goa,Junagadh,593,0
2013,Goa,Junagadh MC#,33,0
2013,Goa,Kachchh,1291,0
2013,Goa,Kheda,648,0
2013,Goa,Mahesana,631,0
2013,Goa,Narmada,286,0
2013,Goa,Navsari,994,2
2013,Goa,Panch Mahals,3138,1
2013,Goa,Patan,1638,0
2013,Goa,Porbandar,395,0
2013,Goa,Rajkot,2369,0
2013,Goa,Rajkot MC#,204,0
2013,Goa,Sabar kantha,1248,1
2013,Goa,Surat,840,2
2013,Goa,Surat MC#,9209,8
2013,Goa,Surendranagar,1325,0
2013,Goa,Tapi,306,0
2013,Goa,Vadodara,1580,0
2013,Goa,Vadodara MC#,2320,1
2013,Goa,Valsad,4547,0
2013,Haryana,Ambala,485,0
2013,Haryana,Bhiwani,953,0
2013,Haryana,Faridabad,933,0
2013,Haryana,Fatehabad,874,0
2013,Haryana,Gurugram,208,0
2013,Haryana,Hisar,1748,0
2013,Haryana,Jhajjar,623,0
2013,Haryana,Jind,322,1
2013,Haryana,Kaithal,89,0
2013,Haryana,Karnal,1195,0
2013,Haryana,Kurukshetra,298,0
2013,Haryana,Mahendragarh,153,0
2013,Haryana,Nuh,1097,0
2013,Haryana,Palwal,803,0
2013,Haryana,Panchkula,215,0
2013,Haryana,Panipat,583,1
2013,Haryana,Rewari,48,0
2013,Haryana,Rohtak,318,0
2013,Haryana,Sirsa,1602,1
2013,Haryana,Sonipat,385,0
2013,Haryana,Yamunanagar,1539,0
2013,Himachal Pradesh,Bilaspur,12,0
2013,Himachal Pradesh,Chamba,8,0
2013,Himachal Pradesh,Hamirpur,23,0
2013,Himachal Pradesh,Kangra,36,0
2013,Himachal Pradesh,Kullu,7,0
2013,Himachal Pradesh,Mandi,20,0
2013,Himachal Pradesh,Shimla,5,0
2013,Himachal Pradesh,Sirmaur,8,0
2013,Himachal Pradesh,Solan,14,0
2013,Himachal Pradesh,Una,8,0
2013,Jammu And Kashmir,Baramulla,0,0
2013,Jammu And Kashmir,Doda,0,0
2013,Jammu And Kashmir,Jammu,226,0
2013,Jammu And Kashmir,Kargil,0,0
2013,Jammu And Kashmir,Kathua,99,0
2013,Jammu And Kashmir,Kishtwar,0,0
2013,Jammu And Kashmir,Leh Ladakh,0,0
2013,Jammu And Kashmir,Poonch,129,0
2013,Jammu And Kashmir,Rajouri,145,0
2013,Jammu And Kashmir,Ramban,4,0
2013,Jammu And Kashmir,Reasi,12,0
2013,Jammu And Kashmir,Samba,14,0
2013,Jammu And Kashmir,Udhampur,27,0
2013,Jammu And Kashmir,UMCP Jammu#,42,0
2013,Jammu And Kashmir,Bokaro,2908,0
2013,Jammu And Kashmir,Chatra,3834,0
2013,Jharkhand,Deoghar,79,0
2013,Jharkhand,Dhanbad,1157,1
2013,Jharkhand,Dumka,2464,0
2013,Jharkhand,East Singhbum,3527,4
2013,Jharkhand,Garhwa,7189,0
2013,Jharkhand,Giridih,9468,0
2013,Jharkhand,Godda,1814,0
2013,Jharkhand,Gumla,2059,0
2013,Jharkhand,Hazaribagh,5687,0
2013,Jharkhand,Jamtara,68,0
2013,Jharkhand,Khunti,2674,0
2013,Jharkhand,Koderma,1708,0
2013,Jharkhand,Latehar,10147,0
2013,Jharkhand,Lohardaga,901,0
2013,Jharkhand,Pakur,752,0
2013,Jharkhand,Palamu,9605,0
2013,Jharkhand,Ramgarh,994,0
2013,Jharkhand,Ranchi,2827,0
2013,Jharkhand,Sahebganj,3152,0
2013,Jharkhand,Saraikela Kharsawan,3839,0
2013,Jharkhand,Simdega,5081,2
2013,Jharkhand,West Singhbhum,15852,1
2013,Jharkhand,A.M.U. Almatti#,36,0
2013,Jharkhand,A.M.U. B. Gudi#,16,0
2013,Jharkhand,A.M.U. Kembhavi#,3,0
2013,Jharkhand,Bagalkote,589,0
2013,Jharkhand,Ballari,182,0
2013,Jharkhand,Belagavi,71,0
2013,Jharkhand,Bengaluru Rural,7,0
2013,Jharkhand,Bengaluru Urban,14,0
2013,Jharkhand,Bidar,214,0
2013,Jharkhand,Chamarajanagara,50,0
2013,Jharkhand,ChikkaBallaPura,30,0
2013,Jharkhand,Chikkamagaluru,122,0
2013,Jharkhand,Chitradurga,75,0
2013,Jharkhand,Dakshina Kannada,5660,0
2013,Jharkhand,Davangere,57,0
2013,Jharkhand,Dharwad,200,0
2013,Jharkhand,Gadag,664,0
2013,Jharkhand,Hassan,74,0
2013,Jharkhand,Haveri,287,0
2013,Jharkhand,Kalaburagi,435,0
2013,Jharkhand,Kodagu,32,0
2013,Jharkhand,Kolar,107,0
2013,Jharkhand,Koppal,599,0
2013,Jharkhand,Mandya,22,0
2013,Jharkhand,Mysuru,63,0
2013,Jharkhand,Raichur,230,0
2013,Jharkhand,Ramanagara,18,0
2013,Jharkhand,Shivamogga,117,0
2013,Jharkhand,Tumakuru,82,0
2013,Jharkhand,U.K.P.N. PURA#,148,0
2013,Jharkhand,Udupi,2205,0
2013,Jharkhand,Uttara Kannada,253,0
2013,Jharkhand,Vijayapura,296,0
2013,Jharkhand,Yadgir,344,0
2013,Kerala,Alappuzha,77,0
2013,Kerala,Ernakulam,76,0
2013,Kerala,Idukki,49,0
2013,Kerala,Kannur,200,0
2013,Kerala,Kasaragod,306,0
2013,Kerala,Kollam,82,0
2013,Kerala,Kottayam,30,0
2013,Kerala,Kozhikode,174,0
2013,Kerala,Malappuram,185,0
2013,Kerala,Palakkad,82,0
2013,Kerala,Pathanamthitta,96,0
2013,Kerala,Thiruvananthapuram,124,0
2013,Kerala,Thrissur,115,0
2013,Kerala,Wayanad,38,0
2013,Lakshadweep,Lakshadweep District,8,0
2013,Lakshadweep,Alirajpur,1572,0
2013,Lakshadweep,Anuppur,856,3
2013,Lakshadweep,Ashoknagar,1268,0
2013,Lakshadweep,Balaghat,2594,4
2013,Lakshadweep,Barwani,1312,0
2013,Lakshadweep,Betul,2688,1
2013,Lakshadweep,Bhind,5213,5
2013,Lakshadweep,Bhopal,822,2
2013,Lakshadweep,Burhanpur,518,0
2013,Lakshadweep,Chhatarpur,1102,1
2013,Lakshadweep,Chhindwara,2299,0
2013,Lakshadweep,Damoh,677,0
2013,Lakshadweep,Datia,1338,0
2013,Lakshadweep,Dewas,213,0
2013,Lakshadweep,Dhar,2984,1
2013,Lakshadweep,Dindori,1253,1
2013,Lakshadweep,East Nimar,927,0
2013,Lakshadweep,Guna,1146,0
2013,Lakshadweep,Gwalior,1868,8
2013,Lakshadweep,Harda,126,1
2013,Lakshadweep,Indore,96,0
2013,Lakshadweep,Jabalpur,478,0
2013,Lakshadweep,Jhabua,5013,0
2013,Lakshadweep,Katni,797,0
2013,Lakshadweep,Khargone,3288,0
2013,Lakshadweep,Mandla,1034,0
2013,Lakshadweep,Mandsaur,313,0
2013,Lakshadweep,Morena,2656,2
2013,Lakshadweep,Narmadapuram,1938,0
2013,Lakshadweep,Narsinghpur,652,0
2013,Lakshadweep,Neemuch,198,0
2013,Lakshadweep,Panna,1628,0
2013,Lakshadweep,Raisen,793,1
2013,Lakshadweep,Rajgarh,719,0
2013,Lakshadweep,Ratlam,1935,0
2013,Lakshadweep,Rewa,791,0
2013,Lakshadweep,Sagar,1159,1
2013,Lakshadweep,Satna,1203,0
2013,Lakshadweep,Sehore,489,0
2013,Lakshadweep,Seoni,808,2
2013,Lakshadweep,Shahdol,765,0
2013,Lakshadweep,Shajapur,321,0
2013,Lakshadweep,Sheopur,3967,8
2013,Lakshadweep,Shivpuri,6052,1
2013,Lakshadweep,Sidhi,4203,3
2013,Lakshadweep,Singrauli,2688,0
2013,Lakshadweep,Tikamgarh,1937,4
2013,Lakshadweep,Ujjain,403,0
2013,Lakshadweep,Umaria,448,0
2013,Lakshadweep,Vidisha,712,0
2013,Lakshadweep,Ahmednagar,137,0
2013,Lakshadweep,Akola,149,0
2013,Lakshadweep,Amravati,767,1
2013,Lakshadweep,Aurangabad,106,0
2013,Lakshadweep,Beed,56,0
2013,Lakshadweep,Bhandara,172,0
2013,Lakshadweep,Buldhana,176,0
2013,Lakshadweep,Chandrapur,1429,5
2013,Lakshadweep,Dhule,605,2
2013,Lakshadweep,Gadchiroli,6436,6
2013,Lakshadweep,Gondia,594,4
2013,Lakshadweep,Hingoli,19,0
2013,Lakshadweep,Jalgaon,270,1
2013,Lakshadweep,Jalna,12,0
2013,Lakshadweep,Kolhapur,82,0
2013,Lakshadweep,Latur,69,1
2013,Lakshadweep,Mumbai,10565,30
2013,Lakshadweep,Nagpur,355,0
2013,Lakshadweep,Nagpur MC#,79,0
2013,Lakshadweep,Nanded,197,0
2013,Lakshadweep,Nandurbar,736,0
2013,Lakshadweep,Nashik,1015,4
2013,Lakshadweep,Osmanabad,30,0
2013,Lakshadweep,Parbhani,49,0
2013,Lakshadweep,Pune,329,1
2013,Lakshadweep,Pune MC#,47,0
2013,Lakshadweep,Raigad,4989,8
2013,Lakshadweep,Ratnagiri,604,0
2013,Lakshadweep,Sangli,111,0
2013,Lakshadweep,Satara,311,1
2013,Lakshadweep,Sindhudurg,206,0
2013,Lakshadweep,Solapur,71,0
2013,Lakshadweep,Thane,11522,16
2013,Lakshadweep,Wardha,456,0
2013,Lakshadweep,Washim,71,0
2013,Lakshadweep,Yavatmal,855,0
2013,Manipur,Bishnupur,0,0
2013,Manipur,Chandel,5,0
2013,Manipur,Churachandpur,33,0
2013,Manipur,Imphal East,4,0
2013,Manipur,Imphal Urban#,0,0
2013,Manipur,Imphal West,3,0
2013,Manipur,Jiribam,22,0
2013,Manipur,Kangpokpi,4,0
2013,Manipur,Senapati,1,0
2013,Manipur,Tamenglong,44,0
2013,Manipur,Thoubal,3,0
2013,Manipur,Ukhrul,1,0
2013,Meghalaya,East Garo Hills,10575,21
2013,Meghalaya,East Khasi Hills,592,7
2013,Meghalaya,Ri Bhoi,1741,10
2013,Meghalaya,South Garo Hills,4058,9
2013,Meghalaya,West Garo Hills,5371,5
2013,Meghalaya,West Jaintia Hills,475,3
2013,Meghalaya,West Khasi Hills,1915,7
2013,Mizoram,Aizawl,232,0
2013,Mizoram,Aizawl West#,312,2
2013,Mizoram,Champhai,92,1
2013,Mizoram,Kolasib,312,3
2013,Mizoram,Lawngtlai,4619,1
2013,Mizoram,Lunglei,3972,1
2013,Mizoram,Mamit,1649,9
2013,Mizoram,Saiha,488,1
2013,Mizoram,Serchhip,71,3
2013,Mizoram,Mon,22,0
2013,Mizoram,Dimapur,257,0
2013,Mizoram,Kiphire,70,0
2013,Mizoram,Kohima,325,0
2013,Mizoram,Longleng,185,0
2013,Mizoram,Mokokchung,572,0
2013,Mizoram,Peren,14,0
2013,Mizoram,Phek,339,0
2013,Mizoram,Tuensang,122,0
2013,Mizoram,UVBDS Dimapur#,166,0
2013,Mizoram,Wokha,107,1
2013,Mizoram,Zunheboto,106,0
2013,Odisha,Anugul,11533,5
2013,Odisha,Balangir,6752,8
2013,Odisha,Baleshwar,310,0
2013,Odisha,Bargarh,1493,4
2013,Odisha,Bhadrak,292,2
2013,Odisha,Boudh,1832,0
2013,Odisha,Cuttack,462,0
2013,Odisha,Deogarh,5308,1
2013,Odisha,Dhenkanal,2860,1
2013,Odisha,Gajapati,5594,0
2013,Odisha,Ganjam,5635,0
2013,Odisha,Jagatsinghapur,274,0
2013,Odisha,Jajapur,676,0
2013,Odisha,Jharsuguda,624,3
2013,Odisha,Kalahandi,20120,12
2013,Odisha,Kandhamal,18395,1
2013,Odisha,Kendrapara,109,0
2013,Odisha,Kendujhar,17134,2
2013,Odisha,Khordha,693,0
2013,Odisha,Koraput,25000,5
2013,Odisha,Malkangiri,11658,2
2013,Odisha,Mayurbhanj,7793,0
2013,Odisha,Nabarangpur,13515,3
2013,Odisha,Nayagarh,1458,1
2013,Odisha,Nuapada,6588,2
2013,Odisha,Puri,105,0
2013,Odisha,Rayagada,31514,2
2013,Odisha,Sambalpur,11846,1
2013,Odisha,Sonepur,1130,2
2013,Odisha,Sundargarh,18155,10
2013,Puducherry,Karaikal,27,0
2013,Puducherry,Mahe,1,0
2013,Puducherry,Pondicherry,87,0
2013,Puducherry,Yanam,12,0
2013,Puducherry,Amritsar,22,0
2013,Puducherry,Barnala,13,0
2013,Puducherry,Bathinda,160,0
2013,Puducherry,Faridkot,172,0
2013,Puducherry,Fatehgarh Sahib,5,0
2013,Puducherry,Fazilka,34,0
2013,Puducherry,Ferozepur,16,0
2013,Puducherry,Gurdaspur,24,0
2013,Puducherry,Hoshiarpur,27,0
2013,Puducherry,Jalandhar,32,0
2013,Puducherry,Kapurthala,5,0
2013,Puducherry,Ludhiana,210,0
2013,Puducherry,Mansa,503,0
2013,Puducherry,Moga,3,0
2013,Puducherry,Pathankot,0,0
2013,Puducherry,Patiala,79,0
2013,Puducherry,Rupnagar,6,0
2013,Puducherry,S.A.S Nagar,5,0
2013,Puducherry,Sangrur,57,0
2013,Puducherry,Shahid Bhagat Singh Nagar,88,0
2013,Puducherry,Sri Muktsar Sahib,242,0
2013,Puducherry,Tarn taran,57,0
2013,Rajasthan,Ajmer,729,0
2013,Rajasthan,Alwar,2322,1
2013,Rajasthan,Banswara,1337,0
2013,Rajasthan,Baran,917,1
2013,Rajasthan,Barmer,2864,0
2013,Rajasthan,Bharatpur,2993,1
2013,Rajasthan,Bhilwara,925,2
2013,Rajasthan,Bikaner,1983,0
2013,Rajasthan,Bundi,892,1
2013,Rajasthan,Chittorgarh,835,0
2013,Rajasthan,Churu,842,0
2013,Rajasthan,Dausa,481,2
2013,Rajasthan,Dholpur,1891,0
2013,Rajasthan,Dungarpur,735,0
2013,Rajasthan,Ganganagar,701,0
2013,Rajasthan,Hanumangarh,311,0
2013,Rajasthan,Jaipur,1001,0
2013,Rajasthan,Jaisalmer,549,0
2013,Rajasthan,Jalore,320,0
2013,Rajasthan,Jhalawar,176,0
2013,Rajasthan,Jhunjhunu,259,0
2013,Rajasthan,Jodhpur,1385,0
2013,Rajasthan,Karauli,779,0
2013,Rajasthan,Kota,391,0
2013,Rajasthan,Nagaur,1179,0
2013,Rajasthan,Pali,757,0
2013,Rajasthan,Pratapgarh,1047,0
2013,Rajasthan,Rajsamand,703,2
2013,Rajasthan,Sawai Madhopur,850,0
2013,Rajasthan,Sikar,237,0
2013,Rajasthan,Sirohi,413,0
2013,Rajasthan,Tonk,231,0
2013,Rajasthan,Udaipur,2104,5
2013,Sikkim,Gangtok,25,0
2013,Sikkim,Gyalshing,10,0
2013,Sikkim,Mangan,1,0
2013,Sikkim,Namchi,3,0
2013,Sikkim,Aranthangi#,12,0
2013,Sikkim,Ariyalur,6,0
2013,Sikkim,Chengalpattu,37,0
2013,Tamil Nadu,Chennai,8537,0
2013,Tamil Nadu,Cheyyar#,69,0
2013,Tamil Nadu,Coimbatore,27,0
2013,Tamil Nadu,Cuddalore,72,0
2013,Tamil Nadu,Dharapuram#,0,0
2013,Tamil Nadu,Dharmapuri,36,0
2013,Tamil Nadu,Dindigul,23,0
2013,Tamil Nadu,Erode,0,0
2013,Tamil Nadu,Kallakurichi,73,0
2013,Tamil Nadu,Kanchipuram,4,0
2013,Tamil Nadu,Kanniyakumari,1172,0
2013,Tamil Nadu,Karur,6,0
2013,Tamil Nadu,Kovilpatti#,120,0
2013,Tamil Nadu,Krishnagiri,19,0
2013,Tamil Nadu,Madurai,93,0
2013,Tamil Nadu,Nagapattinam,72,0
2013,Tamil Nadu,Namakkal,93,0
2013,Tamil Nadu,Palani#,16,0
2013,Tamil Nadu,Paramakudi#,308,0
2013,Tamil Nadu,Perambalur,3,0
2013,Tamil Nadu,Poonamallee#,0,0
2013,Tamil Nadu,Pudukkottai,7,0
2013,Tamil Nadu,Ramanathapuram,2208,0
2013,Tamil Nadu,Salem,30,0
2013,Tamil Nadu,Sivaganga,0,0
2013,Tamil Nadu,Sivakasi#,1,0
2013,Tamil Nadu,Tenkasi,14,0
2013,Tamil Nadu,Thanjavur,116,0
2013,Tamil Nadu,The Nilgiris,2,0
2013,Tamil Nadu,Theni,10,0
2013,Tamil Nadu,Thiruvallur,388,0
2013,Tamil Nadu,Thiruvarur,27,0
2013,Tamil Nadu,Tiruchirappalli,63,0
2013,Tamil Nadu,Tirunelveli,320,0
2013,Tamil Nadu,Tirupathur,103,0
2013,Tamil Nadu,Tiruppur,1,0
2013,Tamil Nadu,Tiruvannamalai,339,0
2013,Tamil Nadu,Tuticorin,147,0
2013,Tamil Nadu,Vellore,411,0
2013,Tamil Nadu,Villupuram,47,0
2013,Tamil Nadu,Virudhunagar,49,0
2013,Tripura,Dhalai,2561,1
2013,Tripura,Gomati,1890,1
2013,Tripura,Khowai,323,0
2013,Tripura,North Tripura,417,5
2013,Tripura,Sepahijala,113,0
2013,Tripura,South Tripura,1811,0
2013,Tripura,Unakoti,62,0
2013,Tripura,West Tripura,219,0
2013,Tripura,Agra,115,0
2013,Tripura,Aligarh,274,0
2013,Tripura,Ambedkar Nagar,39,0
2013,Tripura,Amethi,40,0
2013,Tripura,Amroha,397,0
2013,Tripura,Auraiya,797,0
2013,Tripura,Ayodhya,28,0
2013,Tripura,Azamgarh,30,0
2013,Tripura,Baghpat,304,0
2013,Tripura,Bahraich,63,0
2013,Tripura,Ballia,2,0
2013,Tripura,Balrampur,13,0
2013,Tripura,Banda,851,0
2013,Tripura,Barabanki,7,0
2013,Tripura,Bareilly,439,0
2013,Tripura,Basti,35,0
2013,Tripura,Bhadohi,1258,0
2013,Tripura,Bijnor,685,0
2013,Tripura,Budaun,612,0
2013,Tripura,Bulandshahr,495,0
2013,Tripura,Chandauli,136,0
2013,Tripura,Chitrakoot,720,0
2013,Tripura,Deoria,14,0
2013,Tripura,Etah,442,0
2013,Tripura,Etawah,353,0
2013,Tripura,Farrukhabad,574,0
2013,Tripura,Fatehpur,858,0
2013,Tripura,Firozabad,547,0
2013,Tripura,Gautam Buddha Nagar,674,0
2013,Tripura,Ghaziabad,251,0
2013,Tripura,Ghazipur,64,0
2013,Tripura,Gonda,57,0
2013,Tripura,Gorakhpur,2,0
2013,Tripura,Hamirpur,956,0
2013,Tripura,Hapur,293,0
2013,Tripura,Hardoi,76,0
2013,Tripura,Hathras,278,0
2013,Tripura,Jalaun,655,0
2013,Tripura,Jaunpur,241,0
2013,Tripura,Jhansi,719,0
2013,Tripura,Kannauj,407,0
2013,Tripura,Kanpur Dehat,679,0
2013,Tripura,Kanpur Nagar,356,0
2013,Tripura,Kasganj,217,0
2013,Tripura,Kaushambi,253,0
2013,Tripura,Kheri,276,0
2013,Tripura,Kushi Nagar,109,0
2013,Tripura,Lalitpur,470,0
2013,Tripura,Lucknow,125,0
2013,Tripura,Maharajganj,30,0
2013,Tripura,Mahoba,1531,0
2013,Tripura,Mainpuri,1099,0
2013,Tripura,Mathura,1044,0
2013,Tripura,Mau,2,0
2013,Tripura,Meerut,105,0
2013,Tripura,Mirzapur,4192,0
2013,Tripura,Moradabad,286,0
2013,Tripura,Muzaffarnagar,1594,0
2013,Tripura,Pilibhit,20,0
2013,Tripura,Pratapgarh,178,0
2013,Tripura,Prayagraj,6703,0
2013,Tripura,Rae Bareli,52,0
2013,Tripura,Rampur,327,0
2013,Tripura,Saharanpur,1746,0
2013,Tripura,Sambhal,104,0
2013,Tripura,Sant Kabeer Nagar,43,0
2013,Tripura,Shahjahanpur,14,0
2013,Tripura,Shamli,1213,0
2013,Tripura,Shravasti,21,0
2013,Tripura,Siddharth Nagar,218,0
2013,Tripura,Sitapur,6,0
2013,Tripura,Sonbhadra,9997,0
2013,Tripura,Sultanpur,160,0
2013,Tripura,Unnao,40,0
2013,Tripura,Varanasi,335,0
2013,Uttarakhand,Almora,21,0
2013,Uttarakhand,Bageshwar,3,0
2013,Uttarakhand,Chamoli,2,0
2013,Uttarakhand,Champawat,19,0
2013,Uttarakhand,Dehradun,720,0
2013,Uttarakhand,Haridwar,359,0
2013,Uttarakhand,Nainital,96,0
2013,Uttarakhand,Pauri Garhwal,36,0
2013,Uttarakhand,Pithoragarh,0,0
2013,Uttarakhand,Rudra Prayag,3,0
2013,Uttarakhand,Tehri Garhwal,7,0
2013,Uttarakhand,Udam Singh Nagar,160,0
2013,Uttarakhand,Uttar Kashi,0,0
2013,Uttarakhand,24 Paraganas North,581,0
2013,Uttarakhand,24 Paraganas South,624,0
2013,Uttarakhand,Bankura,988,3
2013,Uttarakhand,Bardhaman,75,3
2013,Uttarakhand,Birbhum,140,1
2013,Uttarakhand,Coochbehar,347,0
2013,Uttarakhand,Darjeeling,120,0
2013,Uttarakhand,Dinajpur Dakshin,121,0
2013,Uttarakhand,Dinajpur Uttar,124,0
2013,West Bengal,Hooghly,164,0
2013,West Bengal,Howrah,1777,0
2013,West Bengal,Jalpaiguri,394,1
2013,West Bengal,KMUHO#,530,0
2013,West Bengal,Kolkata,16828,0
2013,West Bengal,Maldah,1149,1
2013,West Bengal,Medinipur East,253,0
2013,West Bengal,Medinipur West,747,1
2013,West Bengal,Murshidabad,2041,2
2013,West Bengal,Nadia,640,0
2013,West Bengal,OS: (Jharkhand)^,0,1
2013,West Bengal,Purulia,1081,4
2013,West Bengal,Pvt. Hospital & Others#,5993,0
2014,Andaman And Nicobar Islands,Nicobars,425,0
2014,Andaman And Nicobar Islands,North And Middle Andaman,23,0
2014,Andaman And Nicobar Islands,South Andamans,109,0
2014,Andhra Pradesh,Anantapur,515,0
2014,Andhra Pradesh,Chittoor,108,0
2014,Andhra Pradesh,East Godavari,5246,0
2014,Andhra Pradesh,Guntur,428,0
2014,Andhra Pradesh,Krishna,412,0
2014,Andhra Pradesh,Kurnool,155,0
2014,Andhra Pradesh,Prakasam,499,0
2014,Andhra Pradesh,SPSR Nellore,229,0
2014,Andhra Pradesh,Srikakulam,903,0
2014,Andhra Pradesh,Visakhapatanam,8410,0
2014,Andhra Pradesh,Vizianagaram,2778,0
2014,Andhra Pradesh,West Godavari,987,0
2014,Andhra Pradesh,Y.S.R.,407,0
2014,Arunachal Pradesh,Anjaw,65,1
2014,Arunachal Pradesh,Changlang,730,0
2014,Arunachal Pradesh,Dibang Valley,54,0
2014,Arunachal Pradesh,East Kameng,313,0
2014,Arunachal Pradesh,East Siang,610,0
2014,Arunachal Pradesh,Kurung Kumey,198,0
2014,Arunachal Pradesh,Lohit,666,1
2014,Arunachal Pradesh,Longding,444,2
2014,Arunachal Pradesh,Lower Dibang Valley,680,4
2014,Arunachal Pradesh,Lower Subansiri,67,0
2014,Arunachal Pradesh,Papum Pare,259,0
2014,Arunachal Pradesh,Tirap,406,0
2014,Arunachal Pradesh,Upper Siang,253,0
2014,Arunachal Pradesh,Upper Subansiri,700,0
2014,Arunachal Pradesh,West Kameng,125,0
2014,Arunachal Pradesh,West Siang,512,1
2014,Arunachal Pradesh,Baksa,915,2
2014,Arunachal Pradesh,Barpeta,100,0
2014,Assam,Bongaigaon,57,0
2014,Assam,Cachar,211,0
2014,Assam,Chirang,631,0
2014,Assam,Darrang,34,0
2014,Assam,Dhemaji,57,0
2014,Assam,Dhubri,116,0
2014,Assam,Dibrugarh,30,0
2014,Assam,Dima Hasao,1581,2
2014,Assam,Goalpara,565,0
2014,Assam,Golaghat,78,0
2014,Assam,Hailakandi,406,0
2014,Assam,Jorhat,47,0
2014,Assam,Kamrup,181,0
2014,Assam,Kamrup Metro,437,3
2014,Assam,Karbi Anglong,4182,0
2014,Assam,Karimganj,293,2
2014,Assam,Kokrajhar,834,0
2014,Assam,Lakhimpur,276,0
2014,Assam,Marigaon,86,0
2014,Assam,Nagaon,134,0
2014,Assam,Nalbari,51,0
2014,Assam,Sivasagar,39,1
2014,Assam,Sonitpur,155,0
2014,Assam,Tinsukia,148,0
2014,Assam,Udalguri,2896,1
2014,Assam,Araria,35,0
2014,Assam,Arwal,0,0
2014,Assam,Aurangabad,321,0
2014,Assam,Banka,42,0
2014,Assam,Begusarai,0,0
2014,Assam,Bhagalpur,13,0
2014,Assam,Bhojpur,0,0
2014,Assam,Buxar,0,0
2014,Assam,Darbhanga,0,0
2014,Assam,Gaya,85,0
2014,Assam,Gopalganj,0,0
2014,Assam,Jamui,170,0
2014,Assam,Jehanabad,8,0
2014,Assam,Kaimur (Bhabua),22,0
2014,Assam,Katihar,61,0
2014,Assam,Khagaria,0,0
2014,Assam,Kishanganj,0,0
2014,Assam,Lakhisarai,209,0
2014,Assam,Madhepura,7,0
2014,Assam,Madhubani,92,0
2014,Assam,Munger,263,0
2014,Assam,Muzaffarpur,0,0
2014,Assam,Nalanda,1,0
2014,Assam,Nawada,241,0
2014,Assam,Pashchim Champaran,0,0
2014,Assam,Patna,4,0
2014,Assam,Purbi Champaran,0,0
2014,Assam,Purnia,279,0
2014,Assam,Rohtas,178,0
2014,Assam,Saharsa,0,0
2014,Assam,Samastipur,3,0
2014,Assam,Saran,6,0
2014,Assam,Sheikhpura,3,0
2014,Assam,Sheohar,0,0
2014,Assam,Sitamarhi,0,0
2014,Assam,Siwan,0,0
2014,Assam,Supaul,0,0
2014,Assam,Vaishali,0,0
2014,Chandigarh,Chandigarh,114,0
2014,Chhattisgarh,Balod,724,4
2014,Chhattisgarh,Baloda Bazar,574,2
2014,Chhattisgarh,Balrampur,6160,0
2014,Chhattisgarh,Bastar,11490,10
2014,Chhattisgarh,Bemetara,102,0
2014,Chhattisgarh,Bijapur,12515,11
2014,Chhattisgarh,Bilaspur,1159,0
2014,Chhattisgarh,Dantewada,16256,3
2014,Chhattisgarh,Dhamtari,824,1
2014,Chhattisgarh,Durg,2927,0
2014,Chhattisgarh,Gariyaband,2206,0
2014,Chhattisgarh,Janjgir-Champa,889,1
2014,Chhattisgarh,Jashpur,9622,0
2014,Chhattisgarh,Kabirdham,5014,0
2014,Chhattisgarh,Kanker,7877,0
2014,Chhattisgarh,Kondagaon,6087,10
2014,Chhattisgarh,Korba,8411,0
2014,Chhattisgarh,Korea,5719,0
2014,Chhattisgarh,Mahasamund,449,2
2014,Chhattisgarh,Mungeli,322,0
2014,Chhattisgarh,Narayanpur,4265,0
2014,Chhattisgarh,Raigarh,3717,0
2014,Chhattisgarh,Raipur,68,0
2014,Chhattisgarh,RajnandGaon,4483,1
2014,Chhattisgarh,Sukma,10336,4
2014,Chhattisgarh,Surajpur,3419,4
2014,Chhattisgarh,Surguja,3378,0
2014,D & N Haveli,Dadra And Nagar Haveli,669,1
2014,Daman & Diu,Daman,48,0
2014,Daman & Diu,Diu,8,0
2014,Delhi,New Delhi,98,0
2014,Goa,North Goa,458,0
2014,Goa,South Goa,366,0
2014,Gujarat,Ahmadabad,304,0
2014,Gujarat,Ahmadabad MC#,7152,8
2014,Gujarat,Amreli,826,0
2014,Gujarat,Anand,338,0
2014,Gujarat,Arvalli,126,0
2014,Gujarat,Banas kantha,731,0
2014,Gujarat,Bharuch,581,0
2014,Gujarat,Bhavnagar,333,0
2014,Gujarat,Bhavnagar MC#,182,0
2014,Gujarat,Botad,37,0
2014,Gujarat,Chhotaudepur,932,0
2014,Gujarat,Dang,528,0
2014,Gujarat,Devbhumi Dwarka,137,0
2014,Gujarat,Dohad,4475,0
2014,Gujarat,Gandhinagar,237,0
2014,Gujarat,Gandhinagar MC#,296,0
2014,Gujarat,Gir Somnath,203,0
2014,Gujarat,Jamnagar,281,0
2014,Gujarat,Jamnagar MC#,11,0
2014,Gujarat,Junagadh,471,0
2014,Gujarat,Junagadh MC#,88,2
2014,Gujarat,Kachchh,840,0
2014,Gujarat,Kheda,354,0
2014,Gujarat,Mahesana,671,1
2014,Gujarat,Mahisagar,346,0
2014,Gujarat,Morbi,2978,0
2014,Gujarat,Narmada,236,0
2014,Gujarat,Navsari,742,0
2014,Gujarat,Panch Mahals,1313,0
2014,Gujarat,Patan,850,0
2014,Gujarat,Porbandar,270,0
2014,Gujarat,Rajkot,796,0
2014,Gujarat,Rajkot MC#,106,0
2014,Gujarat,Sabar kantha,467,0
2014,Gujarat,Surat,646,1
2014,Gujarat,Surat MC#,7737,4
2014,Gujarat,Surendranagar,1203,0
2014,Gujarat,Tapi,228,0
2014,Gujarat,Vadodara,509,0
2014,Gujarat,Vadodara MC#,1233,0
2014,Gujarat,Valsad,1814,0
2014,Gujarat,Ambala,83,0
2014,Gujarat,Bhiwani,293,0
2014,Gujarat,Faridabad,135,0
2014,Gujarat,Fatehabad,368,0
2014,Gujarat,Gurugram,79,0
2014,Gujarat,Hisar,577,0
2014,Gujarat,Jhajjar,153,0
2014,Gujarat,Jind,52,0
2014,Haryana,Kaithal,40,0
2014,Haryana,Karnal,249,1
2014,Haryana,Kurukshetra,126,0
2014,Haryana,Mahendragarh,36,0
2014,Haryana,Nuh,301,0
2014,Haryana,Palwal,415,0
2014,Haryana,Panchkula,121,0
2014,Haryana,Panipat,109,0
2014,Haryana,Rewari,22,0
2014,Haryana,Rohtak,72,0
2014,Haryana,Sirsa,608,0
2014,Haryana,Sonipat,87,0
2014,Haryana,Yamunanagar,559,0
2014,Himachal Pradesh,Bilaspur,13,0
2014,Himachal Pradesh,Chamba,2,0
2014,Himachal Pradesh,Hamirpur,19,0
2014,Himachal Pradesh,Kangra,25,0
2014,Himachal Pradesh,Kullu,8,0
2014,Himachal Pradesh,Mandi,12,0
2014,Himachal Pradesh,Shimla,11,0
2014,Himachal Pradesh,Sirmaur,2,0
2014,Himachal Pradesh,Solan,9,0
2014,Himachal Pradesh,Una,1,0
2014,Jammu And Kashmir,Baramulla,0,0
2014,Jammu And Kashmir,Doda,0,0
2014,Jammu And Kashmir,Jammu,101,0
2014,Jammu And Kashmir,Kargil,0,0
2014,Jammu And Kashmir,Kathua,42,0
2014,Jammu And Kashmir,Kishtwar,0,0
2014,Jammu And Kashmir,Leh Ladakh,0,0
2014,Jammu And Kashmir,Poonch,48,0
2014,Jammu And Kashmir,Rajouri,53,0
2014,Jammu And Kashmir,Ramban,0,0
2014,Jammu And Kashmir,Reasi,3,0
2014,Jammu And Kashmir,Samba,15,0
2014,Jammu And Kashmir,Udhampur,9,0
2014,Jammu And Kashmir,UMCP Jammu#,20,0
2014,Jammu And Kashmir,Bokaro,4383,0
2014,Jammu And Kashmir,Chatra,3229,0
2014,Jammu And Kashmir,Deoghar,79,0
2014,Jammu And Kashmir,Dhanbad,2755,0
2014,Jammu And Kashmir,Dumka,1758,0
2014,Jammu And Kashmir,East Singhbum,3937,1
2014,Jammu And Kashmir,Garhwa,6161,0
2014,Jammu And Kashmir,Giridih,10517,0
2014,Jammu And Kashmir,Godda,3025,0
2014,Jammu And Kashmir,Gumla,2411,0
2014,Jammu And Kashmir,Hazaribagh,5698,0
2014,Jammu And Kashmir,Jamtara,35,0
2014,Jharkhand,Khunti,3214,0
2014,Jharkhand,Koderma,1698,0
2014,Jharkhand,Latehar,11068,0
2014,Jharkhand,Lohardaga,1558,0
2014,Jharkhand,Pakur,675,0
2014,Jharkhand,Palamu,9910,0
2014,Jharkhand,Ramgarh,1549,0
2014,Jharkhand,Ranchi,2649,0
2014,Jharkhand,Sahebganj,2691,0
2014,Jharkhand,Saraikela Kharsawan,3068,1
2014,Jharkhand,Simdega,5869,2
2014,Jharkhand,West Singhbhum,15798,4
2014,Karnataka,A.M.U. Almatti#,69,0
2014,Karnataka,A.M.U. B. Gudi#,24,0
2014,Karnataka,A.M.U. Kembhavi#,4,0
2014,Karnataka,Bagalkote,678,0
2014,Karnataka,Ballari,148,0
2014,Karnataka,Belagavi,57,0
2014,Karnataka,Bengaluru Rural,6,0
2014,Karnataka,Bengaluru Urban,16,0
2014,Karnataka,Bidar,119,0
2014,Karnataka,Chamarajanagara,68,0
2014,Karnataka,ChikkaBallaPura,9,0
2014,Karnataka,Chikkamagaluru,169,0
2014,Karnataka,Chitradurga,39,0
2014,Karnataka,Dakshina Kannada,8240,2
2014,Karnataka,Davangere,93,0
2014,Karnataka,Dharwad,200,0
2014,Karnataka,Gadag,544,0
2014,Karnataka,Hassan,68,0
2014,Karnataka,Haveri,377,0
2014,Karnataka,Kalaburagi,298,0
2014,Karnataka,Kodagu,32,0
2014,Karnataka,Kolar,52,0
2014,Karnataka,Koppal,580,0
2014,Karnataka,Mandya,27,0
2014,Karnataka,Mysuru,54,0
2014,Karnataka,Raichur,283,0
2014,Karnataka,Ramanagara,26,0
2014,Karnataka,Shivamogga,139,0
2014,Karnataka,Tumakuru,44,0
2014,Karnataka,U.K.P.N. PURA#,145,0
2014,Karnataka,Udupi,1639,0
2014,Karnataka,Uttara Kannada,187,0
2014,Karnataka,Vijayapura,183,0
2014,Karnataka,Yadgir,177,0
2014,Karnataka,Alappuzha,81,0
2014,Karnataka,Ernakulam,152,0
2014,Karnataka,Idukki,30,1
2014,Kerala,Kannur,186,1
2014,Kerala,Kasaragod,344,0
2014,Kerala,Kollam,78,1
2014,Kerala,Kottayam,51,0
2014,Kerala,Kozhikode,195,0
2014,Kerala,Malappuram,230,2
2014,Kerala,Palakkad,67,0
2014,Kerala,Pathanamthitta,89,0
2014,Kerala,Thiruvananthapuram,82,0
2014,Kerala,Thrissur,148,1
2014,Kerala,Wayanad,18,0
2014,Lakshadweep,Lakshadweep District,0,0
2014,Lakshadweep,Alirajpur,2257,0
2014,Lakshadweep,Anuppur,1620,0
2014,Lakshadweep,Ashoknagar,994,0
2014,Lakshadweep,Balaghat,7601,7
2014,Lakshadweep,Barwani,922,0
2014,Lakshadweep,Betul,4246,0
2014,Lakshadweep,Bhind,3939,0
2014,Lakshadweep,Bhopal,876,0
2014,Lakshadweep,Burhanpur,648,0
2014,Lakshadweep,Chhatarpur,909,0
2014,Lakshadweep,Chhindwara,4020,0
2014,Lakshadweep,Damoh,602,0
2014,Lakshadweep,Datia,1722,0
2014,Lakshadweep,Dewas,187,0
2014,Lakshadweep,Dhar,2933,1
2014,Lakshadweep,Dindori,3243,1
2014,Lakshadweep,East Nimar,1166,0
2014,Lakshadweep,Guna,1432,1
2014,Lakshadweep,Gwalior,1802,0
2014,Lakshadweep,Harda,276,0
2014,Lakshadweep,Indore,89,0
2014,Lakshadweep,Jabalpur,350,0
2014,Lakshadweep,Jhabua,8705,0
2014,Lakshadweep,Katni,659,0
2014,Lakshadweep,Khargone,2203,0
2014,Lakshadweep,Mandla,3007,2
2014,Lakshadweep,Mandsaur,264,0
2014,Lakshadweep,Morena,2156,0
2014,Lakshadweep,Narmadapuram,2973,0
2014,Lakshadweep,Narsinghpur,1303,0
2014,Lakshadweep,Neemuch,103,0
2014,Lakshadweep,Panna,1332,0
2014,Lakshadweep,Raisen,870,0
2014,Lakshadweep,Rajgarh,553,0
2014,Lakshadweep,Ratlam,2553,0
2014,Lakshadweep,Rewa,979,0
2014,Lakshadweep,Sagar,1260,0
2014,Lakshadweep,Satna,1221,0
2014,Lakshadweep,Sehore,449,1
2014,Lakshadweep,Seoni,1569,0
2014,Lakshadweep,Shahdol,773,0
2014,Lakshadweep,Shajapur,207,0
2014,Lakshadweep,Sheopur,4606,6
2014,Lakshadweep,Shivpuri,7827,0
2014,Lakshadweep,Sidhi,4315,3
2014,Lakshadweep,Singrauli,2075,0
2014,Lakshadweep,Tikamgarh,1220,4
2014,Lakshadweep,Ujjain,303,0
2014,Lakshadweep,Umaria,691,0
2014,Lakshadweep,Vidisha,869,0
2014,Maharashtra,Ahmednagar,101,0
2014,Maharashtra,Akola,196,0
2014,Maharashtra,Amravati,578,0
2014,Maharashtra,Aurangabad,91,0
2014,Maharashtra,Beed,48,0
2014,Maharashtra,Bhandara,93,0
2014,Maharashtra,Buldhana,208,0
2014,Maharashtra,Chandrapur,1965,5
2014,Maharashtra,Dhule,410,1
2014,Maharashtra,Gadchiroli,24469,18
2014,Maharashtra,Gondia,1465,9
2014,Maharashtra,Hingoli,11,0
2014,Maharashtra,Jalgaon,312,0
2014,Maharashtra,Jalna,14,0
2014,Maharashtra,Kolhapur,94,0
2014,Maharashtra,Latur,57,1
2014,Maharashtra,Mumbai,9068,18
2014,Maharashtra,Nagpur,285,0
2014,Maharashtra,Nagpur MC#,48,0
2014,Maharashtra,Nanded,110,0
2014,Maharashtra,Nandurbar,644,1
2014,Maharashtra,Nashik,408,0
2014,Maharashtra,Osmanabad,11,0
2014,Maharashtra,Parbhani,38,0
2014,Maharashtra,Pune,231,1
2014,Maharashtra,Pune MC#,22,3
2014,Maharashtra,Raigad,3254,0
2014,Maharashtra,Ratnagiri,309,0
2014,Maharashtra,Sangli,92,0
2014,Maharashtra,Satara,260,0
2014,Maharashtra,Sindhudurg,142,0
2014,Maharashtra,Solapur,32,1
2014,Maharashtra,Thane,7503,10
2014,Maharashtra,Wardha,242,0
2014,Maharashtra,Washim,76,0
2014,Maharashtra,Yavatmal,498,0
2014,Manipur,Bishnupur,2,0
2014,Manipur,Chandel,16,0
2014,Manipur,Churachandpur,57,0
2014,Manipur,Imphal East,4,0
2014,Manipur,Imphal Urban#,2,0
2014,Manipur,Imphal West,4,0
2014,Manipur,Jiribam,11,0
2014,Manipur,Kangpokpi,4,0
2014,Manipur,Senapati,2,0
2014,Manipur,Tamenglong,31,0
2014,Manipur,Thoubal,10,0
2014,Manipur,Ukhrul,2,0
2014,Meghalaya,East Garo Hills,14545,28
2014,Meghalaya,East Khasi Hills,426,6
2014,Meghalaya,Ri Bhoi,1436,7
2014,Meghalaya,South Garo Hills,5417,8
2014,Meghalaya,West Garo Hills,11525,6
2014,Meghalaya,West Jaintia Hills,1153,6
2014,Meghalaya,West Khasi Hills,4666,12
2014,Mizoram,Aizawl,509,2
2014,Mizoram,Aizawl West#,714,5
2014,Mizoram,Champhai,82,2
2014,Mizoram,Kolasib,864,3
2014,Mizoram,Lawngtlai,8890,3
2014,Mizoram,Lunglei,6020,7
2014,Mizoram,Mamit,5066,7
2014,Mizoram,Saiha,822,0
2014,Mizoram,Serchhip,178,2
2014,Nagaland,Mon,48,0
2014,Nagaland,Dimapur,98,0
2014,Nagaland,Kiphire,38,0
2014,Nagaland,Kohima,157,2
2014,Nagaland,Longleng,188,0
2014,Nagaland,Mokokchung,562,0
2014,Nagaland,Peren,70,0
2014,Nagaland,Phek,82,0
2014,Nagaland,Tuensang,106,0
2014,Nagaland,UVBDS Dimapur#,233,0
2014,Nagaland,Wokha,205,0
2014,Nagaland,Zunheboto,149,0
2014,Nagaland,Anugul,27600,7
2014,Nagaland,Balangir,11492,7
2014,Nagaland,Baleshwar,800,2
2014,Nagaland,Bargarh,2135,1
2014,Nagaland,Bhadrak,324,0
2014,Nagaland,Boudh,6835,3
2014,Nagaland,Cuttack,1466,0
2014,Nagaland,Deogarh,5002,2
2014,Nagaland,Dhenkanal,5200,1
2014,Odisha,Gajapati,8979,0
2014,Odisha,Ganjam,17492,3
2014,Odisha,Jagatsinghapur,295,0
2014,Odisha,Jajapur,894,0
2014,Odisha,Jharsuguda,1437,1
2014,Odisha,Kalahandi,29533,6
2014,Odisha,Kandhamal,30823,7
2014,Odisha,Kendrapara,181,0
2014,Odisha,Kendujhar,27822,4
2014,Odisha,Khordha,991,0
2014,Odisha,Koraput,37247,4
2014,Odisha,Malkangiri,18687,10
2014,Odisha,Mayurbhanj,31563,3
2014,Odisha,Nabarangpur,20310,5
2014,Odisha,Nayagarh,7192,1
2014,Odisha,Nuapada,7060,6
2014,Odisha,Puri,170,0
2014,Odisha,Rayagada,41745,5
2014,Odisha,Sambalpur,20483,1
2014,Odisha,Sonepur,3202,0
2014,Odisha,Sundargarh,28075,10
2014,Puducherry,Karaikal,22,0
2014,Puducherry,Mahe,3,0
2014,Puducherry,Pondicherry,50,0
2014,Puducherry,Yanam,4,0
2014,Punjab,Amritsar,53,0
2014,Punjab,Barnala,20,0
2014,Punjab,Bathinda,185,0
2014,Punjab,Faridkot,106,0
2014,Punjab,Fatehgarh Sahib,1,0
2014,Punjab,Fazilka,21,0
2014,Punjab,Ferozepur,10,0
2014,Punjab,Gurdaspur,14,0
2014,Punjab,Hoshiarpur,22,0
2014,Punjab,Jalandhar,10,0
2014,Punjab,Kapurthala,2,0
2014,Punjab,Ludhiana,85,0
2014,Punjab,Mansa,194,0
2014,Punjab,Moga,9,0
2014,Punjab,Pathankot,4,0
2014,Punjab,Patiala,43,0
2014,Punjab,Rupnagar,1,0
2014,Punjab,S.A.S Nagar,7,0
2014,Punjab,Sangrur,29,0
2014,Punjab,Shahid Bhagat Singh Nagar,29,0
2014,Punjab,Sri Muktsar Sahib,153,0
2014,Punjab,Tarn taran,38,0
2014,Punjab,Ajmer,314,0
2014,Rajasthan,Alwar,882,0
2014,Rajasthan,Banswara,629,0
2014,Rajasthan,Baran,711,0
2014,Rajasthan,Barmer,726,0
2014,Rajasthan,Bharatpur,891,1
2014,Rajasthan,Bhilwara,537,0
2014,Rajasthan,Bikaner,648,1
2014,Rajasthan,Bundi,384,0
2014,Rajasthan,Chittorgarh,529,0
2014,Rajasthan,Churu,298,0
2014,Rajasthan,Dausa,230,0
2014,Rajasthan,Dholpur,670,0
2014,Rajasthan,Dungarpur,653,0
2014,Rajasthan,Ganganagar,525,0
2014,Rajasthan,Hanumangarh,228,0
2014,Rajasthan,Jaipur,457,0
2014,Rajasthan,Jaisalmer,92,0
2014,Rajasthan,Jalore,176,0
2014,Rajasthan,Jhalawar,149,0
2014,Rajasthan,Jhunjhunu,114,0
2014,Rajasthan,Jodhpur,602,0
2014,Rajasthan,Karauli,241,1
2014,Rajasthan,Kota,411,0
2014,Rajasthan,Nagaur,526,0
2014,Rajasthan,OS: (Gujarat)^,0,1
2014,Rajasthan,Pali,383,0
2014,Rajasthan,Pratapgarh,567,0
2014,Rajasthan,Rajsamand,743,0
2014,Rajasthan,Sawai Madhopur,355,0
2014,Rajasthan,Sikar,57,0
2014,Rajasthan,Sirohi,170,0
2014,Rajasthan,Tonk,140,0
2014,Rajasthan,Udaipur,1080,0
2014,Sikkim,Gangtok,19,0
2014,Sikkim,Gyalshing,3,0
2014,Sikkim,Mangan,10,0
2014,Sikkim,Namchi,3,0
2014,Sikkim,Aranthangi#,252,0
2014,Sikkim,Ariyalur,11,0
2014,Sikkim,Chengalpattu,35,0
2014,Sikkim,Chennai,4669,0
2014,Sikkim,Cheyyar#,42,0
2014,Sikkim,Coimbatore,17,0
2014,Sikkim,Cuddalore,57,0
2014,Sikkim,Dharmapuri,90,0
2014,Sikkim,Dindigul,14,0
2014,Sikkim,Erode,0,0
2014,Sikkim,Kallakurichi,21,0
2014,Sikkim,Kanchipuram,9,0
2014,Tamil Nadu,Kanniyakumari,366,0
2014,Tamil Nadu,Karur,6,0
2014,Tamil Nadu,Kovilpatti#,103,0
2014,Tamil Nadu,Krishnagiri,15,0
2014,Tamil Nadu,Madurai,67,0
2014,Tamil Nadu,Nagapattinam,69,0
2014,Tamil Nadu,Namakkal,32,0
2014,Tamil Nadu,Palani#,13,0
2014,Tamil Nadu,Paramakudi#,508,0
2014,Tamil Nadu,Perambalur,4,0
2014,Tamil Nadu,Poonamallee#,0,0
2014,Tamil Nadu,Pudukkottai,16,0
2014,Tamil Nadu,Ramanathapuram,1357,0
2014,Tamil Nadu,Salem,9,0
2014,Tamil Nadu,Sivaganga,1,0
2014,Tamil Nadu,Sivakasi#,3,0
2014,Tamil Nadu,Tenkasi,15,0
2014,Tamil Nadu,Thanjavur,43,0
2014,Tamil Nadu,The Nilgiris,2,0
2014,Tamil Nadu,Theni,13,0
2014,Tamil Nadu,Thiruvallur,157,0
2014,Tamil Nadu,Thiruvarur,15,0
2014,Tamil Nadu,Tiruchirappalli,49,0
2014,Tamil Nadu,Tirunelveli,31,0
2014,Tamil Nadu,Tirupathur,34,0
2014,Tamil Nadu,Tiruppur,12,0
2014,Tamil Nadu,Tiruvannamalai,171,0
2014,Tamil Nadu,Tuticorin,97,0
2014,Tamil Nadu,Vellore,244,0
2014,Tamil Nadu,Villupuram,37,0
2014,Tamil Nadu,Virudhunagar,23,0
2014,Telangana,Adilabad,1498,0
2014,Telangana,Hyderabad,116,0
2014,Telangana,Karimnagar,202,0
2014,Telangana,Khammam,2990,0
2014,Telangana,Mahabubnagar,85,0
2014,Telangana,Medak,54,0
2014,Telangana,Nalgonda,19,0
2014,Telangana,Nizamabad,72,0
2014,Telangana,Ranga Reddy,32,0
2014,Telangana,Warangal,121,0
2014,Tripura,Dhalai,21332,53
2014,Tripura,Gomati,10999,5
2014,Tripura,Khowai,2394,3
2014,Tripura,North Tripura,4023,20
2014,Tripura,Sepahijala,382,1
2014,Tripura,South Tripura,10449,12
2014,Tripura,Unakoti,817,1
2014,Tripura,West Tripura,844,1
2014,Tripura,Agra,91,0
2014,Tripura,Aligarh,647,0
2014,Tripura,Ambedkar Nagar,19,0
2014,Tripura,Amethi,56,0
2014,Tripura,Amroha,171,0
2014,Tripura,Auraiya,313,0
2014,Tripura,Ayodhya,30,0
2014,Tripura,Azamgarh,19,0
2014,Tripura,Baghpat,135,0
2014,Tripura,Bahraich,17,0
2014,Tripura,Ballia,1,0
2014,Tripura,Balrampur,15,0
2014,Tripura,Banda,430,0
2014,Tripura,Barabanki,4,0
2014,Tripura,Bareilly,146,0
2014,Tripura,Basti,33,0
2014,Tripura,Bhadohi,1372,0
2014,Tripura,Bijnor,494,0
2014,Tripura,Budaun,356,0
2014,Tripura,Bulandshahr,433,0
2014,Tripura,Chandauli,78,0
2014,Tripura,Chitrakoot,764,0
2014,Tripura,Deoria,15,0
2014,Tripura,Etah,439,0
2014,Tripura,Etawah,204,0
2014,Tripura,Farrukhabad,490,0
2014,Tripura,Fatehpur,594,0
2014,Tripura,Firozabad,135,0
2014,Tripura,Gautam Buddha Nagar,427,0
2014,Tripura,Ghaziabad,247,0
2014,Tripura,Ghazipur,51,0
2014,Tripura,Gonda,42,0
2014,Tripura,Gorakhpur,1,0
2014,Tripura,Hamirpur,501,0
2014,Tripura,Hapur,369,0
2014,Tripura,Hardoi,47,0
2014,Tripura,Hathras,277,0
2014,Tripura,Jalaun,508,0
2014,Tripura,Jaunpur,324,0
2014,Tripura,Jhansi,483,0
2014,Tripura,Kannauj,238,0
2014,Tripura,Kanpur Dehat,294,0
2014,Tripura,Kanpur Nagar,166,0
2014,Tripura,Kasganj,407,0
2014,Tripura,Kaushambi,445,0
2014,Tripura,Kheri,372,0
2014,Tripura,Kushi Nagar,82,0
2014,Tripura,Lalitpur,331,0
2014,Tripura,Lucknow,57,0
2014,Tripura,Maharajganj,21,0
2014,Tripura,Mahoba,655,0
2014,Tripura,Mainpuri,107,0
2014,Tripura,Mathura,124,0
2014,Tripura,Mau,9,0
2014,Tripura,Meerut,83,0
2014,Tripura,Mirzapur,4396,0
2014,Tripura,Moradabad,168,0
2014,Tripura,Muzaffarnagar,1440,0
2014,Tripura,Pilibhit,3,0
2014,Tripura,Pratapgarh,113,0
2014,Tripura,Prayagraj,5735,0
2014,Tripura,Rae Bareli,40,0
2014,Tripura,Rampur,284,0
2014,Tripura,Saharanpur,2449,0
2014,Tripura,Sambhal,164,0
2014,Tripura,Sant Kabeer Nagar,48,0
2014,Tripura,Shahjahanpur,18,0
2014,Tripura,Shamli,466,0
2014,Tripura,Shravasti,35,0
2014,Tripura,Siddharth Nagar,258,0
2014,Tripura,Sitapur,5,0
2014,Tripura,Sonbhadra,11312,0
2014,Tripura,Sultanpur,156,0
2014,Tripura,Unnao,23,0
2014,Tripura,Varanasi,330,0
2014,Uttarakhand,Almora,12,0
2014,Uttarakhand,Bageshwar,2,0
2014,Uttarakhand,Chamoli,7,0
2014,Uttarakhand,Champawat,4,0
2014,Uttarakhand,Dehradun,311,0
2014,Uttarakhand,Haridwar,617,0
2014,Uttarakhand,Nainital,92,0
2014,Uttarakhand,Pauri Garhwal,14,0
2014,Uttarakhand,Pithoragarh,0,0
2014,Uttarakhand,Rudra Prayag,0,0
2014,Uttarakhand,Tehri Garhwal,9,0
2014,Uttarakhand,Udam Singh Nagar,103,0
2014,Uttarakhand,Uttar Kashi,0,0
2014,Uttarakhand,24 Paraganas North,666,0
2014,Uttarakhand,24 Paraganas South,368,0
2014,Uttarakhand,Bankura,1339,10
2014,Uttarakhand,Bardhaman,176,9
2014,Uttarakhand,Birbhum,230,1
2014,Uttarakhand,Coochbehar,311,0
2014,Uttarakhand,Darjeeling,180,0
2014,Uttarakhand,Dinajpur Dakshin,246,0
2014,Uttarakhand,Dinajpur Uttar,190,0
2014,West Bengal,Hooghly,229,0
2014,West Bengal,Howrah,1607,1
2014,West Bengal,Jalpaiguri,527,2
2014,West Bengal,KMUHO#,280,0
2014,West Bengal,Kolkata,9445,0
2014,West Bengal,Maldah,1274,3
2014,West Bengal,Medinipur East,283,0
2014,West Bengal,Medinipur West,980,19
2014,West Bengal,Murshidabad,2329,13
2014,West Bengal,Nadia,557,3
2014,West Bengal,OS: (Jharkhand)^,0,1
2014,West Bengal,Purulia,2207,4
2014,West Bengal,Pvt. Hospital & Others#,3060,0
2015,Andaman And Nicobar Islands,Nicobars,267,0
2015,Andaman And Nicobar Islands,North And Middle Andaman,14,0
2015,Andaman And Nicobar Islands,South Andamans,128,0
2015,Andhra Pradesh,Anantapur,559,0
2015,Andhra Pradesh,Chittoor,74,0
2015,Andhra Pradesh,East Godavari,6806,0
2015,Andhra Pradesh,Guntur,413,0
2015,Andhra Pradesh,Krishna,521,0
2015,Andhra Pradesh,Kurnool,402,0
2015,Andhra Pradesh,Prakasam,466,0
2015,Andhra Pradesh,SPSR Nellore,186,0
2015,Andhra Pradesh,Srikakulam,1143,0
2015,Andhra Pradesh,Visakhapatanam,10197,0
2015,Andhra Pradesh,Vizianagaram,3241,0
2015,Andhra Pradesh,West Godavari,682,0
2015,Andhra Pradesh,Y.S.R.,352,0
2015,Arunachal Pradesh,Anjaw,29,0
2015,Arunachal Pradesh,Changlang,587,2
2015,Arunachal Pradesh,Dibang Valley,16,0
2015,Arunachal Pradesh,East Kameng,240,0
2015,Arunachal Pradesh,East Siang,501,0
2015,Arunachal Pradesh,Kurung Kumey,87,0
2015,Arunachal Pradesh,Lohit,610,0
2015,Arunachal Pradesh,Longding,210,0
2015,Arunachal Pradesh,Lower Dibang Valley,467,4
2015,Arunachal Pradesh,Lower Subansiri,81,1
2015,Arunachal Pradesh,Papum Pare,303,0
2015,Arunachal Pradesh,Tirap,784,0
2015,Arunachal Pradesh,Upper Siang,101,0
2015,Arunachal Pradesh,Upper Subansiri,507,0
2015,Arunachal Pradesh,West Kameng,78,0
2015,Arunachal Pradesh,West Siang,487,0
2015,Arunachal Pradesh,Baksa,883,0
2015,Arunachal Pradesh,Barpeta,75,0
2015,Assam,Bongaigaon,60,1
2015,Assam,Cachar,167,0
2015,Assam,Chirang,1185,0
2015,Assam,Darrang,27,0
2015,Assam,Dhemaji,65,0
2015,Assam,Dhubri,90,0
2015,Assam,Dibrugarh,42,0
2015,Assam,Dima Hasao,1107,1
2015,Assam,Goalpara,732,0
2015,Assam,Golaghat,54,0
2015,Assam,Hailakandi,249,0
2015,Assam,Jorhat,42,0
2015,Assam,Kamrup,195,1
2015,Assam,Kamrup Metro,106,0
2015,Assam,Karbi Anglong,3695,1
2015,Assam,Karimganj,230,0
2015,Assam,Kokrajhar,3140,0
2015,Assam,Lakhimpur,202,0
2015,Assam,Marigaon,106,0
2015,Assam,Nagaon,289,0
2015,Assam,Nalbari,34,0
2015,Assam,Sivasagar,22,0
2015,Assam,Sonitpur,192,0
2015,Assam,Tinsukia,176,0
2015,Assam,Udalguri,2392,0
2015,Assam,Araria,33,0
2015,Assam,Arwal,0,0
2015,Assam,Aurangabad,485,1
2015,Assam,Banka,7,0
2015,Assam,Begusarai,1,0
2015,Assam,Bhagalpur,16,0
2015,Assam,Bhojpur,7,0
2015,Assam,Buxar,0,0
2015,Assam,Darbhanga,0,0
2015,Assam,Gaya,1284,0
2015,Assam,Gopalganj,1,0
2015,Assam,Jamui,215,0
2015,Assam,Jehanabad,0,0
2015,Assam,Kaimur (Bhabua),1,0
2015,Assam,Katihar,97,0
2015,Assam,Khagaria,0,0
2015,Assam,Kishanganj,0,0
2015,Assam,Lakhisarai,117,0
2015,Assam,Madhepura,12,0
2015,Assam,Madhubani,54,0
2015,Assam,Munger,957,0
2015,Assam,Muzaffarpur,0,0
2015,Assam,Nalanda,6,0
2015,Assam,Nawada,146,0
2015,Assam,Pashchim Champaran,0,0
2015,Assam,Patna,13,0
2015,Assam,Purbi Champaran,0,0
2015,Assam,Purnia,129,0
2015,Assam,Rohtas,403,0
2015,Assam,Saharsa,2,0
2015,Assam,Samastipur,5,0
2015,Assam,Saran,7,0
2015,Assam,Sheikhpura,3,0
2015,Assam,Sheohar,0,0
2015,Assam,Sitamarhi,0,0
2015,Assam,Siwan,0,0
2015,Assam,Supaul,5,0
2015,Assam,Vaishali,0,0
2015,Chandigarh,Chandigarh,152,1
2015,Chhattisgarh,Balod,1258,4
2015,Chhattisgarh,Baloda Bazar,1515,0
2015,Chhattisgarh,Balrampur,8460,0
2015,Chhattisgarh,Bastar,11480,4
2015,Chhattisgarh,Bemetara,101,0
2015,Chhattisgarh,Bijapur,17761,2
2015,Chhattisgarh,Bilaspur,969,0
2015,Chhattisgarh,Dantewada,17955,3
2015,Chhattisgarh,Dhamtari,1772,2
2015,Chhattisgarh,Durg,2287,1
2015,Chhattisgarh,Gariyaband,2088,0
2015,Chhattisgarh,Janjgir-Champa,588,1
2015,Chhattisgarh,Jashpur,7445,0
2015,Chhattisgarh,Kabirdham,7175,0
2015,Chhattisgarh,Kanker,12818,0
2015,Chhattisgarh,Kondagaon,9102,3
2015,Chhattisgarh,Korba,5169,0
2015,Chhattisgarh,Korea,5034,0
2015,Chhattisgarh,Mahasamund,774,0
2015,Chhattisgarh,Mungeli,406,0
2015,Chhattisgarh,Narayanpur,4659,0
2015,Chhattisgarh,Raigarh,2046,1
2015,Chhattisgarh,Raipur,99,0
2015,Chhattisgarh,RajnandGaon,3460,0
2015,Chhattisgarh,Sukma,16238,0
2015,Chhattisgarh,Surajpur,2355,0
2015,Chhattisgarh,Surguja,1872,0
2015,D & N Haveli,Dadra And Nagar Haveli,418,0
2015,Daman & Diu,Daman,73,0
2015,Daman & Diu,Diu,11,0
2015,Delhi,New Delhi,54,0
2015,Goa,North Goa,379,0
2015,Goa,South Goa,272,1
2015,Gujarat,Ahmadabad,252,1
2015,Gujarat,Ahmadabad MC#,7354,5
2015,Gujarat,Amreli,983,0
2015,Gujarat,Anand,727,0
2015,Gujarat,Arvalli,167,0
2015,Gujarat,Banas kantha,1061,0
2015,Gujarat,Bharuch,494,0
2015,Gujarat,Bhavnagar,350,0
2015,Gujarat,Bhavnagar MC#,219,0
2015,Gujarat,Botad,60,0
2015,Gujarat,Chhotaudepur,1291,0
2015,Gujarat,Dang,325,0
2015,Gujarat,Devbhumi Dwarka,98,0
2015,Gujarat,Dohad,4344,0
2015,Gujarat,Gandhinagar,205,0
2015,Gujarat,Gandhinagar MC#,114,0
2015,Gujarat,Gir Somnath,422,0
2015,Gujarat,Jamnagar,278,0
2015,Gujarat,Jamnagar MC#,11,0
2015,Gujarat,Junagadh,518,0
2015,Gujarat,Junagadh MC#,91,0
2015,Gujarat,Kachchh,932,0
2015,Gujarat,Kheda,510,0
2015,Gujarat,Mahesana,468,0
2015,Gujarat,Mahisagar,357,0
2015,Gujarat,Morbi,1426,0
2015,Gujarat,Narmada,278,0
2015,Gujarat,Navsari,1026,0
2015,Gujarat,Panch Mahals,1524,0
2015,Gujarat,Patan,679,0
2015,Gujarat,Porbandar,228,0
2015,Gujarat,Rajkot,782,0
2015,Gujarat,Rajkot MC#,196,0
2015,Gujarat,Sabar kantha,774,0
2015,Gujarat,Surat,761,0
2015,Gujarat,Surat MC#,7513,1
2015,Gujarat,Surendranagar,1254,0
2015,Gujarat,Tapi,198,0
2015,Gujarat,Vadodara,663,0
2015,Gujarat,Vadodara MC#,1786,0
2015,Gujarat,Valsad,847,0
2015,Gujarat,Ambala,112,0
2015,Gujarat,Bhiwani,143,0
2015,Gujarat,Faridabad,109,0
2015,Gujarat,Fatehabad,107,0
2015,Gujarat,Gurugram,66,0
2015,Gujarat,Hisar,199,0
2015,Gujarat,Jhajjar,82,0
2015,Gujarat,Jind,45,0
2015,Haryana,Kaithal,22,0
2015,Haryana,Karnal,255,0
2015,Haryana,Kurukshetra,195,0
2015,Haryana,Mahendragarh,32,0
2015,Haryana,Nuh,6380,3
2015,Haryana,Palwal,406,0
2015,Haryana,Panchkula,104,0
2015,Haryana,Panipat,91,0
2015,Haryana,Rewari,32,0
2015,Haryana,Rohtak,92,0
2015,Haryana,Sirsa,150,0
2015,Haryana,Sonipat,82,0
2015,Haryana,Yamunanagar,604,0
2015,Himachal Pradesh,Bilaspur,6,0
2015,Himachal Pradesh,Chamba,2,0
2015,Himachal Pradesh,Hamirpur,23,0
2015,Himachal Pradesh,Kangra,17,0
2015,Himachal Pradesh,Kullu,3,0
2015,Himachal Pradesh,Mandi,1,0
2015,Himachal Pradesh,Shimla,7,0
2015,Himachal Pradesh,Sirmaur,0,0
2015,Himachal Pradesh,Solan,1,0
2015,Himachal Pradesh,Una,0,0
2015,Jammu And Kashmir,Baramulla,0,0
2015,Jammu And Kashmir,Doda,2,0
2015,Jammu And Kashmir,Jammu,74,0
2015,Jammu And Kashmir,Kathua,36,0
2015,Jammu And Kashmir,Kishtwar,0,0
2015,Jammu And Kashmir,Poonch,42,0
2015,Jammu And Kashmir,Rajouri,20,0
2015,Jammu And Kashmir,Ramban,2,0
2015,Jammu And Kashmir,Reasi,9,0
2015,Jammu And Kashmir,Samba,8,0
2015,Jammu And Kashmir,Udhampur,3,0
2015,Jammu And Kashmir,UMCP Jammu#,20,0
2015,Jammu And Kashmir,Bokaro,5088,0
2015,Jammu And Kashmir,Chatra,3409,0
2015,Jammu And Kashmir,Deoghar,120,0
2015,Jammu And Kashmir,Dhanbad,2354,0
2015,Jammu And Kashmir,Dumka,2891,1
2015,Jammu And Kashmir,East Singhbum,3162,1
2015,Jammu And Kashmir,Garhwa,3116,0
2015,Jammu And Kashmir,Giridih,7222,0
2015,Jammu And Kashmir,Godda,5368,0
2015,Jammu And Kashmir,Gumla,2657,0
2015,Jammu And Kashmir,Hazaribagh,4924,0
2015,Jammu And Kashmir,Jamtara,35,0
2015,Jammu And Kashmir,Khunti,3886,0
2015,Jammu And Kashmir,Koderma,1449,0
2015,Jammu And Kashmir,Latehar,13149,1
2015,Jammu And Kashmir,Lohardaga,2131,0
2015,Jammu And Kashmir,Pakur,1592,0
2015,Jammu And Kashmir,Palamu,8925,1
2015,Jammu And Kashmir,Ramgarh,1835,0
2015,Jammu And Kashmir,Ranchi,3305,0
2015,Jammu And Kashmir,Sahebganj,3511,0
2015,Jammu And Kashmir,Saraikela Kharsawan,2913,0
2015,Jammu And Kashmir,Simdega,5012,0
2015,Jammu And Kashmir,West Singhbhum,16746,2
2015,Karnataka,A.M.U. Almatti#,94,0
2015,Karnataka,A.M.U. B. Gudi#,7,0
2015,Karnataka,A.M.U. Kembhavi#,7,0
2015,Karnataka,Bagalkote,1043,0
2015,Karnataka,Ballari,147,0
2015,Karnataka,Belagavi,59,0
2015,Karnataka,Bengaluru Rural,3,0
2015,Karnataka,Bengaluru Urban,13,0
2015,Karnataka,Bidar,126,0
2015,Karnataka,Chamarajanagara,36,0
2015,Karnataka,ChikkaBallaPura,8,0
2015,Karnataka,Chikkamagaluru,81,0
2015,Karnataka,Chitradurga,22,0
2015,Karnataka,Dakshina Kannada,6480,0
2015,Karnataka,Davangere,37,0
2015,Karnataka,Dharwad,96,0
2015,Karnataka,Gadag,361,0
2015,Karnataka,Hassan,29,0
2015,Karnataka,Haveri,258,0
2015,Karnataka,Kalaburagi,310,0
2015,Karnataka,Kodagu,28,0
2015,Karnataka,Kolar,33,0
2015,Karnataka,Koppal,508,0
2015,Karnataka,Mandya,11,0
2015,Karnataka,Mysuru,34,0
2015,Karnataka,Raichur,210,0
2015,Karnataka,Ramanagara,9,0
2015,Karnataka,Shivamogga,117,0
2015,Karnataka,Tumakuru,68,0
2015,Karnataka,U.K.P.N. PURA#,328,0
2015,Karnataka,Udupi,1366,0
2015,Karnataka,Uttara Kannada,86,0
2015,Karnataka,Vijayapura,172,0
2015,Karnataka,Yadgir,258,0
2015,Karnataka,Alappuzha,83,0
2015,Karnataka,Ernakulam,184,0
2015,Karnataka,Idukki,61,1
2015,Karnataka,Kannur,154,0
2015,Karnataka,Kasaragod,251,0
2015,Kerala,Kollam,82,1
2015,Kerala,Kottayam,69,0
2015,Kerala,Kozhikode,124,1
2015,Kerala,Malappuram,156,1
2015,Kerala,Palakkad,44,0
2015,Kerala,Pathanamthitta,60,0
2015,Kerala,Thiruvananthapuram,135,0
2015,Kerala,Thrissur,126,0
2015,Kerala,Wayanad,20,0
2015,Lakshadweep,Lakshadweep District,4,0
2015,Lakshadweep,Agar Malwa,150,0
2015,Lakshadweep,Alirajpur,3154,0
2015,Lakshadweep,Anuppur,2007,0
2015,Lakshadweep,Ashoknagar,1023,0
2015,Lakshadweep,Balaghat,5004,0
2015,Lakshadweep,Barwani,1198,0
2015,Lakshadweep,Betul,3600,0
2015,Lakshadweep,Bhind,3313,0
2015,Lakshadweep,Bhopal,1172,0
2015,Lakshadweep,Burhanpur,554,0
2015,Lakshadweep,Chhatarpur,421,0
2015,Lakshadweep,Chhindwara,3254,0
2015,Lakshadweep,Damoh,767,0
2015,Lakshadweep,Datia,873,0
2015,Lakshadweep,Dewas,239,0
2015,Lakshadweep,Dhar,4328,0
2015,Lakshadweep,Dindori,4845,5
2015,Lakshadweep,East Nimar,1110,0
2015,Lakshadweep,Guna,1351,0
2015,Lakshadweep,Gwalior,3443,0
2015,Lakshadweep,Harda,415,1
2015,Lakshadweep,Indore,91,1
2015,Lakshadweep,Jabalpur,374,0
2015,Lakshadweep,Jhabua,11617,3
2015,Lakshadweep,Katni,898,0
2015,Lakshadweep,Khargone,2362,0
2015,Lakshadweep,Mandla,4592,6
2015,Lakshadweep,Mandsaur,389,0
2015,Lakshadweep,Morena,2212,0
2015,Lakshadweep,Narmadapuram,1672,0
2015,Lakshadweep,Narsinghpur,1248,1
2015,Lakshadweep,Neemuch,102,0
2015,Lakshadweep,Panna,1582,0
2015,Lakshadweep,Raisen,1143,0
2015,Lakshadweep,Rajgarh,631,0
2015,Lakshadweep,Ratlam,2824,0
2015,Lakshadweep,Rewa,1386,0
2015,Lakshadweep,Sagar,1395,1
2015,Lakshadweep,Satna,1660,0
2015,Lakshadweep,Sehore,711,0
2015,Lakshadweep,Seoni,1199,1
2015,Lakshadweep,Shahdol,1441,0
2015,Lakshadweep,Shajapur,106,0
2015,Lakshadweep,Sheopur,5972,0
2015,Lakshadweep,Shivpuri,5017,2
2015,Lakshadweep,Sidhi,2920,3
2015,Lakshadweep,Singrauli,1660,0
2015,Lakshadweep,Tikamgarh,1354,0
2015,Lakshadweep,Ujjain,273,0
2015,Lakshadweep,Umaria,909,0
2015,Lakshadweep,Vidisha,636,0
2015,Maharashtra,Ahmednagar,55,0
2015,Maharashtra,Akola,179,0
2015,Maharashtra,Amravati,421,0
2015,Maharashtra,Aurangabad,69,0
2015,Maharashtra,Beed,28,0
2015,Maharashtra,Bhandara,93,0
2015,Maharashtra,Buldhana,134,0
2015,Maharashtra,Chandrapur,2266,2
2015,Maharashtra,Dhule,232,0
2015,Maharashtra,Gadchiroli,34206,11
2015,Maharashtra,Gondia,1415,5
2015,Maharashtra,Hingoli,3,0
2015,Maharashtra,Jalgaon,200,0
2015,Maharashtra,Jalna,5,0
2015,Maharashtra,Kolhapur,287,0
2015,Maharashtra,Latur,54,0
2015,Maharashtra,Mumbai,7517,16
2015,Maharashtra,Nagpur,211,0
2015,Maharashtra,Nagpur MC#,46,0
2015,Maharashtra,Nanded,77,0
2015,Maharashtra,Nandurbar,633,1
2015,Maharashtra,Nashik,231,1
2015,Maharashtra,Osmanabad,16,0
2015,Maharashtra,Parbhani,19,1
2015,Maharashtra,Pune,198,1
2015,Maharashtra,Pune MC#,10,0
2015,Maharashtra,Raigad,2212,2
2015,Maharashtra,Ratnagiri,125,1
2015,Maharashtra,Sangli,64,0
2015,Maharashtra,Satara,171,0
2015,Maharashtra,Sindhudurg,132,1
2015,Maharashtra,Solapur,28,0
2015,Maharashtra,Thane,4879,15
2015,Maharashtra,Wardha,109,2
2015,Maharashtra,Washim,37,0
2015,Maharashtra,Yavatmal,241,0
2015,Maharashtra,Bishnupur,4,0
2015,Manipur,Chandel,2,0
2015,Manipur,Churachandpur,141,0
2015,Manipur,Imphal East,2,0
2015,Manipur,Imphal Urban#,3,0
2015,Manipur,Imphal West,2,0
2015,Manipur,Jiribam,3,0
2015,Manipur,Kangpokpi,5,0
2015,Manipur,Senapati,0,0
2015,Manipur,Tamenglong,13,0
2015,Manipur,Tengnoupal,22,0
2015,Manipur,Thoubal,9,0
2015,Manipur,Ukhrul,10,0
2015,Meghalaya,East Garo Hills,20090,25
2015,Meghalaya,East Khasi Hills,297,2
2015,Meghalaya,Ri Bhoi,2369,3
2015,Meghalaya,South Garo Hills,9459,17
2015,Meghalaya,West Garo Hills,11843,19
2015,Meghalaya,West Jaintia Hills,2356,9
2015,Meghalaya,West Khasi Hills,2189,4
2015,Mizoram,Aizawl,485,1
2015,Mizoram,Aizawl West#,852,3
2015,Mizoram,Champhai,75,1
2015,Mizoram,Kolasib,936,1
2015,Mizoram,Lawngtlai,8486,1
2015,Mizoram,Lunglei,7745,4
2015,Mizoram,Mamit,8766,5
2015,Mizoram,Saiha,1087,3
2015,Mizoram,Serchhip,161,2
2015,Nagaland,Mon,32,0
2015,Nagaland,Dimapur,77,0
2015,Nagaland,Kiphire,69,0
2015,Nagaland,Kohima,132,1
2015,Nagaland,Longleng,157,0
2015,Nagaland,Mokokchung,375,0
2015,Nagaland,Peren,54,1
2015,Nagaland,Phek,21,0
2015,Nagaland,Tuensang,83,0
2015,Nagaland,UVBDS Dimapur#,260,1
2015,Nagaland,Wokha,191,0
2015,Nagaland,Zunheboto,76,0
2015,Nagaland,Anugul,29853,7
2015,Nagaland,Balangir,8841,6
2015,Nagaland,Baleshwar,633,1
2015,Nagaland,Bargarh,3069,0
2015,Nagaland,Bhadrak,371,0
2015,Nagaland,Boudh,5831,2
2015,Nagaland,Cuttack,2026,0
2015,Nagaland,Deogarh,4555,1
2015,Nagaland,Dhenkanal,4542,0
2015,Odisha,Gajapati,11467,0
2015,Odisha,Ganjam,15350,2
2015,Odisha,Jagatsinghapur,262,0
2015,Odisha,Jajapur,842,0
2015,Odisha,Jharsuguda,1504,3
2015,Odisha,Kalahandi,31739,5
2015,Odisha,Kandhamal,37368,5
2015,Odisha,Kendrapara,166,0
2015,Odisha,Kendujhar,28158,3
2015,Odisha,Khordha,1396,0
2015,Odisha,Koraput,35712,2
2015,Odisha,Malkangiri,29610,9
2015,Odisha,Mayurbhanj,29764,2
2015,Odisha,Nabarangpur,21932,4
2015,Odisha,Nayagarh,9277,1
2015,Odisha,Nuapada,5974,5
2015,Odisha,Puri,205,0
2015,Odisha,Rayagada,68791,10
2015,Odisha,Sambalpur,16885,2
2015,Odisha,Sonepur,3530,0
2015,Odisha,Sundargarh,27197,10
2015,Puducherry,Karaikal,9,0
2015,Puducherry,Mahe,0,0
2015,Puducherry,Pondicherry,41,0
2015,Puducherry,Yanam,4,1
2015,Punjab,Amritsar,34,0
2015,Punjab,Barnala,15,0
2015,Punjab,Bathinda,55,0
2015,Punjab,Faridkot,41,0
2015,Punjab,Fatehgarh Sahib,2,0
2015,Punjab,Fazilka,19,0
2015,Punjab,Ferozepur,19,0
2015,Punjab,Gurdaspur,10,0
2015,Punjab,Hoshiarpur,22,0
2015,Punjab,Jalandhar,19,0
2015,Punjab,Kapurthala,3,0
2015,Punjab,Ludhiana,59,0
2015,Punjab,Mansa,92,0
2015,Punjab,Moga,2,0
2015,Punjab,Pathankot,7,0
2015,Punjab,Patiala,65,0
2015,Punjab,Rupnagar,5,0
2015,Punjab,S.A.S Nagar,1,0
2015,Punjab,Sangrur,11,0
2015,Punjab,Shahid Bhagat Singh Nagar,58,0
2015,Punjab,Sri Muktsar Sahib,29,0
2015,Punjab,Tarn taran,28,0
2015,Punjab,Ajmer,261,0
2015,Rajasthan,Alwar,559,0
2015,Rajasthan,Banswara,641,0
2015,Rajasthan,Baran,760,0
2015,Rajasthan,Barmer,330,0
2015,Rajasthan,Bharatpur,1200,0
2015,Rajasthan,Bhilwara,451,0
2015,Rajasthan,Bikaner,413,0
2015,Rajasthan,Bundi,256,0
2015,Rajasthan,Chittorgarh,486,0
2015,Rajasthan,Churu,178,0
2015,Rajasthan,Dausa,104,0
2015,Rajasthan,Dholpur,147,0
2015,Rajasthan,Dungarpur,600,0
2015,Rajasthan,Ganganagar,322,0
2015,Rajasthan,Hanumangarh,111,0
2015,Rajasthan,Jaipur,354,1
2015,Rajasthan,Jaisalmer,94,0
2015,Rajasthan,Jalore,98,0
2015,Rajasthan,Jhalawar,106,0
2015,Rajasthan,Jhunjhunu,72,0
2015,Rajasthan,Jodhpur,338,0
2015,Rajasthan,Karauli,68,0
2015,Rajasthan,Kota,462,1
2015,Rajasthan,Nagaur,345,0
2015,Rajasthan,Pali,381,0
2015,Rajasthan,Pratapgarh,381,0
2015,Rajasthan,Rajsamand,599,1
2015,Rajasthan,Sawai Madhopur,161,0
2015,Rajasthan,Sikar,65,0
2015,Rajasthan,Sirohi,177,0
2015,Rajasthan,Tonk,78,0
2015,Rajasthan,Udaipur,1198,0
2015,Sikkim,Gangtok,17,0
2015,Sikkim,Gyalshing,1,0
2015,Sikkim,Mangan,6,0
2015,Sikkim,Namchi,3,0
2015,Sikkim,Aranthangi#,50,0
2015,Sikkim,Ariyalur,4,0
2015,Sikkim,Chengalpattu,14,0
2015,Sikkim,Chennai,3338,0
2015,Sikkim,Cheyyar#,20,0
2015,Sikkim,Coimbatore,7,0
2015,Sikkim,Cuddalore,23,0
2015,Sikkim,Dharmapuri,332,0
2015,Sikkim,Dindigul,10,0
2015,Sikkim,Erode,0,0
2015,Sikkim,Kallakurichi,12,0
2015,Sikkim,Kanchipuram,7,0
2015,Sikkim,Kanniyakumari,201,0
2015,Tamil Nadu,Karur,4,0
2015,Tamil Nadu,Kovilpatti#,24,0
2015,Tamil Nadu,Krishnagiri,10,0
2015,Tamil Nadu,Madurai,39,0
2015,Tamil Nadu,Nagapattinam,35,0
2015,Tamil Nadu,Namakkal,16,0
2015,Tamil Nadu,Palani#,7,0
2015,Tamil Nadu,Paramakudi#,43,0
2015,Tamil Nadu,Perambalur,11,0
2015,Tamil Nadu,Poonamallee#,2,0
2015,Tamil Nadu,Pudukkottai,4,0
2015,Tamil Nadu,Ramanathapuram,676,0
2015,Tamil Nadu,Salem,12,0
2015,Tamil Nadu,Sivaganga,0,0
2015,Tamil Nadu,Sivakasi#,0,0
2015,Tamil Nadu,Tenkasi,14,0
2015,Tamil Nadu,Thanjavur,29,0
2015,Tamil Nadu,The Nilgiris,0,0
2015,Tamil Nadu,Theni,13,0
2015,Tamil Nadu,Thiruvallur,28,0
2015,Tamil Nadu,Thiruvarur,10,0
2015,Tamil Nadu,Tiruchirappalli,27,0
2015,Tamil Nadu,Tirunelveli,9,0
2015,Tamil Nadu,Tirupathur,35,0
2015,Tamil Nadu,Tiruppur,0,0
2015,Tamil Nadu,Tiruvannamalai,151,0
2015,Tamil Nadu,Tuticorin,117,0
2015,Tamil Nadu,Vellore,199,0
2015,Tamil Nadu,Villupuram,31,0
2015,Tamil Nadu,Virudhunagar,23,0
2015,Telangana,Adilabad,7874,2
2015,Telangana,Hyderabad,138,0
2015,Telangana,Karimnagar,215,1
2015,Telangana,Khammam,1822,0
2015,Telangana,Mahabubnagar,53,0
2015,Telangana,Medak,61,0
2015,Telangana,Nalgonda,8,0
2015,Telangana,Nizamabad,75,0
2015,Telangana,Ranga Reddy,36,0
2015,Telangana,Warangal,669,1
2015,Tripura,Dhalai,10450,13
2015,Tripura,Gomati,3859,0
2015,Tripura,Khowai,1651,2
2015,Tripura,North Tripura,5648,2
2015,Tripura,Sepahijala,336,0
2015,Tripura,South Tripura,9102,1
2015,Tripura,Unakoti,913,3
2015,Tripura,West Tripura,566,0
2015,Tripura,Agra,97,0
2015,Tripura,Aligarh,887,0
2015,Tripura,Ambedkar Nagar,16,0
2015,Tripura,Amethi,100,0
2015,Tripura,Amroha,220,0
2015,Tripura,Auraiya,356,0
2015,Tripura,Ayodhya,10,0
2015,Tripura,Azamgarh,21,0
2015,Tripura,Baghpat,236,0
2015,Tripura,Bahraich,22,0
2015,Tripura,Ballia,3,0
2015,Tripura,Balrampur,6,0
2015,Tripura,Banda,500,0
2015,Tripura,Barabanki,2,0
2015,Tripura,Bareilly,172,0
2015,Tripura,Basti,16,0
2015,Tripura,Bhadohi,1487,0
2015,Tripura,Bijnor,528,0
2015,Tripura,Budaun,783,0
2015,Tripura,Bulandshahr,324,0
2015,Tripura,Chandauli,63,0
2015,Tripura,Chitrakoot,536,0
2015,Tripura,Deoria,9,0
2015,Tripura,Etah,750,0
2015,Tripura,Etawah,228,0
2015,Tripura,Farrukhabad,757,0
2015,Tripura,Fatehpur,663,0
2015,Tripura,Firozabad,190,0
2015,Tripura,Gautam Buddha Nagar,299,0
2015,Tripura,Ghaziabad,189,0
2015,Tripura,Ghazipur,112,0
2015,Tripura,Gonda,56,0
2015,Tripura,Gorakhpur,5,0
2015,Tripura,Hamirpur,434,0
2015,Tripura,Hapur,344,0
2015,Tripura,Hardoi,88,0
2015,Tripura,Hathras,270,0
2015,Tripura,Jalaun,264,0
2015,Tripura,Jaunpur,221,0
2015,Tripura,Jhansi,392,0
2015,Tripura,Kannauj,284,0
2015,Tripura,Kanpur Dehat,221,0
2015,Tripura,Kanpur Nagar,165,0
2015,Tripura,Kasganj,251,0
2015,Tripura,Kaushambi,344,0
2015,Tripura,Kheri,280,0
2015,Tripura,Kushi Nagar,116,0
2015,Tripura,Lalitpur,253,0
2015,Tripura,Lucknow,80,0
2015,Tripura,Maharajganj,5,0
2015,Tripura,Mahoba,348,0
2015,Tripura,Mainpuri,72,0
2015,Tripura,Mathura,115,0
2015,Tripura,Mau,0,0
2015,Tripura,Meerut,194,0
2015,Tripura,Mirzapur,4658,0
2015,Tripura,Moradabad,293,0
2015,Tripura,Muzaffarnagar,2795,0
2015,Tripura,Pilibhit,0,0
2015,Tripura,Pratapgarh,116,0
2015,Tripura,Prayagraj,7288,0
2015,Tripura,Rae Bareli,26,0
2015,Tripura,Rampur,474,0
2015,Tripura,Saharanpur,3085,0
2015,Tripura,Sambhal,400,0
2015,Tripura,Sant Kabeer Nagar,34,0
2015,Tripura,Shahjahanpur,27,0
2015,Tripura,Shamli,956,0
2015,Tripura,Shravasti,25,0
2015,Tripura,Siddharth Nagar,250,0
2015,Tripura,Sitapur,8,0
2015,Tripura,Sonbhadra,7357,0
2015,Tripura,Sultanpur,192,0
2015,Tripura,Unnao,22,0
2015,Tripura,Varanasi,377,0
2015,Uttarakhand,Almora,0,0
2015,Uttarakhand,Bageshwar,1,0
2015,Uttarakhand,Chamoli,6,0
2015,Uttarakhand,Champawat,0,0
2015,Uttarakhand,Dehradun,359,0
2015,Uttarakhand,Haridwar,663,0
2015,Uttarakhand,Nainital,202,0
2015,Uttarakhand,Pauri Garhwal,118,0
2015,Uttarakhand,Pithoragarh,0,0
2015,Uttarakhand,Rudra Prayag,9,0
2015,Uttarakhand,Tehri Garhwal,7,0
2015,Uttarakhand,Udam Singh Nagar,101,0
2015,Uttarakhand,Uttar Kashi,0,0
2015,Uttarakhand,24 Paraganas North,536,1
2015,Uttarakhand,24 Paraganas South,385,0
2015,Uttarakhand,Bankura,941,9
2015,Uttarakhand,Bardhaman,175,1
2015,Uttarakhand,Birbhum,316,1
2015,Uttarakhand,Coochbehar,316,0
2015,Uttarakhand,Darjeeling,115,0
2015,Uttarakhand,Dinajpur Dakshin,335,0
2015,Uttarakhand,Dinajpur Uttar,164,0
2015,Uttarakhand,Hooghly,230,1
2015,West Bengal,Howrah,946,1
2015,West Bengal,Jalpaiguri,571,1
2015,West Bengal,KMUHO#,155,1
2015,West Bengal,Kolkata,9428,0
2015,West Bengal,Maldah,1685,0
2015,West Bengal,Medinipur East,214,0
2015,West Bengal,Medinipur West,903,10
2015,West Bengal,Murshidabad,2177,0
2015,West Bengal,Nadia,408,0
2015,West Bengal,Purulia,3775,8
2015,West Bengal,Pvt. Hospital & Others#,433,0
2016,Andaman And Nicobar Islands,Nicobars,367,0
2016,Andaman And Nicobar Islands,North And Middle Andaman,18,0
2016,Andaman And Nicobar Islands,South Andamans,100,0
2016,Andhra Pradesh,Anantapur,757,0
2016,Andhra Pradesh,Chittoor,141,0
2016,Andhra Pradesh,East Godavari,9048,0
2016,Andhra Pradesh,Guntur,369,0
2016,Andhra Pradesh,Krishna,704,0
2016,Andhra Pradesh,Kurnool,420,0
2016,Andhra Pradesh,Prakasam,305,0
2016,Andhra Pradesh,SPSR Nellore,149,0
2016,Andhra Pradesh,Srikakulam,693,0
2016,Andhra Pradesh,Visakhapatanam,6492,0
2016,Andhra Pradesh,Vizianagaram,2939,0
2016,Andhra Pradesh,West Godavari,730,0
2016,Andhra Pradesh,Y.S.R.,866,0
2016,Arunachal Pradesh,Anjaw,12,0
2016,Arunachal Pradesh,Changlang,201,0
2016,Arunachal Pradesh,Dibang Valley,2,0
2016,Arunachal Pradesh,East Kameng,275,0
2016,Arunachal Pradesh,East Siang,374,1
2016,Arunachal Pradesh,Kra Daadi,4,0
2016,Arunachal Pradesh,Kurung Kumey,43,0
2016,Arunachal Pradesh,Lohit,168,0
2016,Arunachal Pradesh,Longding,165,0
2016,Arunachal Pradesh,Lower Dibang Valley,252,0
2016,Arunachal Pradesh,Lower Subansiri,34,0
2016,Arunachal Pradesh,Namsai,422,1
2016,Arunachal Pradesh,Papum Pare,75,0
2016,Arunachal Pradesh,Siang,35,0
2016,Arunachal Pradesh,Tirap,276,0
2016,Arunachal Pradesh,Upper Siang,48,0
2016,Arunachal Pradesh,Upper Subansiri,500,0
2016,Arunachal Pradesh,West Kameng,77,0
2016,Arunachal Pradesh,West Siang,165,0
2016,Arunachal Pradesh,Baksa,422,0
2016,Assam,Barpeta,52,0
2016,Assam,Bongaigaon,44,0
2016,Assam,Cachar,76,0
2016,Assam,Chirang,630,1
2016,Assam,Darrang,19,0
2016,Assam,Dhemaji,14,0
2016,Assam,Dhubri,53,0
2016,Assam,Dibrugarh,9,0
2016,Assam,Dima Hasao,692,0
2016,Assam,Goalpara,402,0
2016,Assam,Golaghat,18,2
2016,Assam,Hailakandi,141,0
2016,Assam,Jorhat,28,0
2016,Assam,Kamrup,88,0
2016,Assam,Kamrup Metro,33,0
2016,Assam,Karbi Anglong,2364,0
2016,Assam,Karimganj,178,0
2016,Assam,Kokrajhar,469,3
2016,Assam,Lakhimpur,34,0
2016,Assam,Marigaon,54,0
2016,Assam,Nagaon,69,0
2016,Assam,Nalbari,16,0
2016,Assam,Sivasagar,19,0
2016,Assam,Sonitpur,70,0
2016,Assam,Tinsukia,51,0
2016,Assam,Udalguri,1781,0
2016,Assam,Araria,6,0
2016,Assam,Arwal,9,0
2016,Assam,Aurangabad,378,0
2016,Assam,Banka,5,0
2016,Assam,Begusarai,0,0
2016,Assam,Bhagalpur,22,0
2016,Assam,Bhojpur,5,0
2016,Assam,Buxar,0,0
2016,Assam,Darbhanga,0,0
2016,Assam,Gaya,2584,0
2016,Assam,Gopalganj,16,0
2016,Assam,Jamui,580,0
2016,Assam,Jehanabad,0,0
2016,Assam,Kaimur (Bhabua),146,0
2016,Assam,Katihar,87,0
2016,Assam,Khagaria,13,0
2016,Assam,Kishanganj,2,0
2016,Assam,Lakhisarai,60,0
2016,Assam,Madhepura,48,0
2016,Assam,Madhubani,58,0
2016,Assam,Munger,678,0
2016,Assam,Muzaffarpur,0,0
2016,Assam,Nalanda,9,0
2016,Assam,Nawada,192,0
2016,Assam,Pashchim Champaran,0,0
2016,Assam,Patna,6,0
2016,Assam,Purbi Champaran,0,0
2016,Assam,Purnia,65,0
2016,Assam,Rohtas,196,0
2016,Assam,Saharsa,0,0
2016,Assam,Samastipur,0,0
2016,Assam,Saran,6,0
2016,Assam,Sheikhpura,12,0
2016,Assam,Sheohar,0,0
2016,Assam,Sitamarhi,0,0
2016,Assam,Siwan,0,0
2016,Assam,Supaul,6,0
2016,Assam,Vaishali,0,0
2016,Chandigarh,Chandigarh,157,0
2016,Chhattisgarh,Balod,660,2
2016,Chhattisgarh,Baloda Bazar,867,0
2016,Chhattisgarh,Balrampur,8829,0
2016,Chhattisgarh,Bastar,14599,21
2016,Chhattisgarh,Bemetara,67,0
2016,Chhattisgarh,Bijapur,18794,13
2016,Chhattisgarh,Bilaspur,1586,0
2016,Chhattisgarh,Dantewada,17192,13
2016,Chhattisgarh,Dhamtari,1713,2
2016,Chhattisgarh,Durg,2186,0
2016,Chhattisgarh,Gariyaband,2366,2
2016,Chhattisgarh,Janjgir-Champa,936,3
2016,Chhattisgarh,Jashpur,7521,0
2016,Chhattisgarh,Kabirdham,9194,3
2016,Chhattisgarh,Kanker,6554,0
2016,Chhattisgarh,Kondagaon,9518,2
2016,Chhattisgarh,Korba,5605,0
2016,Chhattisgarh,Korea,4721,0
2016,Chhattisgarh,Mahasamund,1074,0
2016,Chhattisgarh,Mungeli,505,0
2016,Chhattisgarh,Narayanpur,6464,0
2016,Chhattisgarh,Raigarh,2442,0
2016,Chhattisgarh,Raipur,105,0
2016,Chhattisgarh,RajnandGaon,4322,0
2016,Chhattisgarh,Sukma,15908,0
2016,Chhattisgarh,Surajpur,2555,0
2016,Chhattisgarh,Surguja,1937,0
2016,D & N Haveli,Dadra And Nagar Haveli,375,0
2016,Daman & Diu,Daman,43,0
2016,Daman & Diu,Diu,5,0
2016,Delhi,New Delhi,31,0
2016,Delhi,North Goa,554,0
2016,Goa,South Goa,188,0
2016,Gujarat,Ahmadabad,280,0
2016,Gujarat,Ahmadabad MC#,11089,3
2016,Gujarat,Amreli,921,0
2016,Gujarat,Anand,822,0
2016,Gujarat,Arvalli,176,0
2016,Gujarat,Banas kantha,1168,0
2016,Gujarat,Bharuch,426,0
2016,Gujarat,Bhavnagar,263,0
2016,Gujarat,Bhavnagar MC#,210,0
2016,Gujarat,Botad,54,0
2016,Gujarat,Chhotaudepur,1111,0
2016,Gujarat,Dang,293,0
2016,Gujarat,Devbhumi Dwarka,58,0
2016,Gujarat,Dohad,2819,0
2016,Gujarat,Gandhinagar,169,1
2016,Gujarat,Gandhinagar MC#,100,0
2016,Gujarat,Gir Somnath,249,0
2016,Gujarat,Jamnagar,223,0
2016,Gujarat,Jamnagar MC#,13,0
2016,Gujarat,Junagadh,386,0
2016,Gujarat,Junagadh MC#,47,0
2016,Gujarat,Kachchh,974,0
2016,Gujarat,Kheda,514,0
2016,Gujarat,Mahesana,454,0
2016,Gujarat,Mahisagar,298,0
2016,Gujarat,Morbi,1035,0
2016,Gujarat,Narmada,218,0
2016,Gujarat,Navsari,956,0
2016,Gujarat,Panch Mahals,1822,0
2016,Gujarat,Patan,808,0
2016,Gujarat,Porbandar,188,0
2016,Gujarat,Rajkot,458,0
2016,Gujarat,Rajkot MC#,178,0
2016,Gujarat,Sabar kantha,557,1
2016,Gujarat,Surat,713,0
2016,Gujarat,Surat MC#,9331,1
2016,Gujarat,Surendranagar,2265,0
2016,Gujarat,Tapi,217,0
2016,Gujarat,Vadodara,536,0
2016,Gujarat,Vadodara MC#,2098,0
2016,Gujarat,Valsad,286,0
2016,Gujarat,Ambala,81,0
2016,Gujarat,Bhiwani,211,0
2016,Gujarat,Faridabad,152,0
2016,Gujarat,Fatehabad,59,0
2016,Gujarat,Gurugram,38,0
2016,Gujarat,Hisar,197,0
2016,Gujarat,Jhajjar,88,0
2016,Haryana,Jind,17,0
2016,Haryana,Kaithal,16,0
2016,Haryana,Karnal,167,0
2016,Haryana,Kurukshetra,138,0
2016,Haryana,Mahendragarh,24,0
2016,Haryana,Nuh,5075,0
2016,Haryana,Palwal,509,0
2016,Haryana,Panchkula,179,0
2016,Haryana,Panipat,127,0
2016,Haryana,Rewari,20,0
2016,Haryana,Rohtak,105,0
2016,Haryana,Sirsa,112,0
2016,Haryana,Sonipat,43,0
2016,Haryana,Yamunanagar,508,0
2016,Himachal Pradesh,Bilaspur,0,0
2016,Himachal Pradesh,Chamba,2,0
2016,Himachal Pradesh,Hamirpur,32,0
2016,Himachal Pradesh,Kangra,15,0
2016,Himachal Pradesh,Kullu,14,0
2016,Himachal Pradesh,Mandi,6,0
2016,Himachal Pradesh,Shimla,0,0
2016,Himachal Pradesh,Sirmaur,1,0
2016,Himachal Pradesh,Solan,36,0
2016,Himachal Pradesh,Una,0,0
2016,Jammu And Kashmir,Baramulla,0,0
2016,Jammu And Kashmir,Doda,1,0
2016,Jammu And Kashmir,Jammu,85,0
2016,Jammu And Kashmir,Kathua,25,0
2016,Jammu And Kashmir,Kishtwar,0,0
2016,Jammu And Kashmir,Poonch,53,0
2016,Jammu And Kashmir,Rajouri,34,0
2016,Jammu And Kashmir,Ramban,1,0
2016,Jammu And Kashmir,Reasi,6,0
2016,Jammu And Kashmir,Samba,8,0
2016,Jammu And Kashmir,Udhampur,6,0
2016,Jammu And Kashmir,UMCP Jammu#,23,0
2016,Jammu And Kashmir,Bokaro,2688,0
2016,Jammu And Kashmir,Chatra,4032,0
2016,Jammu And Kashmir,Deoghar,102,0
2016,Jammu And Kashmir,Dhanbad,1261,0
2016,Jammu And Kashmir,Dumka,6164,2
2016,Jammu And Kashmir,East Singhbum,7986,10
2016,Jammu And Kashmir,Garhwa,5287,2
2016,Jammu And Kashmir,Giridih,8002,0
2016,Jammu And Kashmir,Godda,5651,0
2016,Jammu And Kashmir,Gumla,4315,0
2016,Jammu And Kashmir,Hazaribagh,4627,0
2016,Jammu And Kashmir,Jamtara,55,0
2016,Jammu And Kashmir,Khunti,4645,0
2016,Jammu And Kashmir,Koderma,1139,0
2016,Jammu And Kashmir,Latehar,12971,1
2016,Jammu And Kashmir,Lohardaga,2306,0
2016,Jammu And Kashmir,Pakur,8262,0
2016,Jammu And Kashmir,Palamu,9174,0
2016,Jammu And Kashmir,Ramgarh,1105,0
2016,Jammu And Kashmir,Ranchi,2474,0
2016,Jammu And Kashmir,Sahebganj,5275,0
2016,Jammu And Kashmir,Saraikela Kharsawan,5718,0
2016,Jammu And Kashmir,Simdega,7204,0
2016,Jammu And Kashmir,West Singhbhum,30971,0
2016,Karnataka,A.M.U. Almatti#,36,0
2016,Karnataka,A.M.U. B. Gudi#,5,0
2016,Karnataka,A.M.U. Kembhavi#,0,0
2016,Karnataka,Bagalkote,350,0
2016,Karnataka,Ballari,71,0
2016,Karnataka,BBMP#,461,0
2016,Karnataka,Belagavi,43,0
2016,Karnataka,Bengaluru Rural,13,0
2016,Karnataka,Bengaluru Urban,13,0
2016,Karnataka,Bidar,74,0
2016,Karnataka,Chamarajanagara,28,0
2016,Karnataka,ChikkaBallaPura,5,0
2016,Karnataka,Chikkamagaluru,33,0
2016,Karnataka,Chitradurga,15,0
2016,Karnataka,Dakshina Kannada,6409,0
2016,Karnataka,Davangere,26,0
2016,Karnataka,Dharwad,78,0
2016,Karnataka,Gadag,204,0
2016,Karnataka,Hassan,21,0
2016,Karnataka,Haveri,154,0
2016,Karnataka,Kalaburagi,619,0
2016,Karnataka,Kodagu,16,0
2016,Karnataka,Kolar,14,0
2016,Karnataka,Koppal,382,0
2016,Karnataka,Mandya,74,0
2016,Karnataka,Mysuru,51,0
2016,Karnataka,Raichur,110,0
2016,Karnataka,Ramanagara,8,0
2016,Karnataka,Shivamogga,70,0
2016,Karnataka,Tumakuru,57,0
2016,Karnataka,U.K.P.N. PURA#,179,0
2016,Karnataka,Udupi,1168,0
2016,Karnataka,Uttara Kannada,64,0
2016,Karnataka,Vijayapura,90,0
2016,Karnataka,Yadgir,137,0
2016,Karnataka,Alappuzha,49,0
2016,Karnataka,Ernakulam,156,0
2016,Karnataka,Idukki,41,0
2016,Kerala,Kannur,156,0
2016,Kerala,Kasaragod,306,0
2016,Kerala,Kollam,59,0
2016,Kerala,Kottayam,49,0
2016,Kerala,Kozhikode,168,1
2016,Kerala,Malappuram,170,0
2016,Kerala,Palakkad,43,0
2016,Kerala,Pathanamthitta,80,0
2016,Kerala,Thiruvananthapuram,114,1
2016,Kerala,Thrissur,125,0
2016,Kerala,Wayanad,31,0
2016,Lakshadweep,Lakshadweep District,2,0
2016,Lakshadweep,Agar Malwa,131,0
2016,Lakshadweep,Alirajpur,1602,0
2016,Lakshadweep,Anuppur,1223,0
2016,Lakshadweep,Ashoknagar,1175,0
2016,Lakshadweep,Balaghat,3111,0
2016,Lakshadweep,Barwani,522,0
2016,Lakshadweep,Betul,1946,0
2016,Lakshadweep,Bhind,3432,0
2016,Lakshadweep,Bhopal,1005,0
2016,Lakshadweep,Burhanpur,236,0
2016,Lakshadweep,Chhatarpur,356,0
2016,Lakshadweep,Chhindwara,2060,0
2016,Lakshadweep,Damoh,531,0
2016,Lakshadweep,Datia,465,0
2016,Lakshadweep,Dewas,339,0
2016,Lakshadweep,Dhar,2100,0
2016,Lakshadweep,Dindori,3456,0
2016,Lakshadweep,East Nimar,541,0
2016,Lakshadweep,Guna,1227,0
2016,Lakshadweep,Gwalior,2498,0
2016,Lakshadweep,Harda,313,0
2016,Lakshadweep,Indore,62,0
2016,Lakshadweep,Jabalpur,372,1
2016,Lakshadweep,Jhabua,7306,1
2016,Lakshadweep,Katni,641,0
2016,Lakshadweep,Khargone,1142,0
2016,Lakshadweep,Mandla,1419,0
2016,Lakshadweep,Mandsaur,351,0
2016,Lakshadweep,Morena,1394,0
2016,Lakshadweep,Narmadapuram,1139,0
2016,Lakshadweep,Narsinghpur,869,0
2016,Lakshadweep,Neemuch,364,0
2016,Lakshadweep,Panna,1493,0
2016,Lakshadweep,Raisen,927,1
2016,Lakshadweep,Rajgarh,874,0
2016,Lakshadweep,Ratlam,1872,0
2016,Lakshadweep,Rewa,1426,0
2016,Lakshadweep,Sagar,830,0
2016,Lakshadweep,Satna,1451,0
2016,Lakshadweep,Sehore,531,0
2016,Lakshadweep,Seoni,601,0
2016,Lakshadweep,Shahdol,590,0
2016,Lakshadweep,Shajapur,137,0
2016,Lakshadweep,Sheopur,3831,0
2016,Lakshadweep,Shivpuri,3885,0
2016,Lakshadweep,Sidhi,2473,0
2016,Lakshadweep,Singrauli,1706,0
2016,Lakshadweep,Tikamgarh,1327,0
2016,Lakshadweep,Ujjain,472,0
2016,Lakshadweep,Umaria,720,0
2016,Lakshadweep,Vidisha,632,0
2016,Lakshadweep,Ahmednagar,24,0
2016,Lakshadweep,Akola,92,0
2016,Lakshadweep,Amravati,260,0
2016,Lakshadweep,Aurangabad,29,0
2016,Lakshadweep,Beed,34,0
2016,Lakshadweep,Bhandara,76,0
2016,Lakshadweep,Buldhana,64,0
2016,Lakshadweep,Chandrapur,802,2
2016,Lakshadweep,Dhule,127,0
2016,Lakshadweep,Gadchiroli,9163,4
2016,Lakshadweep,Gondia,920,1
2016,Lakshadweep,Hingoli,4,0
2016,Lakshadweep,Jalgaon,64,0
2016,Lakshadweep,Jalna,0,0
2016,Lakshadweep,Kolhapur,120,0
2016,Lakshadweep,Latur,37,0
2016,Lakshadweep,Mumbai,5845,12
2016,Lakshadweep,Nagpur,125,0
2016,Lakshadweep,Nagpur MC#,24,0
2016,Lakshadweep,Nanded,48,0
2016,Lakshadweep,Nandurbar,295,0
2016,Lakshadweep,Nashik,109,0
2016,Lakshadweep,Osmanabad,11,0
2016,Lakshadweep,Palghar,623,1
2016,Lakshadweep,Parbhani,11,0
2016,Lakshadweep,Pune,136,1
2016,Lakshadweep,Pune MC#,14,0
2016,Lakshadweep,Raigad,1300,0
2016,Lakshadweep,Ratnagiri,95,0
2016,Lakshadweep,Sangli,53,0
2016,Lakshadweep,Satara,139,0
2016,Lakshadweep,Sindhudurg,135,0
2016,Lakshadweep,Solapur,23,0
2016,Lakshadweep,Thane,2989,5
2016,Lakshadweep,Wardha,35,0
2016,Lakshadweep,Washim,37,0
2016,Lakshadweep,Yavatmal,120,0
2016,Manipur,Bishnupur,0,0
2016,Manipur,Chandel,1,0
2016,Manipur,Churachandpur,72,0
2016,Manipur,Imphal East,4,0
2016,Manipur,Imphal Urban#,0,0
2016,Manipur,Imphal West,5,0
2016,Manipur,Jiribam,4,0
2016,Manipur,Kangpokpi,8,0
2016,Manipur,Senapati,5,0
2016,Manipur,Tamenglong,15,0
2016,Manipur,Tengnoupal,3,0
2016,Manipur,Thoubal,1,0
2016,Manipur,Ukhrul,4,0
2016,Meghalaya,East Garo Hills,11122,8
2016,Meghalaya,East Khasi Hills,201,1
2016,Meghalaya,Ri Bhoi,1032,5
2016,Meghalaya,South Garo Hills,13093,11
2016,Meghalaya,West Garo Hills,4660,13
2016,Meghalaya,West Jaintia Hills,1750,2
2016,Meghalaya,West Khasi Hills,3289,5
2016,Mizoram,Aizawl,122,2
2016,Mizoram,Aizawl West#,299,1
2016,Mizoram,Champhai,25,1
2016,Mizoram,Kolasib,230,1
2016,Mizoram,Lawngtlai,2506,2
2016,Mizoram,Lunglei,2335,1
2016,Mizoram,Mamit,1699,1
2016,Mizoram,Saiha,323,0
2016,Mizoram,Serchhip,44,0
2016,Nagaland,Mon,28,0
2016,Nagaland,Dimapur,32,0
2016,Nagaland,Kiphire,25,0
2016,Nagaland,Kohima,96,0
2016,Nagaland,Longleng,59,0
2016,Nagaland,Mokokchung,212,0
2016,Nagaland,Peren,12,0
2016,Nagaland,Phek,32,0
2016,Nagaland,Tuensang,48,0
2016,Nagaland,UVBDS Dimapur#,175,0
2016,Nagaland,Wokha,70,0
2016,Nagaland,Zunheboto,39,0
2016,Nagaland,Anugul,17272,2
2016,Nagaland,Balangir,9505,10
2016,Nagaland,Baleshwar,538,0
2016,Nagaland,Bargarh,3441,1
2016,Nagaland,Bhadrak,414,0
2016,Nagaland,Boudh,3893,0
2016,Odisha,Cuttack,639,0
2016,Odisha,Deogarh,3694,1
2016,Odisha,Dhenkanal,1501,0
2016,Odisha,Gajapati,12062,0
2016,Odisha,Ganjam,11856,1
2016,Odisha,Jagatsinghapur,156,0
2016,Odisha,Jajapur,796,0
2016,Odisha,Jharsuguda,1503,3
2016,Odisha,Kalahandi,44916,3
2016,Odisha,Kandhamal,31589,9
2016,Odisha,Kendrapara,152,0
2016,Odisha,Kendujhar,37998,5
2016,Odisha,Khordha,758,0
2016,Odisha,Koraput,42847,2
2016,Odisha,Malkangiri,40439,9
2016,Odisha,Mayurbhanj,27666,2
2016,Odisha,Nabarangpur,24811,8
2016,Odisha,Nayagarh,4366,0
2016,Odisha,Nuapada,6082,6
2016,Odisha,Puri,283,0
2016,Odisha,Rayagada,69867,6
2016,Odisha,Sambalpur,12046,1
2016,Odisha,Sonepur,3245,0
2016,Odisha,Sundargarh,30508,8
2016,Puducherry,Karaikal,18,0
2016,Puducherry,Mahe,2,0
2016,Puducherry,Pondicherry,53,0
2016,Puducherry,Yanam,3,0
2016,Puducherry,Amritsar,51,0
2016,Puducherry,Barnala,10,0
2016,Puducherry,Bathinda,90,0
2016,Puducherry,Faridkot,38,0
2016,Puducherry,Fatehgarh Sahib,0,0
2016,Puducherry,Fazilka,7,0
2016,Puducherry,Ferozepur,17,0
2016,Puducherry,Gurdaspur,12,0
2016,Puducherry,Hoshiarpur,43,0
2016,Puducherry,Jalandhar,22,0
2016,Puducherry,Kapurthala,1,0
2016,Puducherry,Ludhiana,83,0
2016,Puducherry,Mansa,81,0
2016,Puducherry,Moga,19,0
2016,Puducherry,Pathankot,0,0
2016,Puducherry,Patiala,44,0
2016,Puducherry,Rupnagar,4,0
2016,Puducherry,S.A.S Nagar,4,0
2016,Puducherry,Sangrur,15,0
2016,Puducherry,Shahid Bhagat Singh Nagar,109,0
2016,Puducherry,Sri Muktsar Sahib,16,0
2016,Puducherry,Tarn taran,27,0
2016,Rajasthan,Ajmer,148,0
2016,Rajasthan,Alwar,443,0
2016,Rajasthan,Banswara,632,0
2016,Rajasthan,Baran,606,0
2016,Rajasthan,Barmer,455,0
2016,Rajasthan,Bharatpur,1257,0
2016,Rajasthan,Bhilwara,510,0
2016,Rajasthan,Bikaner,297,0
2016,Rajasthan,Bundi,224,0
2016,Rajasthan,Chittorgarh,546,0
2016,Rajasthan,Churu,182,0
2016,Rajasthan,Dausa,97,0
2016,Rajasthan,Dholpur,323,0
2016,Rajasthan,Dungarpur,706,0
2016,Rajasthan,Ganganagar,239,1
2016,Rajasthan,Hanumangarh,156,1
2016,Rajasthan,Jaipur,309,1
2016,Rajasthan,Jaisalmer,175,0
2016,Rajasthan,Jalore,219,0
2016,Rajasthan,Jhalawar,72,0
2016,Rajasthan,Jhunjhunu,74,0
2016,Rajasthan,Jodhpur,399,0
2016,Rajasthan,Karauli,127,0
2016,Rajasthan,Kota,495,2
2016,Rajasthan,Nagaur,449,0
2016,Rajasthan,Pali,453,0
2016,Rajasthan,Pratapgarh,885,0
2016,Rajasthan,Rajsamand,576,0
2016,Rajasthan,Sawai Madhopur,202,0
2016,Rajasthan,Sikar,59,0
2016,Rajasthan,Sirohi,178,0
2016,Rajasthan,Tonk,57,0
2016,Rajasthan,Udaipur,1191,0
2016,Sikkim,Gangtok,10,0
2016,Sikkim,Gyalshing,2,0
2016,Sikkim,Mangan,1,0
2016,Sikkim,Namchi,2,0
2016,Sikkim,Aranthangi#,4,0
2016,Sikkim,Ariyalur,2,0
2016,Sikkim,Chengalpattu,12,0
2016,Sikkim,Chennai,2707,0
2016,Sikkim,Cheyyar#,20,0
2016,Sikkim,Coimbatore,34,0
2016,Sikkim,Cuddalore,17,0
2016,Sikkim,Dharmapuri,111,0
2016,Sikkim,Dindigul,16,0
2016,Sikkim,Erode,0,0
2016,Tamil Nadu,Kallakurichi,9,0
2016,Tamil Nadu,Kanchipuram,5,0
2016,Tamil Nadu,Kanniyakumari,253,0
2016,Tamil Nadu,Karur,8,0
2016,Tamil Nadu,Kovilpatti#,6,0
2016,Tamil Nadu,Krishnagiri,4,0
2016,Tamil Nadu,Madurai,61,0
2016,Tamil Nadu,Nagapattinam,46,0
2016,Tamil Nadu,Namakkal,7,0
2016,Tamil Nadu,Palani#,6,0
2016,Tamil Nadu,Paramakudi#,19,0
2016,Tamil Nadu,Perambalur,3,0
2016,Tamil Nadu,Poonamallee#,2,0
2016,Tamil Nadu,Pudukkottai,3,0
2016,Tamil Nadu,Ramanathapuram,292,0
2016,Tamil Nadu,Salem,49,0
2016,Tamil Nadu,Sivaganga,3,0
2016,Tamil Nadu,Sivakasi#,7,0
2016,Tamil Nadu,Tenkasi,17,0
2016,Tamil Nadu,Thanjavur,36,0
2016,Tamil Nadu,The Nilgiris,0,0
2016,Tamil Nadu,Theni,13,0
2016,Tamil Nadu,Thiruvallur,14,0
2016,Tamil Nadu,Thiruvarur,12,0
2016,Tamil Nadu,Tiruchirappalli,26,0
2016,Tamil Nadu,Tirunelveli,8,0
2016,Tamil Nadu,Tirupathur,24,0
2016,Tamil Nadu,Tiruppur,1,0
2016,Tamil Nadu,Tiruvannamalai,107,0
2016,Tamil Nadu,Tuticorin,149,0
2016,Tamil Nadu,Vellore,197,0
2016,Tamil Nadu,Villupuram,21,0
2016,Tamil Nadu,Virudhunagar,10,0
2016,Telangana,Adilabad,1213,0
2016,Telangana,Hyderabad,168,0
2016,Telangana,Karimnagar,67,0
2016,Telangana,Khammam,1252,1
2016,Telangana,Mahabubnagar,52,0
2016,Telangana,Medak,73,0
2016,Telangana,Nalgonda,18,0
2016,Telangana,Nizamabad,45,0
2016,Telangana,Ranga Reddy,37,0
2016,Telangana,Warangal,587,0
2016,Telangana,Dhalai,5183,8
2016,Telangana,Gomati,1468,0
2016,Telangana,Khowai,668,2
2016,Telangana,North Tripura,1012,1
2016,Telangana,Sepahijala,77,0
2016,Telangana,South Tripura,1749,3
2016,Telangana,Unakoti,130,0
2016,Telangana,West Tripura,259,0
2016,Telangana,Agra,98,0
2016,Telangana,Aligarh,721,0
2016,Telangana,Ambedkar Nagar,31,0
2016,Telangana,Amethi,26,0
2016,Telangana,Amroha,241,0
2016,Telangana,Auraiya,447,0
2016,Telangana,Ayodhya,28,0
2016,Telangana,Azamgarh,12,0
2016,Telangana,Baghpat,295,0
2016,Telangana,Bahraich,33,0
2016,Telangana,Ballia,0,0
2016,Telangana,Balrampur,5,0
2016,Telangana,Banda,610,0
2016,Telangana,Barabanki,22,0
2016,Telangana,Bareilly,395,0
2016,Telangana,Basti,12,0
2016,Telangana,Bhadohi,1591,0
2016,Telangana,Bijnor,464,0
2016,Telangana,Budaun,989,0
2016,Telangana,Bulandshahr,287,0
2016,Telangana,Chandauli,11,0
2016,Telangana,Chitrakoot,706,0
2016,Telangana,Deoria,12,0
2016,Telangana,Etah,603,0
2016,Telangana,Etawah,153,0
2016,Telangana,Farrukhabad,816,0
2016,Telangana,Fatehpur,579,0
2016,Telangana,Firozabad,181,0
2016,Telangana,Gautam Buddha Nagar,407,0
2016,Telangana,Ghaziabad,128,0
2016,Telangana,Ghazipur,79,0
2016,Telangana,Gonda,71,0
2016,Telangana,Gorakhpur,7,0
2016,Telangana,Hamirpur,353,0
2016,Telangana,Hapur,289,0
2016,Telangana,Hardoi,436,0
2016,Telangana,Hathras,439,0
2016,Telangana,Jalaun,422,0
2016,Telangana,Jaunpur,243,0
2016,Telangana,Jhansi,290,0
2016,Telangana,Kannauj,295,0
2016,Telangana,Kanpur Dehat,418,0
2016,Telangana,Kanpur Nagar,182,0
2016,Telangana,Kasganj,191,0
2016,Telangana,Kaushambi,326,0
2016,Telangana,Kheri,194,0
2016,Telangana,Kushi Nagar,160,0
2016,Telangana,Lalitpur,221,0
2016,Telangana,Lucknow,28,0
2016,Telangana,Maharajganj,8,0
2016,Telangana,Mahoba,222,0
2016,Telangana,Mainpuri,94,0
2016,Telangana,Mathura,185,0
2016,Telangana,Mau,7,0
2016,Telangana,Meerut,211,0
2016,Telangana,Mirzapur,3713,0
2016,Telangana,Moradabad,501,0
2016,Telangana,Muzaffarnagar,2200,0
2016,Telangana,Pilibhit,11,0
2016,Telangana,Pratapgarh,102,0
2016,Telangana,Prayagraj,6136,0
2016,Telangana,Rae Bareli,189,0
2016,Telangana,Rampur,802,0
2016,Telangana,Saharanpur,2716,0
2016,Telangana,Sambhal,308,0
2016,Telangana,Sant Kabeer Nagar,49,0
2016,Telangana,Shahjahanpur,32,0
2016,Telangana,Shamli,510,0
2016,Telangana,Shravasti,28,0
2016,Telangana,Siddharth Nagar,160,0
2016,Telangana,Sitapur,23,0
2016,Telangana,Sonbhadra,7185,0
2016,Telangana,Sultanpur,190,0
2016,Telangana,Unnao,32,0
2016,Telangana,Varanasi,539,0
2016,Uttarakhand,Almora,0,0
2016,Uttarakhand,Bageshwar,3,0
2016,Uttarakhand,Chamoli,11,0
2016,Uttarakhand,Champawat,4,0
2016,Uttarakhand,Dehradun,192,0
2016,Uttarakhand,Haridwar,483,0
2016,Uttarakhand,Nainital,43,0
2016,Uttarakhand,Pauri Garhwal,181,0
2016,Uttarakhand,Pithoragarh,0,0
2016,Uttarakhand,Rudra Prayag,4,0
2016,Uttarakhand,Tehri Garhwal,21,0
2016,Uttarakhand,Udam Singh Nagar,19,0
2016,Uttarakhand,Uttar Kashi,0,0
2016,Uttarakhand,24 Paraganas North,707,2
2016,Uttarakhand,24 Paraganas South,886,2
2016,Uttarakhand,Alipurduar,373,1
2016,Uttarakhand,Bankura,1026,14
2016,Uttarakhand,Bardhaman,298,10
2016,Uttarakhand,Birbhum,317,2
2016,Uttarakhand,Coochbehar,259,0
2016,West Bengal,Darjeeling,73,0
2016,West Bengal,Dinajpur Dakshin,336,0
2016,West Bengal,Dinajpur Uttar,130,0
2016,West Bengal,Hooghly,268,1
2016,West Bengal,Howrah,1181,2
2016,West Bengal,Jalpaiguri,165,1
2016,West Bengal,KMUHO#,180,0
2016,West Bengal,Kolkata,16498,0
2016,West Bengal,Maldah,1815,1
2016,West Bengal,Medinipur East,322,0
2016,West Bengal,Medinipur West,898,14
2016,West Bengal,Murshidabad,1718,0
2016,West Bengal,Nadia,486,1
2016,West Bengal,Purulia,3305,8
2016,West Bengal,Pvt. Hospital & Others#,3995,0
2017,Andaman And Nicobar Islands,Nicobars,424,0
2017,Andaman And Nicobar Islands,North And Middle Andaman,9,0
2017,Andaman And Nicobar Islands,South Andamans,72,0
2017,Andhra Pradesh,Anantapur,496,0
2017,Andhra Pradesh,Chittoor,87,0
2017,Andhra Pradesh,East Godavari,5995,0
2017,Andhra Pradesh,Guntur,962,0
2017,Andhra Pradesh,Krishna,666,0
2017,Andhra Pradesh,Kurnool,91,0
2017,Andhra Pradesh,Prakasam,262,0
2017,Andhra Pradesh,SPSR Nellore,125,0
2017,Andhra Pradesh,Srikakulam,592,0
2017,Andhra Pradesh,Visakhapatanam,4836,0
2017,Andhra Pradesh,Vizianagaram,1835,0
2017,Andhra Pradesh,West Godavari,504,0
2017,Andhra Pradesh,Y.S.R.,521,0
2017,Andhra Pradesh,Anjaw,2,0
2017,Andhra Pradesh,Changlang,91,0
2017,Andhra Pradesh,Dibang Valley,0,0
2017,Andhra Pradesh,East Kameng,116,0
2017,Andhra Pradesh,East Siang,203,0
2017,Andhra Pradesh,Kra Daadi,0,0
2017,Andhra Pradesh,Kurung Kumey,21,0
2017,Andhra Pradesh,Lohit,66,0
2017,Andhra Pradesh,Longding,111,0
2017,Andhra Pradesh,Lower Dibang Valley,58,0
2017,Andhra Pradesh,Lower Subansiri,25,0
2017,Andhra Pradesh,Namsai,208,0
2017,Andhra Pradesh,Papum Pare,75,0
2017,Andhra Pradesh,Siang,33,0
2017,Andhra Pradesh,Tawang,2,0
2017,Andhra Pradesh,Tirap,45,0
2017,Andhra Pradesh,Upper Siang,31,0
2017,Andhra Pradesh,Upper Subansiri,284,0
2017,Andhra Pradesh,West Kameng,64,0
2017,Andhra Pradesh,West Siang,111,0
2017,Assam,Baksa,219,0
2017,Assam,Barpeta,18,0
2017,Assam,Bongaigaon,19,0
2017,Assam,Cachar,37,0
2017,Assam,Chirang,389,0
2017,Assam,Darrang,11,0
2017,Assam,Dhemaji,16,0
2017,Assam,Dhubri,32,0
2017,Assam,Dibrugarh,6,0
2017,Assam,Dima Hasao,222,0
2017,Assam,Goalpara,84,0
2017,Assam,Golaghat,14,0
2017,Assam,Hailakandi,73,0
2017,Assam,Jorhat,11,0
2017,Assam,Kamrup,45,0
2017,Assam,Kamrup Metro,10,0
2017,Assam,Karbi Anglong,1129,0
2017,Assam,Karimganj,93,0
2017,Assam,Kokrajhar,1540,0
2017,Assam,Lakhimpur,8,0
2017,Assam,Marigaon,23,0
2017,Assam,Nagaon,49,0
2017,Assam,Nalbari,16,0
2017,Assam,Sivasagar,10,0
2017,Assam,Sonitpur,52,0
2017,Assam,Tinsukia,26,0
2017,Assam,Udalguri,1129,0
2017,Assam,Araria,6,0
2017,Assam,Arwal,11,0
2017,Assam,Aurangabad,425,2
2017,Assam,Banka,8,0
2017,Assam,Begusarai,8,0
2017,Assam,Bhagalpur,31,0
2017,Assam,Bhojpur,9,0
2017,Assam,Buxar,93,0
2017,Assam,Darbhanga,0,0
2017,Assam,Gaya,1943,0
2017,Assam,Gopalganj,18,0
2017,Assam,Jamui,301,0
2017,Assam,Jehanabad,11,0
2017,Assam,Kaimur (Bhabua),210,0
2017,Assam,Katihar,24,0
2017,Assam,Khagaria,2,0
2017,Assam,Kishanganj,4,0
2017,Assam,Lakhisarai,113,0
2017,Bihar,Madhepura,41,0
2017,Bihar,Madhubani,26,0
2017,Bihar,Munger,149,0
2017,Bihar,Muzaffarpur,12,0
2017,Bihar,Nalanda,0,0
2017,Bihar,Nawada,142,0
2017,Bihar,Pashchim Champaran,0,0
2017,Bihar,Patna,4,0
2017,Bihar,Purbi Champaran,2,0
2017,Bihar,Purnia,66,0
2017,Bihar,Rohtas,324,0
2017,Bihar,Saharsa,0,0
2017,Bihar,Samastipur,0,0
2017,Bihar,Saran,9,0
2017,Bihar,Sheikhpura,15,0
2017,Bihar,Sheohar,6,0
2017,Bihar,Sitamarhi,2,0
2017,Bihar,Siwan,0,0
2017,Bihar,Supaul,5,0
2017,Bihar,Vaishali,0,0
2017,Chandigarh,Chandigarh,114,0
2017,Chhattisgarh,Balod,1006,1
2017,Chhattisgarh,Baloda Bazar,493,0
2017,Chhattisgarh,Balrampur,11012,0
2017,Chhattisgarh,Bastar,13331,23
2017,Chhattisgarh,Bemetara,47,1
2017,Chhattisgarh,Bijapur,18136,23
2017,Chhattisgarh,Bilaspur,1713,0
2017,Chhattisgarh,Dantewada,17248,10
2017,Chhattisgarh,Dhamtari,1294,0
2017,Chhattisgarh,Durg,1332,0
2017,Chhattisgarh,Gariyaband,2131,0
2017,Chhattisgarh,Janjgir-Champa,395,3
2017,Chhattisgarh,Jashpur,7963,0
2017,Chhattisgarh,Kabirdham,4079,5
2017,Chhattisgarh,Kanker,7400,0
2017,Chhattisgarh,Kondagaon,8659,6
2017,Chhattisgarh,Korba,4269,0
2017,Chhattisgarh,Korea,3656,0
2017,Chhattisgarh,Mahasamund,589,0
2017,Chhattisgarh,Mungeli,294,0
2017,Chhattisgarh,Narayanpur,6594,0
2017,Chhattisgarh,Raigarh,2751,2
2017,Chhattisgarh,Raipur,92,0
2017,Chhattisgarh,RajnandGaon,3928,0
2017,Chhattisgarh,Sukma,13871,6
2017,Chhattisgarh,Surajpur,6247,1
2017,Chhattisgarh,Surguja,2197,0
2017,D & N Haveli,Dadra And Nagar Haveli,290,0
2017,Daman & Diu,Daman,34,0
2017,Daman & Diu,Diu,4,0
2017,Delhi,New Delhi,577,0
2017,Goa,North Goa,417,1
2017,Goa,South Goa,236,0
2017,Gujarat,Ahmadabad,203,0
2017,Gujarat,Ahmadabad MC#,10205,6
2017,Gujarat,Amreli,901,0
2017,Gujarat,Anand,425,0
2017,Gujarat,Arvalli,131,0
2017,Gujarat,Banas kantha,2719,0
2017,Gujarat,Bharuch,279,0
2017,Gujarat,Bhavnagar,346,0
2017,Gujarat,Bhavnagar MC#,89,0
2017,Gujarat,Botad,66,0
2017,Gujarat,Chhotaudepur,691,0
2017,Gujarat,Dang,184,0
2017,Gujarat,Devbhumi Dwarka,103,0
2017,Gujarat,Dohad,1701,0
2017,Gujarat,Gandhinagar,217,0
2017,Gujarat,Gandhinagar MC#,179,0
2017,Gujarat,Gir Somnath,242,0
2017,Gujarat,Jamnagar,226,0
2017,Gujarat,Jamnagar MC#,31,0
2017,Gujarat,Junagadh,335,0
2017,Gujarat,Junagadh MC#,27,0
2017,Gujarat,Kachchh,1147,0
2017,Gujarat,Kheda,327,0
2017,Gujarat,Mahesana,489,0
2017,Gujarat,Mahisagar,290,0
2017,Gujarat,Morbi,957,0
2017,Gujarat,Narmada,138,0
2017,Gujarat,Navsari,441,0
2017,Gujarat,Panch Mahals,1154,0
2017,Gujarat,Patan,852,0
2017,Gujarat,Porbandar,130,0
2017,Gujarat,Rajkot,377,0
2017,Gujarat,Rajkot MC#,182,0
2017,Gujarat,Sabar kantha,555,0
2017,Gujarat,Surat,698,0
2017,Gujarat,Surat MC#,7099,1
2017,Gujarat,Surendranagar,2523,0
2017,Gujarat,Tapi,137,0
2017,Gujarat,Vadodara,409,0
2017,Gujarat,Vadodara MC#,1254,0
2017,Gujarat,Valsad,129,0
2017,Gujarat,Ambala,35,0
2017,Haryana,Bhiwani,65,0
2017,Haryana,Faridabad,161,0
2017,Haryana,Fatehabad,42,0
2017,Haryana,Gurugram,48,0
2017,Haryana,Hisar,168,0
2017,Haryana,Jhajjar,91,0
2017,Haryana,Jind,27,0
2017,Haryana,Kaithal,9,0
2017,Haryana,Karnal,85,0
2017,Haryana,Kurukshetra,40,0
2017,Haryana,Mahendragarh,25,0
2017,Haryana,Nuh,3643,0
2017,Haryana,Palwal,586,0
2017,Haryana,Panchkula,190,0
2017,Haryana,Panipat,37,0
2017,Haryana,Rewari,18,0
2017,Haryana,Rohtak,77,0
2017,Haryana,Sirsa,70,0
2017,Haryana,Sonipat,13,0
2017,Haryana,Yamunanagar,266,0
2017,Himachal Pradesh,Bilaspur,7,0
2017,Himachal Pradesh,Chamba,0,0
2017,Himachal Pradesh,Hamirpur,41,0
2017,Himachal Pradesh,Kangra,17,0
2017,Himachal Pradesh,Kullu,8,0
2017,Himachal Pradesh,Mandi,7,0
2017,Himachal Pradesh,Shimla,0,0
2017,Himachal Pradesh,Sirmaur,12,0
2017,Himachal Pradesh,Solan,4,0
2017,Himachal Pradesh,Una,0,0
2017,Jammu And Kashmir,Baramulla,0,0
2017,Jammu And Kashmir,Doda,2,0
2017,Jammu And Kashmir,Jammu,39,0
2017,Jammu And Kashmir,Kathua,33,0
2017,Jammu And Kashmir,Kishtwar,0,0
2017,Jammu And Kashmir,Poonch,21,0
2017,Jammu And Kashmir,Rajouri,85,0
2017,Jammu And Kashmir,Ramban,2,0
2017,Jammu And Kashmir,Reasi,8,0
2017,Jammu And Kashmir,Samba,5,0
2017,Jammu And Kashmir,Udhampur,8,0
2017,Jammu And Kashmir,UMCP Jammu#,23,0
2017,Jammu And Kashmir,Bokaro,1202,0
2017,Jammu And Kashmir,Chatra,2840,0
2017,Jammu And Kashmir,Deoghar,64,0
2017,Jammu And Kashmir,Dhanbad,384,0
2017,Jammu And Kashmir,Dumka,2426,0
2017,Jammu And Kashmir,East Singhbum,4638,0
2017,Jammu And Kashmir,Garhwa,9038,0
2017,Jharkhand,Giridih,7276,0
2017,Jharkhand,Godda,2214,0
2017,Jharkhand,Gumla,2483,0
2017,Jharkhand,Hazaribagh,3335,0
2017,Jharkhand,Jamtara,19,0
2017,Jharkhand,Khunti,3431,0
2017,Jharkhand,Koderma,902,0
2017,Jharkhand,Latehar,10069,0
2017,Jharkhand,Lohardaga,1251,0
2017,Jharkhand,Pakur,2257,0
2017,Jharkhand,Palamu,7398,0
2017,Jharkhand,Ramgarh,567,0
2017,Jharkhand,Ranchi,1619,0
2017,Jharkhand,Sahebganj,3325,0
2017,Jharkhand,Saraikela Kharsawan,4939,0
2017,Jharkhand,Simdega,5053,0
2017,Jharkhand,West Singhbhum,17384,0
2017,Jharkhand,A.M.U. Almatti#,51,0
2017,Jharkhand,A.M.U. B. Gudi#,5,0
2017,Jharkhand,A.M.U. Kembhavi#,0,0
2017,Jharkhand,Bagalkote,153,0
2017,Jharkhand,Ballari,33,0
2017,Jharkhand,BBMP#,0,0
2017,Jharkhand,Belagavi,34,0
2017,Jharkhand,Bengaluru Rural,3,0
2017,Jharkhand,Bengaluru Urban,10,0
2017,Jharkhand,Bidar,39,0
2017,Jharkhand,Chamarajanagara,30,0
2017,Jharkhand,ChikkaBallaPura,5,0
2017,Jharkhand,Chikkamagaluru,18,0
2017,Jharkhand,Chitradurga,17,0
2017,Jharkhand,Dakshina Kannada,4741,0
2017,Jharkhand,Davangere,20,0
2017,Jharkhand,Dharwad,76,0
2017,Jharkhand,Gadag,198,0
2017,Jharkhand,Hassan,14,0
2017,Jharkhand,Haveri,76,0
2017,Jharkhand,Kalaburagi,177,0
2017,Jharkhand,Kodagu,1,0
2017,Jharkhand,Kolar,11,0
2017,Jharkhand,Koppal,159,0
2017,Jharkhand,Mandya,29,0
2017,Jharkhand,Mysuru,0,0
2017,Jharkhand,Raichur,220,0
2017,Jharkhand,Ramanagara,6,0
2017,Jharkhand,Shivamogga,28,0
2017,Jharkhand,Tumakuru,114,0
2017,Jharkhand,U.K.P.N. PURA#,306,0
2017,Jharkhand,Udupi,513,0
2017,Jharkhand,Uttara Kannada,41,0
2017,Jharkhand,Vijayapura,44,0
2017,Jharkhand,Yadgir,209,0
2017,Kerala,Alappuzha,24,0
2017,Kerala,Ernakulam,138,0
2017,Kerala,Idukki,36,0
2017,Kerala,Kannur,119,0
2017,Kerala,Kasaragod,171,0
2017,Kerala,Kollam,47,0
2017,Kerala,Kottayam,54,0
2017,Kerala,Kozhikode,179,0
2017,Kerala,Malappuram,130,0
2017,Kerala,Palakkad,38,0
2017,Kerala,Pathanamthitta,62,1
2017,Kerala,Thiruvananthapuram,70,1
2017,Kerala,Thrissur,105,0
2017,Kerala,Wayanad,19,0
2017,Lakshadweep,Lakshadweep District,1,0
2017,Lakshadweep,Agar Malwa,112,0
2017,Lakshadweep,Alirajpur,704,0
2017,Lakshadweep,Anuppur,3826,0
2017,Lakshadweep,Ashoknagar,579,0
2017,Lakshadweep,Balaghat,1407,0
2017,Lakshadweep,Barwani,178,0
2017,Lakshadweep,Betul,1424,0
2017,Lakshadweep,Bhind,1925,0
2017,Lakshadweep,Bhopal,805,0
2017,Lakshadweep,Burhanpur,64,0
2017,Lakshadweep,Chhatarpur,245,0
2017,Lakshadweep,Chhindwara,2337,1
2017,Lakshadweep,Damoh,381,0
2017,Lakshadweep,Datia,506,0
2017,Lakshadweep,Dewas,122,0
2017,Lakshadweep,Dhar,834,1
2017,Lakshadweep,Dindori,1331,0
2017,Lakshadweep,East Nimar,224,0
2017,Lakshadweep,Guna,772,0
2017,Lakshadweep,Gwalior,1393,0
2017,Lakshadweep,Harda,147,0
2017,Lakshadweep,Indore,77,0
2017,Lakshadweep,Jabalpur,316,0
2017,Lakshadweep,Jhabua,2314,0
2017,Lakshadweep,Katni,587,0
2017,Lakshadweep,Khargone,428,0
2017,Lakshadweep,Mandla,548,0
2017,Lakshadweep,Mandsaur,233,0
2017,Lakshadweep,Morena,817,0
2017,Lakshadweep,Narmadapuram,1141,0
2017,Lakshadweep,Narsinghpur,843,0
2017,Lakshadweep,Neemuch,87,0
2017,Lakshadweep,Panna,868,0
2017,Lakshadweep,Raisen,723,0
2017,Lakshadweep,Rajgarh,734,0
2017,Lakshadweep,Ratlam,1047,0
2017,Lakshadweep,Rewa,1312,0
2017,Lakshadweep,Sagar,462,0
2017,Lakshadweep,Satna,1539,0
2017,Lakshadweep,Sehore,383,0
2017,Lakshadweep,Seoni,384,0
2017,Lakshadweep,Shahdol,381,0
2017,Lakshadweep,Shajapur,106,0
2017,Lakshadweep,Sheopur,4912,0
2017,Lakshadweep,Shivpuri,1648,0
2017,Lakshadweep,Sidhi,1862,0
2017,Lakshadweep,Singrauli,2428,3
2017,Lakshadweep,Tikamgarh,727,0
2017,Lakshadweep,Ujjain,231,0
2017,Lakshadweep,Umaria,540,0
2017,Lakshadweep,Vidisha,547,0
2017,Lakshadweep,Ahmednagar,13,0
2017,Lakshadweep,Akola,53,0
2017,Lakshadweep,Amravati,146,0
2017,Lakshadweep,Aurangabad,18,0
2017,Lakshadweep,Beed,14,0
2017,Lakshadweep,Bhandara,14,0
2017,Lakshadweep,Buldhana,31,0
2017,Lakshadweep,Chandrapur,314,1
2017,Lakshadweep,Dhule,80,0
2017,Lakshadweep,Gadchiroli,5484,5
2017,Lakshadweep,Gondia,674,2
2017,Lakshadweep,Hingoli,1,0
2017,Lakshadweep,Jalgaon,33,0
2017,Lakshadweep,Jalna,3,0
2017,Lakshadweep,Kolhapur,79,0
2017,Lakshadweep,Latur,10,0
2017,Lakshadweep,Mumbai,6019,7
2017,Lakshadweep,Nagpur,80,0
2017,Lakshadweep,Nagpur MC#,14,0
2017,Lakshadweep,Nanded,14,0
2017,Lakshadweep,Nandurbar,147,0
2017,Lakshadweep,Nashik,40,0
2017,Lakshadweep,Osmanabad,2,0
2017,Lakshadweep,Palghar,369,0
2017,Lakshadweep,Parbhani,2,0
2017,Lakshadweep,Pune,92,0
2017,Lakshadweep,Pune MC#,9,0
2017,Lakshadweep,Raigad,732,0
2017,Lakshadweep,Ratnagiri,112,0
2017,Lakshadweep,Sangli,52,0
2017,Lakshadweep,Satara,113,0
2017,Lakshadweep,Sindhudurg,235,3
2017,Lakshadweep,Solapur,16,0
2017,Lakshadweep,Thane,2615,2
2017,Lakshadweep,Wardha,25,0
2017,Lakshadweep,Washim,12,0
2017,Lakshadweep,Yavatmal,43,0
2017,Manipur,Bishnupur,3,0
2017,Manipur,Chandel,4,0
2017,Manipur,Churachandpur,54,0
2017,Manipur,Imphal East,5,0
2017,Manipur,Imphal Urban#,0,0
2017,Manipur,Imphal West,1,0
2017,Manipur,Jiribam,0,0
2017,Manipur,Kangpokpi,3,0
2017,Manipur,Senapati,1,0
2017,Manipur,Tamenglong,0,0
2017,Manipur,Tengnoupal,3,0
2017,Manipur,Thoubal,3,0
2017,Manipur,Ukhrul,3,0
2017,Meghalaya,East Garo Hills,3090,1
2017,Meghalaya,East Khasi Hills,128,0
2017,Meghalaya,Ri Bhoi,186,0
2017,Meghalaya,South Garo Hills,9382,6
2017,Meghalaya,West Garo Hills,1556,4
2017,Meghalaya,West Jaintia Hills,834,1
2017,Meghalaya,West Khasi Hills,1278,0
2017,Mizoram,Aizawl,78,0
2017,Mizoram,Aizawl West#,73,0
2017,Mizoram,Champhai,6,0
2017,Mizoram,Kolasib,119,0
2017,Mizoram,Lawngtlai,2974,2
2017,Mizoram,Lunglei,1479,0
2017,Mizoram,Mamit,785,0
2017,Mizoram,Saiha,192,0
2017,Mizoram,Serchhip,9,2
2017,Nagaland,Mon,31,0
2017,Nagaland,Dimapur,27,1
2017,Nagaland,Kiphire,9,0
2017,Nagaland,Kohima,23,0
2017,Nagaland,Longleng,10,0
2017,Nagaland,Mokokchung,97,0
2017,Nagaland,Peren,8,0
2017,Nagaland,Phek,8,0
2017,Nagaland,Tuensang,39,0
2017,Nagaland,UVBDS Dimapur#,85,0
2017,Nagaland,Wokha,40,0
2017,Nagaland,Zunheboto,17,0
2017,Odisha,Anugul,9854,3
2017,Odisha,Balangir,3983,2
2017,Odisha,Baleshwar,753,0
2017,Odisha,Bargarh,1843,0
2017,Odisha,Bhadrak,434,0
2017,Odisha,Boudh,2260,0
2017,Odisha,Cuttack,772,0
2017,Odisha,Deogarh,1528,0
2017,Odisha,Dhenkanal,1243,0
2017,Odisha,Gajapati,16226,0
2017,Odisha,Ganjam,10072,2
2017,Odisha,Jagatsinghapur,129,0
2017,Odisha,Jajapur,643,0
2017,Odisha,Jharsuguda,759,2
2017,Odisha,Kalahandi,31265,0
2017,Odisha,Kandhamal,35654,3
2017,Odisha,Kendrapara,82,0
2017,Odisha,Kendujhar,33918,3
2017,Odisha,Khordha,744,0
2017,Odisha,Koraput,39172,1
2017,Odisha,Malkangiri,25012,0
2017,Odisha,Mayurbhanj,29252,1
2017,Odisha,Nabarangpur,16875,0
2017,Odisha,Nayagarh,3393,1
2017,Odisha,Nuapada,2959,1
2017,Odisha,Puri,229,0
2017,Odisha,Rayagada,52990,4
2017,Odisha,Sambalpur,5119,0
2017,Odisha,Sonepur,1607,0
2017,Odisha,Sundargarh,19090,1
2017,Puducherry,Karaikal,8,0
2017,Puducherry,Mahe,0,0
2017,Puducherry,Pondicherry,48,0
2017,Puducherry,Yanam,4,0
2017,Puducherry,Amritsar,26,0
2017,Puducherry,Barnala,7,0
2017,Puducherry,Bathinda,64,0
2017,Puducherry,Faridkot,16,0
2017,Puducherry,Fatehgarh Sahib,5,0
2017,Puducherry,Fazilka,9,0
2017,Puducherry,Ferozepur,19,0
2017,Puducherry,Gurdaspur,12,0
2017,Puducherry,Hoshiarpur,153,0
2017,Puducherry,Jalandhar,56,0
2017,Puducherry,Kapurthala,8,0
2017,Puducherry,Ludhiana,35,0
2017,Puducherry,Mansa,152,0
2017,Puducherry,Moga,5,0
2017,Puducherry,Pathankot,3,0
2017,Puducherry,Patiala,31,0
2017,Puducherry,Rupnagar,9,0
2017,Puducherry,S.A.S Nagar,1,0
2017,Puducherry,Sangrur,6,0
2017,Puducherry,Shahid Bhagat Singh Nagar,128,0
2017,Puducherry,Sri Muktsar Sahib,45,0
2017,Puducherry,Tarn taran,15,0
2017,Rajasthan,Ajmer,141,0
2017,Rajasthan,Alwar,366,0
2017,Rajasthan,Banswara,421,0
2017,Rajasthan,Baran,445,0
2017,Rajasthan,Barmer,885,0
2017,Rajasthan,Bharatpur,948,0
2017,Rajasthan,Bhilwara,112,0
2017,Rajasthan,Bikaner,106,0
2017,Rajasthan,Bundi,180,0
2017,Rajasthan,Chittorgarh,407,0
2017,Rajasthan,Churu,148,0
2017,Rajasthan,Dausa,61,0
2017,Rajasthan,Dholpur,101,0
2017,Rajasthan,Dungarpur,686,0
2017,Rajasthan,Ganganagar,85,0
2017,Rajasthan,Hanumangarh,78,0
2017,Rajasthan,Jaipur,184,0
2017,Rajasthan,Jaisalmer,305,0
2017,Rajasthan,Jalore,281,0
2017,Rajasthan,Jhalawar,98,0
2017,Rajasthan,Jhunjhunu,34,0
2017,Rajasthan,Jodhpur,534,0
2017,Rajasthan,Karauli,52,0
2017,Rajasthan,Kota,412,0
2017,Rajasthan,Nagaur,328,0
2017,Rajasthan,Pali,399,0
2017,Rajasthan,Pratapgarh,408,0
2017,Rajasthan,Rajsamand,453,0
2017,Rajasthan,Sawai Madhopur,175,0
2017,Rajasthan,Sikar,47,0
2017,Rajasthan,Sirohi,226,0
2017,Rajasthan,Tonk,41,0
2017,Rajasthan,Udaipur,1460,0
2017,Sikkim,Gangtok,11,0
2017,Sikkim,Gyalshing,1,0
2017,Sikkim,Mangan,0,0
2017,Sikkim,Namchi,2,0
2017,Sikkim,Aranthangi#,1,0
2017,Sikkim,Ariyalur,2,0
2017,Sikkim,Chengalpattu,12,0
2017,Sikkim,Chennai,3895,0
2017,Tamil Nadu,Cheyyar#,23,0
2017,Tamil Nadu,Coimbatore,12,0
2017,Tamil Nadu,Cuddalore,21,0
2017,Tamil Nadu,Dharmapuri,55,0
2017,Tamil Nadu,Dindigul,27,0
2017,Tamil Nadu,Erode,0,0
2017,Tamil Nadu,Kallakurichi,2,0
2017,Tamil Nadu,Kanchipuram,5,0
2017,Tamil Nadu,Kanniyakumari,469,0
2017,Tamil Nadu,Karur,5,0
2017,Tamil Nadu,Kovilpatti#,2,0
2017,Tamil Nadu,Krishnagiri,2,0
2017,Tamil Nadu,Madurai,29,0
2017,Tamil Nadu,Nagapattinam,15,0
2017,Tamil Nadu,Namakkal,1,0
2017,Tamil Nadu,Palani#,5,0
2017,Tamil Nadu,Paramakudi#,7,0
2017,Tamil Nadu,Perambalur,2,0
2017,Tamil Nadu,Poonamallee#,3,0
2017,Tamil Nadu,Pudukkottai,4,0
2017,Tamil Nadu,Ramanathapuram,227,0
2017,Tamil Nadu,Salem,16,0
2017,Tamil Nadu,Sivaganga,2,0
2017,Tamil Nadu,Sivakasi#,5,0
2017,Tamil Nadu,Tenkasi,4,0
2017,Tamil Nadu,Thanjavur,28,0
2017,Tamil Nadu,The Nilgiris,0,0
2017,Tamil Nadu,Theni,4,0
2017,Tamil Nadu,Thiruvallur,34,0
2017,Tamil Nadu,Thiruvarur,6,0
2017,Tamil Nadu,Tiruchirappalli,28,0
2017,Tamil Nadu,Tirunelveli,0,0
2017,Tamil Nadu,Tirupathur,1,0
2017,Tamil Nadu,Tiruppur,0,0
2017,Tamil Nadu,Tiruvannamalai,158,0
2017,Tamil Nadu,Tuticorin,77,0
2017,Tamil Nadu,Vellore,229,0
2017,Tamil Nadu,Villupuram,18,0
2017,Tamil Nadu,Virudhunagar,8,0
2017,Tamil Nadu,Adilabad,58,0
2017,Tamil Nadu,Bhadradri Kothagudem,726,0
2017,Tamil Nadu,Hanumakonda,22,0
2017,Tamil Nadu,Hyderabad,682,0
2017,Tamil Nadu,Jagitial,12,0
2017,Tamil Nadu,Jangoan,11,0
2017,Tamil Nadu,Jayashankar Bhupalapally,568,0
2017,Tamil Nadu,Jogulamba Gadwal,3,0
2017,Telangana,Kamareddy,22,0
2017,Telangana,Karimnagar,10,0
2017,Telangana,Khammam,42,0
2017,Telangana,Kumuram Bheem Asifabad,161,0
2017,Telangana,Mahabubabad,21,0
2017,Telangana,Mahabubnagar,8,0
2017,Telangana,Mancherial,72,0
2017,Telangana,Medak,20,0
2017,Telangana,Medchal Malkajgiri,55,0
2017,Telangana,Nagarkurnool,10,0
2017,Telangana,Nalgonda,3,0
2017,Telangana,Nirmal,6,0
2017,Telangana,Nizamabad,38,0
2017,Telangana,Peddapalli,2,0
2017,Telangana,Rajanna Sircilla,1,0
2017,Telangana,Ranga Reddy,23,0
2017,Telangana,Sangareddy,47,0
2017,Telangana,Siddipet,7,0
2017,Telangana,Suryapet,10,0
2017,Telangana,Vikarabad,12,0
2017,Telangana,Wanaparthy,7,0
2017,Telangana,Warangal,26,0
2017,Telangana,Yadadri Bhuvanagiri,3,0
2017,Tripura,Dhalai,4016,3
2017,Tripura,Gomati,783,0
2017,Tripura,Khowai,460,0
2017,Tripura,North Tripura,571,2
2017,Tripura,Sepahijala,45,0
2017,Tripura,South Tripura,969,0
2017,Tripura,Unakoti,85,1
2017,Tripura,West Tripura,122,0
2017,Tripura,Agra,83,0
2017,Tripura,Aligarh,529,0
2017,Tripura,Ambedkar Nagar,20,0
2017,Tripura,Amethi,60,0
2017,Tripura,Amroha,190,0
2017,Tripura,Auraiya,522,0
2017,Tripura,Ayodhya,7,0
2017,Tripura,Azamgarh,15,0
2017,Tripura,Baghpat,133,0
2017,Tripura,Bahraich,14,0
2017,Tripura,Ballia,4,0
2017,Tripura,Balrampur,12,0
2017,Tripura,Banda,617,0
2017,Tripura,Barabanki,3,0
2017,Tripura,Bareilly,274,0
2017,Tripura,Basti,13,0
2017,Tripura,Bhadohi,998,0
2017,Tripura,Bijnor,427,0
2017,Tripura,Budaun,1325,0
2017,Tripura,Bulandshahr,180,0
2017,Tripura,Chandauli,53,0
2017,Tripura,Chitrakoot,701,0
2017,Tripura,Deoria,9,0
2017,Tripura,Etah,496,0
2017,Tripura,Etawah,151,0
2017,Tripura,Farrukhabad,906,0
2017,Tripura,Fatehpur,488,0
2017,Tripura,Firozabad,164,0
2017,Tripura,Gautam Buddha Nagar,404,0
2017,Tripura,Ghaziabad,295,0
2017,Tripura,Ghazipur,68,0
2017,Tripura,Gonda,48,0
2017,Tripura,Gorakhpur,29,0
2017,Tripura,Hamirpur,306,0
2017,Tripura,Hapur,298,0
2017,Tripura,Hardoi,526,0
2017,Tripura,Hathras,244,0
2017,Tripura,Jalaun,258,0
2017,Tripura,Jaunpur,167,0
2017,Tripura,Jhansi,281,0
2017,Tripura,Kannauj,547,0
2017,Tripura,Kanpur Dehat,463,0
2017,Tripura,Kanpur Nagar,299,0
2017,Tripura,Kasganj,256,0
2017,Tripura,Kaushambi,320,0
2017,Tripura,Kheri,125,0
2017,Tripura,Kushi Nagar,88,0
2017,Tripura,Lalitpur,288,0
2017,Tripura,Lucknow,89,0
2017,Tripura,Maharajganj,10,0
2017,Tripura,Mahoba,184,0
2017,Tripura,Mainpuri,137,0
2017,Tripura,Mathura,103,0
2017,Tripura,Mau,3,0
2017,Tripura,Meerut,93,0
2017,Tripura,Mirzapur,3769,0
2017,Tripura,Moradabad,450,0
2017,Tripura,Muzaffarnagar,875,0
2017,Tripura,Pilibhit,15,0
2017,Tripura,Pratapgarh,92,0
2017,Tripura,Prayagraj,3353,0
2017,Tripura,Rae Bareli,42,0
2017,Tripura,Rampur,617,0
2017,Tripura,Saharanpur,1141,0
2017,Tripura,Sambhal,373,0
2017,Tripura,Sant Kabeer Nagar,42,0
2017,Tripura,Shahjahanpur,63,0
2017,Tripura,Shamli,263,0
2017,Tripura,Shravasti,30,0
2017,Tripura,Siddharth Nagar,182,0
2017,Tripura,Sitapur,19,0
2017,Tripura,Sonbhadra,6034,0
2017,Tripura,Sultanpur,228,0
2017,Tripura,Unnao,28,0
2017,Tripura,Varanasi,406,0
2017,Uttarakhand,Almora,1,0
2017,Uttarakhand,Bageshwar,2,0
2017,Uttarakhand,Chamoli,2,0
2017,Uttarakhand,Champawat,18,0
2017,Uttarakhand,Dehradun,58,0
2017,Uttarakhand,Haridwar,176,0
2017,Uttarakhand,Nainital,53,0
2017,Uttarakhand,Pauri Garhwal,161,0
2017,Uttarakhand,Pithoragarh,0,0
2017,Uttarakhand,Rudra Prayag,0,0
2017,Uttarakhand,Tehri Garhwal,6,0
2017,Uttarakhand,Udam Singh Nagar,31,0
2017,Uttarakhand,Uttar Kashi,0,0
2017,West Bengal,24 Paraganas North,795,1
2017,West Bengal,24 Paraganas South,1247,0
2017,West Bengal,Alipurduar,1115,0
2017,West Bengal,Bankura,862,2
2017,West Bengal,Bardhaman,323,3
2017,West Bengal,Birbhum,197,0
2017,West Bengal,Coochbehar,129,1
2017,West Bengal,Darjeeling,58,0
2017,West Bengal,Dinajpur Dakshin,234,0
2017,West Bengal,Dinajpur Uttar,406,1
2017,West Bengal,Hooghly,318,0
2017,West Bengal,Howrah,1510,1
2017,West Bengal,Jalpaiguri,412,1
2017,West Bengal,KMUHO#,67,0
2017,West Bengal,Kolkata,17032,0
2017,West Bengal,Maldah,1095,0
2017,West Bengal,Medinipur East,453,0
2017,West Bengal,Medinipur West,725,12
2017,West Bengal,Murshidabad,1459,2
2017,West Bengal,Nadia,549,0
2017,West Bengal,Purulia,2107,5
2017,West Bengal,Pvt. Hospital & Others#,172,0
2018,Andaman And Nicobar Islands,Nicobars,218,0
2018,Andaman And Nicobar Islands,North And Middle Andaman,2,0
2018,Andaman And Nicobar Islands,South Andamans,39,0
2018,Andhra Pradesh,Anantapur,186,0
2018,Andhra Pradesh,Chittoor,44,0
2018,Andhra Pradesh,East Godavari,1865,0
2018,Andhra Pradesh,Guntur,420,0
2018,Andhra Pradesh,Krishna,27,0
2018,Andhra Pradesh,Kurnool,65,0
2018,Andhra Pradesh,Prakasam,152,0
2018,Andhra Pradesh,SPSR Nellore,47,0
2018,Andhra Pradesh,Srikakulam,264,0
2018,Andhra Pradesh,Visakhapatanam,2252,0
2018,Andhra Pradesh,Vizianagaram,305,0
2018,Andhra Pradesh,West Godavari,209,0
2018,Andhra Pradesh,Y.S.R.,204,0
2018,Arunachal Pradesh,Anjaw,0,0
2018,Arunachal Pradesh,Changlang,33,0
2018,Arunachal Pradesh,Dibang Valley,1,0
2018,Arunachal Pradesh,East Kameng,112,0
2018,Arunachal Pradesh,East Siang,93,0
2018,Arunachal Pradesh,Kra Daadi,1,0
2018,Arunachal Pradesh,Kurung Kumey,8,0
2018,Arunachal Pradesh,Lohit,26,0
2018,Arunachal Pradesh,Longding,37,0
2018,Arunachal Pradesh,Lower Dibang Valley,11,0
2018,Arunachal Pradesh,Lower Siang,18,0
2018,Arunachal Pradesh,Lower Subansiri,11,0
2018,Arunachal Pradesh,Namsai,25,0
2018,Arunachal Pradesh,Papum Pare,16,0
2018,Arunachal Pradesh,Siang,4,0
2018,Arunachal Pradesh,Tawang,2,0
2018,Arunachal Pradesh,Tirap,29,0
2018,Arunachal Pradesh,Upper Siang,22,0
2018,Arunachal Pradesh,Upper Subansiri,143,0
2018,Arunachal Pradesh,West Kameng,24,0
2018,Arunachal Pradesh,West Siang,9,0
2018,Arunachal Pradesh,Baksa,59,0
2018,Arunachal Pradesh,Barpeta,11,0
2018,Arunachal Pradesh,Bongaigaon,16,0
2018,Arunachal Pradesh,Cachar,18,1
2018,Arunachal Pradesh,Chirang,252,0
2018,Arunachal Pradesh,Darrang,24,0
2018,Arunachal Pradesh,Dhemaji,8,0
2018,Arunachal Pradesh,Dhubri,25,0
2018,Arunachal Pradesh,Dibrugarh,6,0
2018,Arunachal Pradesh,Dima Hasao,119,1
2018,Arunachal Pradesh,Goalpara,77,0
2018,Arunachal Pradesh,Golaghat,8,0
2018,Arunachal Pradesh,Hailakandi,37,0
2018,Arunachal Pradesh,Jorhat,15,0
2018,Arunachal Pradesh,Kamrup,23,0
2018,Arunachal Pradesh,Kamrup Metro,8,0
2018,Arunachal Pradesh,Karbi Anglong,376,0
2018,Arunachal Pradesh,Karimganj,66,0
2018,Arunachal Pradesh,Kokrajhar,161,0
2018,Arunachal Pradesh,Lakhimpur,6,0
2018,Arunachal Pradesh,Marigaon,27,0
2018,Arunachal Pradesh,Nagaon,30,0
2018,Arunachal Pradesh,Nalbari,3,0
2018,Arunachal Pradesh,Sivasagar,6,0
2018,Arunachal Pradesh,Sonitpur,48,0
2018,Arunachal Pradesh,Tinsukia,9,0
2018,Arunachal Pradesh,Udalguri,2378,0
2018,Arunachal Pradesh,Araria,16,0
2018,Arunachal Pradesh,Arwal,8,0
2018,Arunachal Pradesh,Aurangabad,109,0
2018,Arunachal Pradesh,Banka,1,0
2018,Arunachal Pradesh,Begusarai,19,0
2018,Arunachal Pradesh,Bhagalpur,9,0
2018,Arunachal Pradesh,Bhojpur,15,0
2018,Arunachal Pradesh,Buxar,18,0
2018,Arunachal Pradesh,Darbhanga,0,0
2018,Arunachal Pradesh,Gaya,189,0
2018,Arunachal Pradesh,Gopalganj,2,0
2018,Arunachal Pradesh,Jamui,390,0
2018,Arunachal Pradesh,Jehanabad,11,0
2018,Arunachal Pradesh,Kaimur (Bhabua),120,0
2018,Arunachal Pradesh,Katihar,26,0
2018,Arunachal Pradesh,Khagaria,5,0
2018,Arunachal Pradesh,Kishanganj,12,0
2018,Arunachal Pradesh,Lakhisarai,37,0
2018,Arunachal Pradesh,Madhepura,13,0
2018,Arunachal Pradesh,Madhubani,20,0
2018,Arunachal Pradesh,Munger,185,0
2018,Arunachal Pradesh,Muzaffarpur,28,0
2018,Arunachal Pradesh,Nalanda,4,0
2018,Arunachal Pradesh,Nawada,136,0
2018,Arunachal Pradesh,Pashchim Champaran,7,0
2018,Arunachal Pradesh,Patna,1,0
2018,Arunachal Pradesh,Purbi Champaran,5,0
2018,Arunachal Pradesh,Purnia,32,0
2018,Arunachal Pradesh,Rohtas,84,0
2018,Arunachal Pradesh,Saharsa,3,0
2018,Arunachal Pradesh,Samastipur,15,0
2018,Arunachal Pradesh,Saran,5,0
2018,Arunachal Pradesh,Sheikhpura,1,0
2018,Arunachal Pradesh,Sheohar,1,0
2018,Arunachal Pradesh,Sitamarhi,5,0
2018,Arunachal Pradesh,Siwan,0,0
2018,Arunachal Pradesh,Supaul,4,0
2018,Arunachal Pradesh,Vaishali,0,0
2018,Chandigarh,Chandigarh,44,0
2018,Chhattisgarh,Balod,346,2
2018,Chhattisgarh,Baloda Bazar,187,1
2018,Chhattisgarh,Balrampur,3810,0
2018,Chhattisgarh,Bastar,7472,8
2018,Chhattisgarh,Bemetara,26,0
2018,Chhattisgarh,Bijapur,14438,6
2018,Chhattisgarh,Bilaspur,1339,1
2018,Chhattisgarh,Dantewada,13180,9
2018,Chhattisgarh,Dhamtari,528,0
2018,Chhattisgarh,Durg,697,0
2018,Chhattisgarh,Gariyaband,876,0
2018,Chhattisgarh,Janjgir-Champa,585,0
2018,Chhattisgarh,Jashpur,4130,0
2018,Chhattisgarh,Kabirdham,949,0
2018,Chhattisgarh,Kanker,2510,0
2018,Chhattisgarh,Kondagaon,2896,2
2018,Chhattisgarh,Korba,2224,0
2018,Chhattisgarh,Korea,1097,2
2018,Chhattisgarh,Mahasamund,148,0
2018,Chhattisgarh,Mungeli,82,0
2018,Chhattisgarh,Narayanpur,3965,3
2018,Chhattisgarh,Raigarh,1055,0
2018,Chhattisgarh,Raipur,42,0
2018,Chhattisgarh,RajnandGaon,1005,0
2018,Chhattisgarh,Sukma,12325,5
2018,Chhattisgarh,Surajpur,1408,0
2018,Chhattisgarh,Surguja,1397,0
2018,D & N Haveli,Dadra And Nagar Haveli,221,1
2018,Daman & Diu,Daman,22,0
2018,Daman & Diu,Diu,2,0
2018,Delhi,New Delhi,473,0
2018,Goa,North Goa,215,0
2018,Goa,South Goa,162,0
2018,Goa,Ahmadabad,134,0
2018,Goa,Ahmadabad MC#,6511,2
2018,Goa,Amreli,518,0
2018,Goa,Anand,172,0
2018,Goa,Arvalli,93,0
2018,Goa,Banas kantha,1437,0
2018,Goa,Bharuch,177,0
2018,Goa,Bhavnagar,99,0
2018,Goa,Bhavnagar MC#,61,0
2018,Goa,Botad,37,0
2018,Goa,Chhotaudepur,378,0
2018,Goa,Dang,44,0
2018,Gujarat,Devbhumi Dwarka,80,0
2018,Gujarat,Dohad,630,0
2018,Gujarat,Gandhinagar,195,0
2018,Gujarat,Gandhinagar MC#,142,0
2018,Gujarat,Gir Somnath,196,0
2018,Gujarat,Jamnagar,148,0
2018,Gujarat,Jamnagar MC#,36,0
2018,Gujarat,Junagadh,267,0
2018,Gujarat,Junagadh MC#,19,0
2018,Gujarat,Kachchh,616,0
2018,Gujarat,Kheda,146,0
2018,Gujarat,Mahesana,241,0
2018,Gujarat,Mahisagar,153,0
2018,Gujarat,Morbi,591,0
2018,Gujarat,Narmada,75,0
2018,Gujarat,Navsari,140,0
2018,Gujarat,Panch Mahals,420,0
2018,Gujarat,Patan,538,0
2018,Gujarat,Porbandar,80,0
2018,Gujarat,Rajkot,188,0
2018,Gujarat,Rajkot MC#,129,0
2018,Gujarat,Sabar kantha,361,0
2018,Gujarat,Surat,312,0
2018,Gujarat,Surat MC#,4582,0
2018,Gujarat,Surendranagar,1228,0
2018,Gujarat,Tapi,136,0
2018,Gujarat,Vadodara,199,0
2018,Gujarat,Vadodara MC#,520,0
2018,Gujarat,Valsad,85,0
2018,Gujarat,Ambala,5,0
2018,Gujarat,Bhiwani,70,0
2018,Gujarat,Faridabad,150,0
2018,Gujarat,Fatehabad,2,0
2018,Gujarat,Gurugram,30,0
2018,Gujarat,Hisar,95,0
2018,Gujarat,Jhajjar,68,0
2018,Gujarat,Jind,17,0
2018,Gujarat,Kaithal,3,0
2018,Gujarat,Karnal,17,0
2018,Gujarat,Kurukshetra,9,0
2018,Gujarat,Mahendragarh,17,0
2018,Gujarat,Nuh,1968,0
2018,Gujarat,Palwal,362,0
2018,Gujarat,Panchkula,69,0
2018,Gujarat,Panipat,34,0
2018,Gujarat,Rewari,13,0
2018,Gujarat,Rohtak,71,0
2018,Gujarat,Sirsa,47,0
2018,Gujarat,Sonipat,5,0
2018,Gujarat,Yamunanagar,97,0
2018,Himachal Pradesh,Bilaspur,7,0
2018,Himachal Pradesh,Chamba,0,0
2018,Himachal Pradesh,Hamirpur,55,0
2018,Himachal Pradesh,Kangra,11,0
2018,Himachal Pradesh,Kullu,6,0
2018,Himachal Pradesh,Mandi,6,0
2018,Himachal Pradesh,Shimla,1,0
2018,Himachal Pradesh,Sirmaur,8,0
2018,Himachal Pradesh,Solan,3,0
2018,Himachal Pradesh,Una,1,0
2018,Jammu And Kashmir,Baramulla,0,0
2018,Jammu And Kashmir,Doda,0,0
2018,Jammu And Kashmir,Jammu,31,0
2018,Jammu And Kashmir,Kathua,23,0
2018,Jammu And Kashmir,Kishtwar,0,0
2018,Jammu And Kashmir,Poonch,23,0
2018,Jammu And Kashmir,Rajouri,42,0
2018,Jammu And Kashmir,Ramban,0,0
2018,Jammu And Kashmir,Reasi,2,0
2018,Jammu And Kashmir,Samba,0,0
2018,Jammu And Kashmir,Udhampur,15,0
2018,Jammu And Kashmir,UMCP Jammu#,32,0
2018,Jharkhand,Bokaro,470,0
2018,Jharkhand,Chatra,2877,0
2018,Jharkhand,Deoghar,46,0
2018,Jharkhand,Dhanbad,122,0
2018,Jharkhand,Dumka,527,0
2018,Jharkhand,East Singhbum,1721,0
2018,Jharkhand,Garhwa,5842,0
2018,Jharkhand,Giridih,5276,0
2018,Jharkhand,Godda,927,0
2018,Jharkhand,Gumla,1322,0
2018,Jharkhand,Hazaribagh,2459,0
2018,Jharkhand,Jamtara,12,0
2018,Jharkhand,Khunti,1778,0
2018,Jharkhand,Koderma,770,0
2018,Jharkhand,Latehar,8760,3
2018,Jharkhand,Lohardaga,795,0
2018,Jharkhand,Pakur,313,0
2018,Jharkhand,Palamu,5813,1
2018,Jharkhand,Ramgarh,301,0
2018,Jharkhand,Ranchi,934,0
2018,Jharkhand,Sahebganj,1100,0
2018,Jharkhand,Saraikela Kharsawan,3731,0
2018,Jharkhand,Simdega,2009,0
2018,Jharkhand,West Singhbhum,9190,0
2018,Jharkhand,A.M.U. Almatti#,13,0
2018,Jharkhand,A.M.U. B. Gudi#,1,0
2018,Karnataka,A.M.U. Kembhavi#,2,0
2018,Karnataka,Bagalkote,80,0
2018,Karnataka,Ballari,15,0
2018,Karnataka,BBMP#,433,0
2018,Karnataka,Belagavi,24,0
2018,Karnataka,Bengaluru Rural,2,0
2018,Karnataka,Bengaluru Urban,0,0
2018,Karnataka,Bidar,22,0
2018,Karnataka,Chamarajanagara,5,0
2018,Karnataka,ChikkaBallaPura,18,0
2018,Karnataka,Chikkamagaluru,9,0
2018,Karnataka,Chitradurga,14,0
2018,Karnataka,Dakshina Kannada,3871,0
2018,Karnataka,Davangere,12,0
2018,Karnataka,Dharwad,25,0
2018,Karnataka,Gadag,115,0
2018,Karnataka,Hassan,13,0
2018,Karnataka,Haveri,35,0
2018,Karnataka,Kalaburagi,106,0
2018,Karnataka,Kodagu,0,0
2018,Karnataka,Kolar,8,0
2018,Karnataka,Koppal,38,0
2018,Karnataka,Mandya,0,0
2018,Karnataka,Mysuru,0,0
2018,Karnataka,Raichur,104,0
2018,Karnataka,Ramanagara,7,0
2018,Karnataka,Shivamogga,33,0
2018,Karnataka,Tumakuru,103,0
2018,Karnataka,U.K.P.N. PURA#,240,0
2018,Karnataka,Udupi,221,0
2018,Karnataka,Uttara Kannada,38,0
2018,Karnataka,Vijayapura,42,0
2018,Karnataka,Yadgir,72,0
2018,Kerala,Alappuzha,24,0
2018,Kerala,Ernakulam,103,0
2018,Kerala,Idukki,25,0
2018,Kerala,Kannur,102,0
2018,Kerala,Kasaragod,147,0
2018,Kerala,Kollam,36,0
2018,Kerala,Kottayam,39,0
2018,Kerala,Kozhikode,97,0
2018,Kerala,Malappuram,89,0
2018,Kerala,Palakkad,34,0
2018,Kerala,Pathanamthitta,41,0
2018,Kerala,Thiruvananthapuram,69,0
2018,Kerala,Thrissur,84,0
2018,Kerala,Wayanad,18,0
2018,Lakshadweep,Lakshadweep District,5,0
2018,Lakshadweep,Agar Malwa,36,0
2018,Lakshadweep,Alirajpur,167,0
2018,Lakshadweep,Anuppur,653,0
2018,Lakshadweep,Ashoknagar,345,0
2018,Lakshadweep,Balaghat,324,0
2018,Lakshadweep,Barwani,70,0
2018,Lakshadweep,Betul,391,0
2018,Lakshadweep,Bhind,441,0
2018,Lakshadweep,Bhopal,260,0
2018,Lakshadweep,Burhanpur,20,0
2018,Lakshadweep,Chhatarpur,103,0
2018,Lakshadweep,Chhindwara,1237,0
2018,Lakshadweep,Damoh,212,0
2018,Lakshadweep,Datia,539,0
2018,Lakshadweep,Dewas,68,0
2018,Lakshadweep,Dhar,238,1
2018,Lakshadweep,Dindori,145,0
2018,Lakshadweep,East Nimar,79,0
2018,Lakshadweep,Guna,381,0
2018,Lakshadweep,Gwalior,421,0
2018,Lakshadweep,Harda,87,0
2018,Lakshadweep,Indore,49,0
2018,Lakshadweep,Jabalpur,230,0
2018,Lakshadweep,Jhabua,698,0
2018,Lakshadweep,Katni,521,0
2018,Lakshadweep,Khargone,173,0
2018,Lakshadweep,Mandla,330,0
2018,Lakshadweep,Mandsaur,86,0
2018,Lakshadweep,Morena,570,0
2018,Lakshadweep,Narmadapuram,458,0
2018,Lakshadweep,Narsinghpur,376,0
2018,Lakshadweep,Neemuch,442,0
2018,Lakshadweep,Panna,242,0
2018,Lakshadweep,Raisen,229,0
2018,Lakshadweep,Rajgarh,326,0
2018,Lakshadweep,Ratlam,660,0
2018,Lakshadweep,Rewa,836,0
2018,Lakshadweep,Sagar,222,0
2018,Lakshadweep,Satna,1030,0
2018,Lakshadweep,Sehore,104,0
2018,Lakshadweep,Seoni,483,0
2018,Lakshadweep,Shahdol,303,0
2018,Lakshadweep,Shajapur,46,0
2018,Lakshadweep,Sheopur,3473,0
2018,Lakshadweep,Shivpuri,655,0
2018,Lakshadweep,Sidhi,1100,0
2018,Lakshadweep,Singrauli,1252,0
2018,Lakshadweep,Tikamgarh,535,0
2018,Lakshadweep,Ujjain,62,0
2018,Lakshadweep,Umaria,302,0
2018,Lakshadweep,Vidisha,269,0
2018,Maharashtra,Ahmednagar,11,0
2018,Maharashtra,Akola,36,0
2018,Maharashtra,Amravati,52,0
2018,Maharashtra,Aurangabad,7,0
2018,Maharashtra,Beed,8,0
2018,Maharashtra,Bhandara,14,1
2018,Maharashtra,Buldhana,24,0
2018,Maharashtra,Chandrapur,90,0
2018,Maharashtra,Dhule,18,0
2018,Maharashtra,Gadchiroli,2588,3
2018,Maharashtra,Gondia,301,2
2018,Maharashtra,Hingoli,2,0
2018,Maharashtra,Jalgaon,6,0
2018,Maharashtra,Jalna,1,0
2018,Maharashtra,Kolhapur,24,0
2018,Maharashtra,Latur,13,0
2018,Maharashtra,Mumbai,5051,2
2018,Maharashtra,Nagpur,23,0
2018,Maharashtra,Nagpur MC#,5,0
2018,Maharashtra,Nanded,4,0
2018,Maharashtra,Nandurbar,51,0
2018,Maharashtra,Nashik,9,0
2018,Maharashtra,Osmanabad,6,0
2018,Maharashtra,Palghar,221,2
2018,Maharashtra,Parbhani,4,0
2018,Maharashtra,Pune,51,0
2018,Maharashtra,Pune MC#,2,0
2018,Maharashtra,Raigad,378,0
2018,Maharashtra,Ratnagiri,78,0
2018,Maharashtra,Sangli,31,0
2018,Maharashtra,Satara,85,0
2018,Maharashtra,Sindhudurg,57,0
2018,Maharashtra,Solapur,8,0
2018,Maharashtra,Thane,1467,3
2018,Maharashtra,Wardha,6,0
2018,Maharashtra,Washim,11,0
2018,Maharashtra,Yavatmal,14,0
2018,Maharashtra,Bishnupur,0,0
2018,Maharashtra,Chandel,0,0
2018,Maharashtra,Churachandpur,7,0
2018,Maharashtra,Imphal East,0,0
2018,Maharashtra,Imphal Urban#,0,0
2018,Maharashtra,Imphal West,1,0
2018,Maharashtra,Jiribam,1,0
2018,Maharashtra,Kangpokpi,0,0
2018,Maharashtra,Senapati,0,0
2018,Maharashtra,Tamenglong,0,0
2018,Maharashtra,Tengnoupal,3,0
2018,Maharashtra,Thoubal,0,0
2018,Maharashtra,Ukhrul,0,0
2018,Meghalaya,East Garo Hills,697,1
2018,Meghalaya,East Khasi Hills,52,0
2018,Meghalaya,Ri Bhoi,59,1
2018,Meghalaya,South Garo Hills,4437,2
2018,Meghalaya,West Garo Hills,577,1
2018,Meghalaya,West Jaintia Hills,251,0
2018,Meghalaya,West Khasi Hills,321,1
2018,Mizoram,Aizawl,12,0
2018,Mizoram,Aizawl West#,45,0
2018,Mizoram,Champhai,6,0
2018,Mizoram,Kolasib,36,0
2018,Mizoram,Lawngtlai,2222,1
2018,Mizoram,Lunglei,1092,0
2018,Mizoram,Mamit,772,1
2018,Mizoram,Saiha,103,0
2018,Mizoram,Serchhip,8,1
2018,Nagaland,Mon,7,0
2018,Nagaland,Dimapur,15,0
2018,Nagaland,Kiphire,34,0
2018,Nagaland,Kohima,4,0
2018,Nagaland,Longleng,1,0
2018,Nagaland,Mokokchung,5,0
2018,Nagaland,Peren,0,0
2018,Nagaland,Phek,5,0
2018,Nagaland,Tuensang,11,0
2018,Nagaland,UVBDS Dimapur#,13,0
2018,Nagaland,Wokha,8,0
2018,Nagaland,Zunheboto,10,0
2018,Nagaland,Anugul,647,0
2018,Nagaland,Balangir,595,0
2018,Nagaland,Baleshwar,107,0
2018,Nagaland,Bargarh,683,0
2018,Nagaland,Bhadrak,98,0
2018,Nagaland,Boudh,252,0
2018,Nagaland,Cuttack,115,0
2018,Nagaland,Deogarh,168,0
2018,Nagaland,Dhenkanal,244,0
2018,Nagaland,Gajapati,4125,0
2018,Nagaland,Ganjam,9139,1
2018,Nagaland,Jagatsinghapur,48,0
2018,Nagaland,Jajapur,275,0
2018,Nagaland,Jharsuguda,207,1
2018,Nagaland,Kalahandi,8696,0
2018,Nagaland,Kandhamal,4698,0
2018,Nagaland,Kendrapara,40,0
2018,Nagaland,Kendujhar,2850,0
2018,Nagaland,Khordha,333,0
2018,Nagaland,Koraput,6800,0
2018,Nagaland,Malkangiri,9333,0
2018,Nagaland,Mayurbhanj,2225,0
2018,Nagaland,Nabarangpur,3182,0
2018,Nagaland,Nayagarh,496,0
2018,Nagaland,Nuapada,607,0
2018,Nagaland,Puri,89,0
2018,Nagaland,Rayagada,5128,0
2018,Nagaland,Sambalpur,319,0
2018,Nagaland,Sonepur,407,0
2018,Nagaland,Sundargarh,4405,1
2018,Puducherry,Karaikal,2,0
2018,Puducherry,Mahe,1,0
2018,Puducherry,Pondicherry,50,0
2018,Puducherry,Yanam,1,1
2018,Punjab,Amritsar,13,0
2018,Punjab,Barnala,1,0
2018,Punjab,Bathinda,44,0
2018,Punjab,Faridkot,19,0
2018,Punjab,Fatehgarh Sahib,5,0
2018,Punjab,Fazilka,9,0
2018,Punjab,Ferozepur,15,0
2018,Punjab,Gurdaspur,13,0
2018,Punjab,Hoshiarpur,126,0
2018,Punjab,Jalandhar,17,0
2018,Punjab,Kapurthala,1,0
2018,Punjab,Ludhiana,36,0
2018,Punjab,Mansa,131,0
2018,Punjab,Moga,1,0
2018,Punjab,Pathankot,5,0
2018,Punjab,Patiala,27,0
2018,Punjab,Rupnagar,2,0
2018,Punjab,S.A.S Nagar,4,0
2018,Punjab,Sangrur,14,0
2018,Punjab,Shahid Bhagat Singh Nagar,96,0
2018,Punjab,Sri Muktsar Sahib,33,0
2018,Punjab,Tarn taran,12,0
2018,Punjab,Ajmer,35,0
2018,Punjab,Alwar,157,0
2018,Punjab,Banswara,291,0
2018,Punjab,Baran,236,0
2018,Punjab,Barmer,277,0
2018,Punjab,Bharatpur,273,0
2018,Punjab,Bhilwara,72,0
2018,Punjab,Bikaner,72,0
2018,Punjab,Bundi,97,0
2018,Punjab,Chittorgarh,219,0
2018,Punjab,Churu,130,0
2018,Rajasthan,Dausa,19,0
2018,Rajasthan,Dholpur,46,0
2018,Rajasthan,Dungarpur,558,0
2018,Rajasthan,Ganganagar,63,0
2018,Rajasthan,Hanumangarh,54,0
2018,Rajasthan,Jaipur,128,0
2018,Rajasthan,Jaisalmer,90,0
2018,Rajasthan,Jalore,74,0
2018,Rajasthan,Jhalawar,74,0
2018,Rajasthan,Jhunjhunu,33,0
2018,Rajasthan,Jodhpur,153,0
2018,Rajasthan,Karauli,14,0
2018,Rajasthan,Kota,201,0
2018,Rajasthan,Nagaur,205,0
2018,Rajasthan,Pali,206,0
2018,Rajasthan,Pratapgarh,331,0
2018,Rajasthan,Rajsamand,316,0
2018,Rajasthan,Sawai Madhopur,29,0
2018,Rajasthan,Sikar,35,0
2018,Rajasthan,Sirohi,118,0
2018,Rajasthan,Tonk,19,0
2018,Rajasthan,Udaipur,1103,0
2018,Sikkim,Gangtok,4,0
2018,Sikkim,Gyalshing,0,0
2018,Sikkim,Mangan,0,0
2018,Sikkim,Namchi,2,0
2018,Sikkim,Aranthangi#,1,0
2018,Sikkim,Ariyalur,0,0
2018,Sikkim,Chengalpattu,8,0
2018,Sikkim,Chennai,2823,0
2018,Sikkim,Cheyyar#,9,0
2018,Sikkim,Coimbatore,14,0
2018,Sikkim,Cuddalore,6,0
2018,Sikkim,Dharmapuri,10,0
2018,Sikkim,Dindigul,18,0
2018,Sikkim,Erode,1,0
2018,Sikkim,Kallakurichi,4,0
2018,Sikkim,Kanchipuram,6,0
2018,Sikkim,Kanniyakumari,167,0
2018,Sikkim,Karur,2,0
2018,Sikkim,Kovilpatti#,3,0
2018,Sikkim,Krishnagiri,1,0
2018,Sikkim,Madurai,29,0
2018,Sikkim,Nagapattinam,10,0
2018,Sikkim,Namakkal,23,0
2018,Sikkim,Palani#,5,0
2018,Sikkim,Paramakudi#,6,0
2018,Sikkim,Perambalur,3,0
2018,Sikkim,Poonamallee#,2,0
2018,Sikkim,Pudukkottai,6,0
2018,Sikkim,Ramanathapuram,49,0
2018,Sikkim,Salem,64,0
2018,Sikkim,Sivaganga,1,0
2018,Sikkim,Sivakasi#,4,0
2018,Sikkim,Tenkasi,10,0
2018,Sikkim,Thanjavur,17,0
2018,Sikkim,The Nilgiris,0,0
2018,Sikkim,Theni,9,0
2018,Sikkim,Thiruvallur,10,0
2018,Sikkim,Thiruvarur,17,0
2018,Sikkim,Tiruchirappalli,87,0
2018,Sikkim,Tirunelveli,10,0
2018,Sikkim,Tirupathur,4,0
2018,Sikkim,Tiruppur,0,0
2018,Sikkim,Tiruvannamalai,129,0
2018,Sikkim,Tuticorin,25,0
2018,Sikkim,Vellore,118,0
2018,Sikkim,Villupuram,43,0
2018,Sikkim,Virudhunagar,4,0
2018,Sikkim,Adilabad,7,0
2018,Sikkim,Bhadradri Kothagudem,447,0
2018,Sikkim,Hanumakonda,14,0
2018,Sikkim,Hyderabad,438,0
2018,Sikkim,Jagitial,5,0
2018,Sikkim,Jangoan,9,0
2018,Sikkim,Jayashankar Bhupalapally,545,0
2018,Sikkim,Jogulamba Gadwal,7,0
2018,Sikkim,Kamareddy,6,0
2018,Sikkim,Karimnagar,9,0
2018,Sikkim,Khammam,7,0
2018,Sikkim,Kumuram Bheem Asifabad,70,0
2018,Sikkim,Mahabubabad,41,0
2018,Sikkim,Mahabubnagar,5,0
2018,Sikkim,Mancherial,3,0
2018,Sikkim,Medak,12,0
2018,Sikkim,Medchal Malkajgiri,35,0
2018,Sikkim,Nagarkurnool,5,0
2018,Sikkim,Nalgonda,2,0
2018,Sikkim,Nirmal,6,0
2018,Sikkim,Nizamabad,18,0
2018,Sikkim,Peddapalli,1,0
2018,Sikkim,Rajanna Sircilla,1,0
2018,Sikkim,Ranga Reddy,21,0
2018,Sikkim,Sangareddy,39,0
2018,Sikkim,Siddipet,5,0
2018,Sikkim,Suryapet,10,0
2018,Sikkim,Vikarabad,4,0
2018,Sikkim,Wanaparthy,0,0
2018,Sikkim,Warangal,19,0
2018,Sikkim,Yadadri Bhuvanagiri,1,0
2018,Tripura,Dhalai,8976,6
2018,Tripura,Gomati,986,4
2018,Tripura,Khowai,583,1
2018,Tripura,North Tripura,1138,1
2018,Tripura,Sepahijala,37,0
2018,Tripura,South Tripura,1093,1
2018,Tripura,Unakoti,136,0
2018,Tripura,West Tripura,130,0
2018,Tripura,Agra,82,0
2018,Tripura,Aligarh,642,0
2018,Tripura,Ambedkar Nagar,17,0
2018,Tripura,Amethi,31,0
2018,Tripura,Amroha,181,0
2018,Tripura,Auraiya,711,0
2018,Tripura,Ayodhya,22,0
2018,Tripura,Azamgarh,8,0
2018,Tripura,Baghpat,51,0
2018,Tripura,Bahraich,164,0
2018,Tripura,Ballia,0,0
2018,Tripura,Balrampur,8,0
2018,Tripura,Banda,316,0
2018,Tripura,Barabanki,39,0
2018,Tripura,Bareilly,37482,0
2018,Tripura,Basti,11,0
2018,Tripura,Bhadohi,559,0
2018,Tripura,Bijnor,336,0
2018,Tripura,Budaun,20289,0
2018,Tripura,Bulandshahr,246,0
2018,Tripura,Chandauli,106,0
2018,Tripura,Chitrakoot,452,0
2018,Tripura,Deoria,9,0
2018,Tripura,Etah,586,0
2018,Tripura,Etawah,77,0
2018,Tripura,Farrukhabad,1362,0
2018,Tripura,Fatehpur,445,0
2018,Tripura,Firozabad,116,0
2018,Tripura,Gautam Buddha Nagar,434,0
2018,Tripura,Ghaziabad,105,0
2018,Tripura,Ghazipur,27,0
2018,Tripura,Gonda,50,0
2018,Tripura,Gorakhpur,5,0
2018,Tripura,Hamirpur,290,0
2018,Tripura,Hapur,186,0
2018,Uttar Pradesh,Hardoi,3779,0
2018,Uttar Pradesh,Hathras,214,0
2018,Uttar Pradesh,Jalaun,244,0
2018,Uttar Pradesh,Jaunpur,119,0
2018,Uttar Pradesh,Jhansi,267,0
2018,Uttar Pradesh,Kannauj,403,0
2018,Uttar Pradesh,Kanpur Dehat,672,0
2018,Uttar Pradesh,Kanpur Nagar,403,0
2018,Uttar Pradesh,Kasganj,436,0
2018,Uttar Pradesh,Kaushambi,236,0
2018,Uttar Pradesh,Kheri,187,0
2018,Uttar Pradesh,Kushi Nagar,86,0
2018,Uttar Pradesh,Lalitpur,147,0
2018,Uttar Pradesh,Lucknow,168,0
2018,Uttar Pradesh,Maharajganj,20,0
2018,Uttar Pradesh,Mahoba,78,0
2018,Uttar Pradesh,Mainpuri,133,0
2018,Uttar Pradesh,Mathura,101,0
2018,Uttar Pradesh,Mau,11,0
2018,Uttar Pradesh,Meerut,53,0
2018,Uttar Pradesh,Mirzapur,2678,0
2018,Uttar Pradesh,Moradabad,410,0
2018,Uttar Pradesh,Muzaffarnagar,199,0
2018,Uttar Pradesh,Pilibhit,494,0
2018,Uttar Pradesh,Pratapgarh,61,0
2018,Uttar Pradesh,Prayagraj,1907,0
2018,Uttar Pradesh,Rae Bareli,21,0
2018,Uttar Pradesh,Rampur,466,0
2018,Uttar Pradesh,Saharanpur,440,0
2018,Uttar Pradesh,Sambhal,208,0
2018,Uttar Pradesh,Sant Kabeer Nagar,7,0
2018,Uttar Pradesh,Shahjahanpur,393,0
2018,Uttar Pradesh,Shamli,143,0
2018,Uttar Pradesh,Shravasti,25,0
2018,Uttar Pradesh,Siddharth Nagar,124,0
2018,Uttar Pradesh,Sitapur,767,0
2018,Uttar Pradesh,Sonbhadra,4249,0
2018,Uttar Pradesh,Sultanpur,313,0
2018,Uttar Pradesh,Unnao,44,0
2018,Uttar Pradesh,Varanasi,335,0
2018,Uttar Pradesh,Almora,0,0
2018,Uttar Pradesh,Bageshwar,0,0
2018,Uttar Pradesh,Chamoli,4,0
2018,Uttar Pradesh,Champawat,27,0
2018,Uttar Pradesh,Dehradun,49,0
2018,Uttar Pradesh,Haridwar,110,0
2018,Uttar Pradesh,Nainital,111,0
2018,Uttar Pradesh,Pauri Garhwal,57,0
2018,Uttar Pradesh,Pithoragarh,0,0
2018,Uttar Pradesh,Rudra Prayag,0,0
2018,Uttar Pradesh,Tehri Garhwal,1,0
2018,Uttar Pradesh,Udam Singh Nagar,50,0
2018,Uttar Pradesh,Uttar Kashi,0,0
2018,West Bengal,24 Paraganas North,286,0
2018,West Bengal,24 Paraganas South,670,0
2018,West Bengal,Alipurduar,188,0
2018,West Bengal,Bankura,404,1
2018,West Bengal,Basirhat HD#,233,0
2018,West Bengal,Birbhum,127,1
2018,West Bengal,Bishnupur HD#,85,0
2018,West Bengal,Coochbehar,235,0
2018,West Bengal,Diamond Harbour HD#,243,0
2018,West Bengal,Dinajpur Dakshin,284,0
2018,West Bengal,Dinajpur Uttar,189,1
2018,West Bengal,Hooghly,241,0
2018,West Bengal,Howrah,746,0
2018,West Bengal,Jalpaiguri,45,0
2018,West Bengal,Jhargram,189,0
2018,West Bengal,Kalimpong,95,0
2018,West Bengal,KMUHO#,40,0
2018,West Bengal,Kolkata,14969,4
2018,West Bengal,Maldah,724,0
2018,West Bengal,Medinipur East,201,0
2018,West Bengal,Medinipur West,175,0
2018,West Bengal,Murshidabad,1068,0
2018,West Bengal,Nadia,427,0
2018,West Bengal,Nandigram HD#,62,0
2018,West Bengal,Paschim Bardhaman,54,0
2018,West Bengal,Purba Bardhaman,125,1
2018,West Bengal,Purulia,406,0
2018,West Bengal,Pvt. Hospital & Others#,395,0
2018,West Bengal,Rampurhat HD#,3534,0
2019,Andaman And Nicobar Islands,Nicobars,186,0
2019,Andaman And Nicobar Islands,North And Middle Andaman,2,0
2019,Andaman And Nicobar Islands,South Andamans,14,0
2019,Andaman And Nicobar Islands,Anantapur,74,0
2019,Andaman And Nicobar Islands,Chittoor,8,0
2019,Andaman And Nicobar Islands,East Godavari,646,0
2019,Andaman And Nicobar Islands,Guntur,621,0
2019,Andaman And Nicobar Islands,Krishna,21,0
2019,Andaman And Nicobar Islands,Kurnool,38,0
2019,Andaman And Nicobar Islands,Prakasam,60,0
2019,Andaman And Nicobar Islands,SPSR Nellore,34,0
2019,Andaman And Nicobar Islands,Srikakulam,125,0
2019,Andaman And Nicobar Islands,Visakhapatanam,1121,0
2019,Andaman And Nicobar Islands,Vizianagaram,124,0
2019,Andaman And Nicobar Islands,West Godavari,145,0
2019,Andaman And Nicobar Islands,Y.S.R.,87,0
2019,Arunachal Pradesh,Anjaw,0,0
2019,Arunachal Pradesh,Changlang,11,0
2019,Arunachal Pradesh,Dibang Valley,0,0
2019,Arunachal Pradesh,East Kameng,17,0
2019,Arunachal Pradesh,East Siang,13,0
2019,Arunachal Pradesh,Kra Daadi,0,0
2019,Arunachal Pradesh,Kurung Kumey,0,0
2019,Arunachal Pradesh,Lohit,3,0
2019,Arunachal Pradesh,Longding,3,0
2019,Arunachal Pradesh,Lower Dibang Valley,2,0
2019,Arunachal Pradesh,Lower Siang,0,0
2019,Arunachal Pradesh,Lower Subansiri,2,0
2019,Arunachal Pradesh,Namsai,10,0
2019,Arunachal Pradesh,Papum Pare,6,0
2019,Arunachal Pradesh,Siang,4,0
2019,Arunachal Pradesh,Tawang,0,0
2019,Arunachal Pradesh,Tirap,10,0
2019,Arunachal Pradesh,Upper Siang,0,0
2019,Arunachal Pradesh,Upper Subansiri,47,0
2019,Arunachal Pradesh,West Kameng,8,0
2019,Arunachal Pradesh,West Siang,3,0
2019,Arunachal Pradesh,Baksa,10,0
2019,Arunachal Pradesh,Barpeta,12,1
2019,Arunachal Pradesh,Bongaigaon,11,0
2019,Arunachal Pradesh,Cachar,33,0
2019,Arunachal Pradesh,Chirang,88,0
2019,Arunachal Pradesh,Darrang,10,0
2019,Arunachal Pradesh,Dhemaji,5,0
2019,Arunachal Pradesh,Dhubri,24,0
2019,Arunachal Pradesh,Dibrugarh,7,0
2019,Arunachal Pradesh,Dima Hasao,64,0
2019,Arunachal Pradesh,Goalpara,58,0
2019,Arunachal Pradesh,Golaghat,4,0
2019,Arunachal Pradesh,Hailakandi,4,0
2019,Arunachal Pradesh,Jorhat,7,0
2019,Arunachal Pradesh,Kamrup,12,0
2019,Arunachal Pradesh,Kamrup Metro,8,0
2019,Arunachal Pradesh,Karbi Anglong,95,0
2019,Arunachal Pradesh,Karimganj,56,2
2019,Arunachal Pradesh,Kokrajhar,447,1
2019,Arunachal Pradesh,Lakhimpur,0,0
2019,Arunachal Pradesh,Marigaon,14,0
2019,Arunachal Pradesh,Nagaon,40,0
2019,Arunachal Pradesh,Nalbari,4,0
2019,Arunachal Pradesh,Sivasagar,3,0
2019,Arunachal Pradesh,Sonitpur,24,0
2019,Arunachal Pradesh,Tinsukia,4,0
2019,Arunachal Pradesh,Udalguri,415,0
2019,Bihar,Araria,18,0
2019,Bihar,Arwal,6,0
2019,Bihar,Aurangabad,40,0
2019,Bihar,Banka,13,0
2019,Bihar,Begusarai,15,0
2019,Bihar,Bhagalpur,28,0
2019,Bihar,Bhojpur,13,0
2019,Bihar,Buxar,26,0
2019,Bihar,Darbhanga,0,0
2019,Bihar,Gaya,67,0
2019,Bihar,Gopalganj,19,0
2019,Bihar,Jamui,351,0
2019,Bihar,Jehanabad,18,0
2019,Bihar,Kaimur (Bhabua),148,0
2019,Bihar,Katihar,35,0
2019,Bihar,Khagaria,7,0
2019,Bihar,Kishanganj,36,0
2019,Bihar,Lakhisarai,44,0
2019,Bihar,Madhepura,35,0
2019,Bihar,Madhubani,126,0
2019,Bihar,Munger,79,0
2019,Bihar,Muzaffarpur,4,0
2019,Bihar,Nalanda,4,0
2019,Bihar,Nawada,210,0
2019,Bihar,Pashchim Champaran,5,0
2019,Bihar,Patna,8,0
2019,Bihar,Purbi Champaran,19,0
2019,Bihar,Purnia,87,0
2019,Bihar,Rohtas,45,0
2019,Bihar,Saharsa,11,0
2019,Bihar,Samastipur,40,0
2019,Bihar,Saran,9,0
2019,Bihar,Sheikhpura,2,0
2019,Bihar,Sheohar,0,0
2019,Bihar,Sitamarhi,1,0
2019,Bihar,Siwan,0,0
2019,Bihar,Supaul,4,0
2019,Bihar,Vaishali,35,0
2019,Chandigarh,Chandigarh,22,0
2019,Chandigarh,Balod,287,0
2019,Chandigarh,Baloda Bazar,129,0
2019,Chandigarh,Balrampur,2534,0
2019,Chandigarh,Bastar,6868,5
2019,Chandigarh,Bemetara,27,0
2019,Chandigarh,Bijapur,12144,4
2019,Chandigarh,Bilaspur,938,0
2019,Chandigarh,Dantewada,9027,13
2019,Chhattisgarh,Dhamtari,573,0
2019,Chhattisgarh,Durg,347,0
2019,Chhattisgarh,Gariyaband,875,0
2019,Chhattisgarh,Janjgir-Champa,191,0
2019,Chhattisgarh,Jashpur,3064,0
2019,Chhattisgarh,Kabirdham,461,0
2019,Chhattisgarh,Kanker,2748,0
2019,Chhattisgarh,Kondagaon,2446,3
2019,Chhattisgarh,Korba,1524,0
2019,Chhattisgarh,Korea,450,0
2019,Chhattisgarh,Mahasamund,142,0
2019,Chhattisgarh,Mungeli,66,0
2019,Chhattisgarh,Narayanpur,4294,1
2019,Chhattisgarh,Raigarh,824,0
2019,Chhattisgarh,Raipur,26,0
2019,Chhattisgarh,RajnandGaon,841,0
2019,Chhattisgarh,Sukma,8376,5
2019,Chhattisgarh,Surajpur,648,0
2019,Chhattisgarh,Surguja,608,0
2019,D & N Haveli,Dadra And Nagar Haveli,73,0
2019,Daman & Diu,Daman,8,0
2019,Daman & Diu,Diu,0,0
2019,Delhi,New Delhi,713,0
2019,Goa,North Goa,205,0
2019,Goa,South Goa,67,0
2019,Goa,Ahmadabad,58,0
2019,Goa,Ahmadabad MC#,4306,1
2019,Goa,Amreli,236,0
2019,Goa,Anand,68,0
2019,Goa,Arvalli,53,0
2019,Goa,Banas kantha,340,0
2019,Goa,Bharuch,188,0
2019,Goa,Bhavnagar,75,0
2019,Goa,Bhavnagar MC#,44,0
2019,Goa,Botad,31,0
2019,Goa,Chhotaudepur,181,0
2019,Goa,Dang,34,0
2019,Goa,Devbhumi Dwarka,48,0
2019,Goa,Dohad,361,0
2019,Goa,Gandhinagar,126,0
2019,Goa,Gandhinagar MC#,161,0
2019,Goa,Gir Somnath,159,0
2019,Goa,Jamnagar,82,0
2019,Goa,Jamnagar MC#,16,0
2019,Goa,Junagadh,278,0
2019,Goa,Junagadh MC#,11,0
2019,Goa,Kachchh,533,0
2019,Goa,Kheda,76,0
2019,Goa,Mahesana,121,0
2019,Goa,Mahisagar,89,0
2019,Goa,Morbi,224,0
2019,Goa,Narmada,63,0
2019,Goa,Navsari,88,0
2019,Goa,Panch Mahals,197,0
2019,Goa,Patan,156,0
2019,Goa,Porbandar,45,0
2019,Goa,Rajkot,106,0
2019,Goa,Rajkot MC#,98,0
2019,Goa,Sabar kantha,230,0
2019,Goa,Surat,217,0
2019,Goa,Surat MC#,3657,0
2019,Goa,Surendranagar,535,0
2019,Goa,Tapi,63,0
2019,Goa,Vadodara,75,0
2019,Goa,Vadodara MC#,400,0
2019,Goa,Valsad,54,0
2019,Haryana,Ambala,7,0
2019,Haryana,Bhiwani,4,0
2019,Haryana,Charki Dadri,13,0
2019,Haryana,Faridabad,67,0
2019,Haryana,Fatehabad,5,0
2019,Haryana,Gurugram,15,0
2019,Haryana,Hisar,46,0
2019,Haryana,Jhajjar,45,0
2019,Haryana,Jind,3,0
2019,Haryana,Kaithal,0,0
2019,Haryana,Karnal,1,0
2019,Haryana,Kurukshetra,9,0
2019,Haryana,Mahendragarh,1,0
2019,Haryana,Nuh,942,0
2019,Haryana,Palwal,182,0
2019,Haryana,Panchkula,47,0
2019,Haryana,Panipat,13,0
2019,Haryana,Rewari,8,0
2019,Haryana,Rohtak,13,0
2019,Haryana,Sirsa,48,0
2019,Haryana,Sonipat,7,0
2019,Haryana,Yamunanagar,21,0
2019,Haryana,Bilaspur,6,0
2019,Haryana,Chamba,0,0
2019,Haryana,Hamirpur,73,0
2019,Haryana,Kangra,2,0
2019,Haryana,Kullu,2,0
2019,Haryana,Mandi,4,0
2019,Haryana,Shimla,0,0
2019,Haryana,Sirmaur,19,0
2019,Haryana,Solan,3,0
2019,Haryana,Una,0,0
2019,Jammu And Kashmir,Baramulla,0,0
2019,Jammu And Kashmir,Doda,1,0
2019,Jammu And Kashmir,Jammu,11,0
2019,Jammu And Kashmir,Kathua,23,0
2019,Jammu And Kashmir,Kishtwar,0,0
2019,Jammu And Kashmir,Poonch,17,0
2019,Jammu And Kashmir,Rajouri,22,0
2019,Jammu And Kashmir,Ramban,1,0
2019,Jammu And Kashmir,Reasi,5,0
2019,Jammu And Kashmir,Samba,2,0
2019,Jammu And Kashmir,Udhampur,7,0
2019,Jammu And Kashmir,UMCP Jammu#,16,0
2019,Jharkhand,Bokaro,215,0
2019,Jharkhand,Chatra,885,0
2019,Jharkhand,Deoghar,13,0
2019,Jharkhand,Dhanbad,28,0
2019,Jharkhand,Dumka,103,0
2019,Jharkhand,East Singhbum,2464,1
2019,Jharkhand,Garhwa,2814,0
2019,Jharkhand,Giridih,2638,0
2019,Jharkhand,Godda,572,0
2019,Jharkhand,Gumla,808,0
2019,Jharkhand,Hazaribagh,1412,0
2019,Jharkhand,Jamtara,12,0
2019,Jharkhand,Khunti,1470,0
2019,Jharkhand,Koderma,342,0
2019,Jharkhand,Latehar,4738,0
2019,Jharkhand,Lohardaga,273,0
2019,Jharkhand,Pakur,299,0
2019,Jharkhand,Palamu,1737,0
2019,Jharkhand,Ramgarh,365,0
2019,Jharkhand,Ranchi,347,0
2019,Jharkhand,Sahebganj,611,0
2019,Jharkhand,Saraikela Kharsawan,1075,0
2019,Jharkhand,Simdega,594,0
2019,Jharkhand,West Singhbhum,13318,1
2019,Jharkhand,A.M.U. Almatti#,1,0
2019,Jharkhand,A.M.U. B. Gudi#,0,0
2019,Jharkhand,A.M.U. Kembhavi#,0,0
2019,Jharkhand,Bagalkote,41,0
2019,Jharkhand,Ballari,17,0
2019,Jharkhand,BBMP#,37,0
2019,Jharkhand,Belagavi,18,0
2019,Jharkhand,Bengaluru Rural,5,0
2019,Jharkhand,Bengaluru Urban,4,0
2019,Jharkhand,Bidar,16,0
2019,Jharkhand,Chamarajanagara,1,0
2019,Jharkhand,ChikkaBallaPura,12,0
2019,Karnataka,Chikkamagaluru,9,0
2019,Karnataka,Chitradurga,9,0
2019,Karnataka,Dakshina Kannada,2797,0
2019,Karnataka,Davangere,8,0
2019,Karnataka,Dharwad,17,0
2019,Karnataka,Gadag,62,0
2019,Karnataka,Hassan,32,0
2019,Karnataka,Haveri,12,0
2019,Karnataka,Kalaburagi,43,0
2019,Karnataka,Kodagu,0,0
2019,Karnataka,Kolar,1,0
2019,Karnataka,Koppal,15,0
2019,Karnataka,Mandya,1,0
2019,Karnataka,Mysuru,0,0
2019,Karnataka,Raichur,25,0
2019,Karnataka,Ramanagara,5,0
2019,Karnataka,Shivamogga,16,0
2019,Karnataka,Tumakuru,27,0
2019,Karnataka,U.K.P.N. PURA#,73,0
2019,Karnataka,Udupi,153,0
2019,Karnataka,Uttara Kannada,14,0
2019,Karnataka,Vijayapura,15,0
2019,Karnataka,Yadgir,13,0
2019,Kerala,Alappuzha,13,0
2019,Kerala,Ernakulam,75,0
2019,Kerala,Idukki,11,0
2019,Kerala,Kannur,62,0
2019,Kerala,Kasaragod,70,0
2019,Kerala,Kollam,40,0
2019,Kerala,Kottayam,41,0
2019,Kerala,Kozhikode,79,0
2019,Kerala,Malappuram,66,0
2019,Kerala,Palakkad,29,0
2019,Kerala,Pathanamthitta,35,0
2019,Kerala,Thiruvananthapuram,44,0
2019,Kerala,Thrissur,76,0
2019,Kerala,Wayanad,15,0
2019,Lakshadweep,Lakshadweep District,11,0
2019,Lakshadweep,Agar Malwa,19,0
2019,Lakshadweep,Alirajpur,83,0
2019,Lakshadweep,Anuppur,311,0
2019,Lakshadweep,Ashoknagar,206,0
2019,Lakshadweep,Balaghat,156,1
2019,Lakshadweep,Barwani,32,0
2019,Lakshadweep,Betul,86,0
2019,Lakshadweep,Bhind,261,0
2019,Lakshadweep,Bhopal,117,0
2019,Lakshadweep,Burhanpur,13,0
2019,Lakshadweep,Chhatarpur,61,0
2019,Madhya Pradesh,Chhindwara,565,0
2019,Madhya Pradesh,Damoh,78,0
2019,Madhya Pradesh,Datia,313,0
2019,Madhya Pradesh,Dewas,38,0
2019,Madhya Pradesh,Dhar,263,0
2019,Madhya Pradesh,Dindori,80,0
2019,Madhya Pradesh,East Nimar,42,0
2019,Madhya Pradesh,Guna,288,0
2019,Madhya Pradesh,Gwalior,169,0
2019,Madhya Pradesh,Harda,15,0
2019,Madhya Pradesh,Indore,32,0
2019,Madhya Pradesh,Jabalpur,94,0
2019,Madhya Pradesh,Jhabua,355,0
2019,Madhya Pradesh,Katni,265,0
2019,Madhya Pradesh,Khargone,79,0
2019,Madhya Pradesh,Mandla,196,0
2019,Madhya Pradesh,Mandsaur,53,0
2019,Madhya Pradesh,Morena,335,0
2019,Madhya Pradesh,Narmadapuram,89,0
2019,Madhya Pradesh,Narsinghpur,86,0
2019,Madhya Pradesh,Neemuch,170,0
2019,Madhya Pradesh,Panna,357,0
2019,Madhya Pradesh,Raisen,137,0
2019,Madhya Pradesh,Rajgarh,181,0
2019,Madhya Pradesh,Ratlam,269,0
2019,Madhya Pradesh,Rewa,767,0
2019,Madhya Pradesh,Sagar,130,0
2019,Madhya Pradesh,Satna,891,0
2019,Madhya Pradesh,Sehore,113,2
2019,Madhya Pradesh,Seoni,102,0
2019,Madhya Pradesh,Shahdol,192,0
2019,Madhya Pradesh,Shajapur,30,0
2019,Madhya Pradesh,Sheopur,3327,0
2019,Madhya Pradesh,Shivpuri,385,0
2019,Madhya Pradesh,Sidhi,610,0
2019,Madhya Pradesh,Singrauli,960,0
2019,Madhya Pradesh,Tikamgarh,198,0
2019,Madhya Pradesh,Ujjain,29,0
2019,Madhya Pradesh,Umaria,351,0
2019,Madhya Pradesh,Vidisha,168,0
2019,Madhya Pradesh,Ahmednagar,2,0
2019,Madhya Pradesh,Akola,11,0
2019,Madhya Pradesh,Amravati,31,0
2019,Madhya Pradesh,Aurangabad,1,0
2019,Madhya Pradesh,Beed,0,0
2019,Madhya Pradesh,Bhandara,7,0
2019,Madhya Pradesh,Buldhana,13,0
2019,Madhya Pradesh,Chandrapur,52,1
2019,Madhya Pradesh,Dhule,8,0
2019,Maharashtra,Gadchiroli,2428,1
2019,Maharashtra,Gondia,224,3
2019,Maharashtra,Hingoli,1,0
2019,Maharashtra,Jalgaon,4,0
2019,Maharashtra,Jalna,3,0
2019,Maharashtra,Kolhapur,27,0
2019,Maharashtra,Latur,3,0
2019,Maharashtra,Mumbai,4357,0
2019,Maharashtra,Nagpur,10,1
2019,Maharashtra,Nagpur MC#,2,0
2019,Maharashtra,Nanded,3,0
2019,Maharashtra,Nandurbar,26,0
2019,Maharashtra,Nashik,6,0
2019,Maharashtra,Osmanabad,2,0
2019,Maharashtra,Palghar,144,0
2019,Maharashtra,Parbhani,2,0
2019,Maharashtra,Pune,23,0
2019,Maharashtra,Pune MC#,0,0
2019,Maharashtra,Raigad,229,0
2019,Maharashtra,Ratnagiri,66,0
2019,Maharashtra,Sangli,16,0
2019,Maharashtra,Satara,44,0
2019,Maharashtra,Sindhudurg,39,1
2019,Maharashtra,Solapur,9,0
2019,Maharashtra,Thane,1056,0
2019,Maharashtra,Wardha,4,0
2019,Maharashtra,Washim,5,0
2019,Maharashtra,Yavatmal,8,0
2019,Manipur,Bishnupur,0,0
2019,Manipur,Chandel,1,0
2019,Manipur,Churachandpur,3,0
2019,Manipur,Imphal East,1,0
2019,Manipur,Imphal Urban#,0,0
2019,Manipur,Imphal West,1,0
2019,Manipur,Jiribam,1,0
2019,Manipur,Kangpokpi,2,0
2019,Manipur,Senapati,2,0
2019,Manipur,Tamenglong,1,0
2019,Manipur,Tengnoupal,1,0
2019,Manipur,Thoubal,1,0
2019,Manipur,Ukhrul,2,0
2019,Meghalaya,East Garo Hills,637,1
2019,Meghalaya,East Jaintia Hills,185,0
2019,Meghalaya,East Khasi Hills,29,0
2019,Meghalaya,Ri Bhoi,14,0
2019,Meghalaya,South Garo Hills,1264,2
2019,Meghalaya,West Garo Hills,316,0
2019,Meghalaya,West Khasi Hills,170,1
2019,Meghalaya,Aizawl,37,1
2019,Mizoram,Aizawl West#,53,0
2019,Mizoram,Champhai,19,1
2019,Mizoram,Kolasib,24,0
2019,Mizoram,Lawngtlai,3780,3
2019,Mizoram,Lunglei,2430,3
2019,Mizoram,Mamit,1903,0
2019,Mizoram,Saiha,279,0
2019,Mizoram,Serchhip,18,0
2019,Nagaland,Mon,1,0
2019,Nagaland,Dimapur,2,0
2019,Nagaland,Kiphire,4,0
2019,Nagaland,Kohima,1,0
2019,Nagaland,Longleng,0,0
2019,Nagaland,Mokokchung,0,0
2019,Nagaland,Peren,1,0
2019,Nagaland,Phek,0,0
2019,Nagaland,Tuensang,4,0
2019,Nagaland,UVBDS Dimapur#,0,0
2019,Nagaland,Wokha,6,0
2019,Nagaland,Zunheboto,1,0
2019,Nagaland,Anugul,86,0
2019,Nagaland,Balangir,346,0
2019,Nagaland,Baleshwar,25,0
2019,Nagaland,Bargarh,617,1
2019,Nagaland,Bhadrak,44,0
2019,Nagaland,Boudh,133,0
2019,Nagaland,Cuttack,31,0
2019,Nagaland,Deogarh,47,0
2019,Nagaland,Dhenkanal,89,0
2019,Nagaland,Gajapati,1252,0
2019,Nagaland,Ganjam,3390,0
2019,Nagaland,Jagatsinghapur,18,0
2019,Nagaland,Jajapur,105,0
2019,Nagaland,Jharsuguda,142,0
2019,Nagaland,Kalahandi,6012,0
2019,Nagaland,Kandhamal,2978,1
2019,Nagaland,Kendrapara,22,0
2019,Nagaland,Kendujhar,453,1
2019,Nagaland,Khordha,150,0
2019,Nagaland,Koraput,4619,0
2019,Nagaland,Malkangiri,8690,0
2019,Nagaland,Mayurbhanj,492,0
2019,Nagaland,Nabarangpur,1512,1
2019,Nagaland,Nayagarh,241,0
2019,Nagaland,Nuapada,230,1
2019,Nagaland,Puri,71,0
2019,Nagaland,Rayagada,5719,0
2019,Nagaland,Sambalpur,133,0
2019,Nagaland,Sonepur,141,0
2019,Nagaland,Sundargarh,1768,4
2019,Puducherry,Karaikal,5,0
2019,Puducherry,Mahe,0,0
2019,Puducherry,Pondicherry,14,0
2019,Puducherry,Yanam,2,0
2019,Punjab,Amritsar,3,0
2019,Punjab,Barnala,6,0
2019,Punjab,Bathinda,160,0
2019,Punjab,Faridkot,35,0
2019,Punjab,Fatehgarh Sahib,11,0
2019,Punjab,Fazilka,28,0
2019,Punjab,Ferozepur,10,0
2019,Punjab,Gurdaspur,27,0
2019,Punjab,Hoshiarpur,309,0
2019,Punjab,Jalandhar,7,0
2019,Punjab,Kapurthala,2,0
2019,Punjab,Ludhiana,27,0
2019,Punjab,Mansa,260,0
2019,Punjab,Moga,3,0
2019,Punjab,Pathankot,7,0
2019,Punjab,Patiala,16,0
2019,Punjab,Rupnagar,10,0
2019,Punjab,S.A.S Nagar,10,0
2019,Punjab,Sangrur,7,0
2019,Punjab,Shahid Bhagat Singh Nagar,162,0
2019,Punjab,Sri Muktsar Sahib,35,0
2019,Punjab,Tarn taran,4,0
2019,Punjab,Ajmer,20,0
2019,Punjab,Alwar,90,0
2019,Punjab,Banswara,138,0
2019,Punjab,Baran,107,0
2019,Punjab,Barmer,191,0
2019,Punjab,Bharatpur,85,0
2019,Punjab,Bhilwara,59,0
2019,Punjab,Bikaner,39,1
2019,Punjab,Bundi,41,0
2019,Punjab,Chittorgarh,149,0
2019,Punjab,Churu,57,0
2019,Punjab,Dausa,14,0
2019,Punjab,Dholpur,15,0
2019,Punjab,Dungarpur,120,0
2019,Punjab,Ganganagar,15,0
2019,Punjab,Hanumangarh,34,0
2019,Punjab,Jaipur,80,0
2019,Punjab,Jaisalmer,311,0
2019,Punjab,Jalore,48,0
2019,Punjab,Jhalawar,29,0
2019,Punjab,Jhunjhunu,15,0
2019,Punjab,Jodhpur,141,0
2019,Punjab,Karauli,20,0
2019,Punjab,Kota,98,0
2019,Punjab,Nagaur,73,0
2019,Punjab,Pali,208,0
2019,Punjab,Pratapgarh,160,0
2019,Punjab,Rajsamand,145,0
2019,Punjab,Sawai Madhopur,23,0
2019,Punjab,Sikar,12,0
2019,Punjab,Sirohi,69,0
2019,Punjab,Tonk,20,0
2019,Punjab,Udaipur,795,0
2019,Sikkim,Gangtok,4,0
2019,Sikkim,Gyalshing,2,0
2019,Sikkim,Mangan,0,0
2019,Sikkim,Namchi,1,0
2019,Sikkim,Aranthangi#,0,0
2019,Sikkim,Ariyalur,0,0
2019,Sikkim,Chengalpattu,67,0
2019,Sikkim,Chennai,1452,0
2019,Sikkim,Cheyyar#,10,0
2019,Sikkim,Coimbatore,38,0
2019,Sikkim,Cuddalore,4,0
2019,Sikkim,Dharmapuri,9,0
2019,Sikkim,Dindigul,12,0
2019,Sikkim,Erode,5,0
2019,Sikkim,Kallakurichi,2,0
2019,Sikkim,Kanchipuram,13,0
2019,Sikkim,Kanniyakumari,52,0
2019,Sikkim,Karur,5,0
2019,Sikkim,Kovilpatti#,2,0
2019,Sikkim,Krishnagiri,2,0
2019,Sikkim,Madurai,16,0
2019,Sikkim,Nagapattinam,8,0
2019,Sikkim,Namakkal,6,0
2019,Sikkim,Palani#,1,0
2019,Sikkim,Paramakudi#,11,0
2019,Sikkim,Perambalur,1,0
2019,Sikkim,Poonamallee#,6,0
2019,Sikkim,Pudukkottai,1,0
2019,Sikkim,Ramanathapuram,40,0
2019,Sikkim,Salem,27,0
2019,Sikkim,Sivaganga,2,0
2019,Sikkim,Sivakasi#,1,0
2019,Sikkim,Tenkasi,5,0
2019,Sikkim,Thanjavur,11,0
2019,Sikkim,The Nilgiris,0,0
2019,Sikkim,Theni,11,0
2019,Sikkim,Thiruvallur,41,0
2019,Sikkim,Thiruvarur,3,0
2019,Sikkim,Tiruchirappalli,46,0
2019,Sikkim,Tirunelveli,3,0
2019,Sikkim,Tirupathur,1,0
2019,Sikkim,Tiruppur,0,0
2019,Sikkim,Tiruvannamalai,63,0
2019,Sikkim,Tuticorin,21,0
2019,Sikkim,Vellore,77,0
2019,Sikkim,Villupuram,5,0
2019,Sikkim,Virudhunagar,8,0
2019,Telangana,Adilabad,1,0
2019,Telangana,Bhadradri Kothagudem,604,0
2019,Telangana,Hanumakonda,9,0
2019,Telangana,Hyderabad,305,0
2019,Telangana,Jagitial,5,0
2019,Telangana,Jangoan,6,0
2019,Telangana,Jayashankar Bhupalapally,18,0
2019,Telangana,Jogulamba Gadwal,0,0
2019,Telangana,Kamareddy,7,0
2019,Telangana,Karimnagar,5,0
2019,Telangana,Khammam,5,0
2019,Telangana,Kumuram Bheem Asifabad,100,0
2019,Telangana,Mahabubabad,33,0
2019,Telangana,Mahabubnagar,5,0
2019,Telangana,Mancherial,2,0
2019,Telangana,Medak,13,0
2019,Telangana,Medchal Malkajgiri,76,0
2019,Telangana,Mulugu,315,0
2019,Telangana,Nagarkurnool,7,0
2019,Telangana,Nalgonda,0,0
2019,Telangana,Narayanpet,3,0
2019,Telangana,Nirmal,1,0
2019,Telangana,Nizamabad,30,0
2019,Telangana,Peddapalli,4,0
2019,Telangana,Rajanna Sircilla,1,0
2019,Telangana,Ranga Reddy,58,0
2019,Telangana,Sangareddy,48,0
2019,Telangana,Siddipet,4,0
2019,Telangana,Suryapet,5,0
2019,Telangana,Vikarabad,9,0
2019,Telangana,Wanaparthy,15,0
2019,Telangana,Warangal,16,0
2019,Telangana,Yadadri Bhuvanagiri,1,0
2019,Telangana,Dhalai,3453,1
2019,Telangana,Gomati,2841,0
2019,Telangana,Khowai,589,0
2019,Tripura,North Tripura,1338,0
2019,Tripura,Sepahijala,25,0
2019,Tripura,South Tripura,3887,0
2019,Tripura,Unakoti,196,0
2019,Tripura,West Tripura,108,0
2019,Tripura,Agra,81,0
2019,Tripura,Aligarh,787,0
2019,Tripura,Ambedkar Nagar,11,0
2019,Tripura,Amethi,47,0
2019,Tripura,Amroha,204,0
2019,Tripura,Auraiya,687,0
2019,Tripura,Ayodhya,26,0
2019,Tripura,Azamgarh,28,0
2019,Tripura,Baghpat,43,0
2019,Tripura,Bahraich,17,0
2019,Tripura,Ballia,0,0
2019,Tripura,Balrampur,4,0
2019,Tripura,Banda,334,0
2019,Tripura,Barabanki,39,0
2019,Tripura,Bareilly,46717,0
2019,Tripura,Basti,7,0
2019,Tripura,Bhadohi,399,0
2019,Tripura,Bijnor,310,0
2019,Tripura,Budaun,20339,0
2019,Tripura,Bulandshahr,252,0
2019,Tripura,Chandauli,35,0
2019,Tripura,Chitrakoot,332,0
2019,Tripura,Deoria,9,0
2019,Tripura,Etah,538,0
2019,Tripura,Etawah,101,0
2019,Tripura,Farrukhabad,923,0
2019,Tripura,Fatehpur,515,0
2019,Tripura,Firozabad,103,0
2019,Tripura,Gautam Buddha Nagar,424,0
2019,Tripura,Ghaziabad,179,0
2019,Tripura,Ghazipur,14,0
2019,Tripura,Gonda,27,0
2019,Tripura,Gorakhpur,10,0
2019,Tripura,Hamirpur,266,0
2019,Tripura,Hapur,227,0
2019,Tripura,Hardoi,2604,0
2019,Tripura,Hathras,144,0
2019,Tripura,Jalaun,119,0
2019,Tripura,Jaunpur,56,0
2019,Tripura,Jhansi,152,0
2019,Tripura,Kannauj,469,0
2019,Tripura,Kanpur Dehat,646,0
2019,Tripura,Kanpur Nagar,426,0
2019,Tripura,Kasganj,756,0
2019,Tripura,Kaushambi,94,0
2019,Tripura,Kheri,209,0
2019,Tripura,Kushi Nagar,118,0
2019,Tripura,Lalitpur,106,0
2019,Tripura,Lucknow,146,0
2019,Tripura,Maharajganj,13,0
2019,Tripura,Mahoba,48,0
2019,Tripura,Mainpuri,154,0
2019,Tripura,Mathura,69,0
2019,Tripura,Mau,11,0
2019,Tripura,Meerut,58,0
2019,Tripura,Mirzapur,1940,0
2019,Tripura,Moradabad,477,0
2019,Tripura,Muzaffarnagar,97,0
2019,Tripura,Pilibhit,659,0
2019,Tripura,Pratapgarh,49,0
2019,Tripura,Prayagraj,1578,0
2019,Tripura,Rae Bareli,13,0
2019,Tripura,Rampur,291,0
2019,Tripura,Saharanpur,194,0
2019,Tripura,Sambhal,290,0
2019,Tripura,Sant Kabeer Nagar,11,0
2019,Tripura,Shahjahanpur,883,0
2019,Tripura,Shamli,97,0
2019,Tripura,Shravasti,10,0
2019,Tripura,Siddharth Nagar,179,0
2019,Tripura,Sitapur,1264,0
2019,Tripura,Sonbhadra,3689,0
2019,Tripura,Sultanpur,243,0
2019,Tripura,Unnao,42,0
2019,Tripura,Varanasi,293,0
2019,Uttarakhand,Almora,0,0
2019,Uttarakhand,Bageshwar,0,0
2019,Uttarakhand,Chamoli,0,0
2019,Uttarakhand,Champawat,53,0
2019,Uttarakhand,Dehradun,34,0
2019,Uttarakhand,Haridwar,63,0
2019,Uttarakhand,Nainital,96,0
2019,Uttarakhand,Pauri Garhwal,22,0
2019,Uttarakhand,Pithoragarh,0,0
2019,Uttarakhand,Rudra Prayag,0,0
2019,Uttarakhand,Tehri Garhwal,4,0
2019,Uttarakhand,Udam Singh Nagar,24,0
2019,Uttarakhand,Uttar Kashi,0,0
2019,Uttarakhand,24 Paraganas North,307,1
2019,Uttarakhand,24 Paraganas South,757,0
2019,Uttarakhand,Alipurduar,444,0
2019,Uttarakhand,Bankura,227,0
2019,West Bengal,Basirhat HD#,166,1
2019,West Bengal,Birbhum,68,0
2019,West Bengal,Bishnupur HD#,77,0
2019,West Bengal,Coochbehar,25,0
2019,West Bengal,Darjeeling,14,0
2019,West Bengal,Diamond Harbour HD#,316,1
2019,West Bengal,Dinajpur Dakshin,79,0
2019,West Bengal,Dinajpur Uttar,60,0
2019,West Bengal,Hooghly,162,0
2019,West Bengal,Howrah,844,0
2019,West Bengal,Jalpaiguri,33,0
2019,West Bengal,Jhargram,138,0
2019,West Bengal,Kalimpong,0,0
2019,West Bengal,Kolkata,18593,1
2019,West Bengal,Maldah,422,0
2019,West Bengal,Medinipur East,180,0
2019,West Bengal,Medinipur West,112,0
2019,West Bengal,Murshidabad,1097,1
2019,West Bengal,Nadia,335,0
2019,West Bengal,Nandigram HD#,56,0
2019,West Bengal,Paschim Bardhaman,14,0
2019,West Bengal,Purba Bardhaman,115,0
2019,West Bengal,Purulia,332,1
2019,West Bengal,Pvt. Hospital & Others#,879,0
2019,West Bengal,Rampurhat HD#,76,0
2020,Andaman And Nicobar Islands,Nicobars,74,1
2020,Andaman And Nicobar Islands,North And Middle Andaman,3,0
2020,Andaman And Nicobar Islands,South Andamans,8,1
2020,Andhra Pradesh,Anantapur,41,0
2020,Andhra Pradesh,Chittoor,3,0
2020,Andhra Pradesh,East Godavari,283,0
2020,Andhra Pradesh,Guntur,25,0
2020,Andhra Pradesh,Krishna,21,0
2020,Andhra Pradesh,Kurnool,32,0
2020,Andhra Pradesh,Prakasam,34,0
2020,Andhra Pradesh,SPSR Nellore,11,0
2020,Andhra Pradesh,Srikakulam,34,0
2020,Andhra Pradesh,Visakhapatanam,1260,0
2020,Andhra Pradesh,Vizianagaram,120,0
2020,Andhra Pradesh,West Godavari,133,0
2020,Andhra Pradesh,Y.S.R.,30,0
2020,Andhra Pradesh,Anjaw,1,0
2020,Andhra Pradesh,Changlang,3,0
2020,Andhra Pradesh,Dibang Valley,0,0
2020,Andhra Pradesh,East Kameng,0,0
2020,Andhra Pradesh,East Siang,2,0
2020,Arunachal Pradesh,Kra Daadi,0,0
2020,Arunachal Pradesh,Kurung Kumey,2,0
2020,Arunachal Pradesh,Lohit,7,0
2020,Arunachal Pradesh,Longding,0,0
2020,Arunachal Pradesh,Lower Dibang Valley,0,0
2020,Arunachal Pradesh,Lower Siang,1,0
2020,Arunachal Pradesh,Lower Subansiri,1,0
2020,Arunachal Pradesh,Namsai,7,0
2020,Arunachal Pradesh,Papum Pare,3,0
2020,Arunachal Pradesh,Siang,2,0
2020,Arunachal Pradesh,Tawang,0,0
2020,Arunachal Pradesh,Tirap,1,0
2020,Arunachal Pradesh,Upper Siang,0,0
2020,Arunachal Pradesh,Upper Subansiri,1,0
2020,Arunachal Pradesh,West Kameng,0,0
2020,Arunachal Pradesh,West Siang,2,0
2020,Assam,Baksa,8,0
2020,Assam,Barpeta,1,0
2020,Assam,Bongaigaon,3,0
2020,Assam,Cachar,15,0
2020,Assam,Chirang,52,0
2020,Assam,Darrang,6,0
2020,Assam,Dhemaji,4,0
2020,Assam,Dhubri,13,1
2020,Assam,Dibrugarh,0,0
2020,Assam,Dima Hasao,69,1
2020,Assam,Goalpara,15,0
2020,Assam,Golaghat,4,0
2020,Assam,Hailakandi,4,0
2020,Assam,Jorhat,3,0
2020,Assam,Kamrup,18,0
2020,Assam,Kamrup Metro,6,0
2020,Assam,Karbi Anglong,26,0
2020,Assam,Karimganj,4,0
2020,Assam,Kokrajhar,109,0
2020,Assam,Lakhimpur,1,0
2020,Assam,Marigaon,10,0
2020,Assam,Nagaon,11,0
2020,Assam,Nalbari,2,0
2020,Assam,Sivasagar,2,0
2020,Assam,Sonitpur,2,0
2020,Assam,Tinsukia,6,0
2020,Assam,Udalguri,90,0
2020,Assam,Araria,1,0
2020,Assam,Arwal,11,0
2020,Assam,Aurangabad,16,0
2020,Assam,Banka,2,0
2020,Assam,Begusarai,2,0
2020,Assam,Bhagalpur,3,0
2020,Bihar,Bhojpur,0,0
2020,Bihar,Buxar,2,0
2020,Bihar,Darbhanga,0,0
2020,Bihar,Gaya,2,0
2020,Bihar,Gopalganj,3,0
2020,Bihar,Jamui,18,0
2020,Bihar,Jehanabad,1,0
2020,Bihar,Kaimur (Bhabua),253,0
2020,Bihar,Katihar,0,0
2020,Bihar,Khagaria,1,0
2020,Bihar,Kishanganj,4,0
2020,Bihar,Lakhisarai,13,0
2020,Bihar,Madhepura,0,0
2020,Bihar,Madhubani,18,0
2020,Bihar,Munger,2,0
2020,Bihar,Muzaffarpur,1,0
2020,Bihar,Nalanda,0,0
2020,Bihar,Nawada,69,0
2020,Bihar,Pashchim Champaran,1,0
2020,Bihar,Patna,0,0
2020,Bihar,Purbi Champaran,2,0
2020,Bihar,Purnia,24,0
2020,Bihar,Rohtas,66,0
2020,Bihar,Saharsa,0,0
2020,Bihar,Samastipur,0,0
2020,Bihar,Saran,0,0
2020,Bihar,Sheikhpura,0,0
2020,Bihar,Sheohar,0,0
2020,Bihar,Sitamarhi,0,0
2020,Bihar,Siwan,0,0
2020,Bihar,Supaul,1,0
2020,Bihar,Vaishali,2,0
2020,Chandigarh,Chandigarh,7,0
2020,Chandigarh,Balod,356,6
2020,Chandigarh,Baloda Bazar,184,0
2020,Chandigarh,Balrampur,444,0
2020,Chandigarh,Bastar,4812,6
2020,Chandigarh,Bemetara,5,0
2020,Chandigarh,Bijapur,6988,2
2020,Chandigarh,Bilaspur,60,0
2020,Chandigarh,Dantewada,6734,8
2020,Chandigarh,Dhamtari,627,0
2020,Chandigarh,Durg,159,0
2020,Chandigarh,Gariyaband,841,0
2020,Chandigarh,Gaurella Pendra Marwahi,187,0
2020,Chandigarh,Janjgir-Champa,63,1
2020,Chandigarh,Jashpur,966,0
2020,Chandigarh,Kabirdham,136,0
2020,Chandigarh,Kanker,2458,1
2020,Chandigarh,Kondagaon,2828,2
2020,Chandigarh,Korba,308,0
2020,Chandigarh,Korea,303,0
2020,Chandigarh,Mahasamund,190,1
2020,Chandigarh,Mungeli,57,0
2020,Chandigarh,Narayanpur,2840,1
2020,Chandigarh,Raigarh,363,0
2020,Chandigarh,Raipur,13,0
2020,Chandigarh,RajnandGaon,710,0
2020,Chandigarh,Sukma,3776,6
2020,Chandigarh,Surajpur,76,0
2020,Chandigarh,Surguja,183,0
2020,Delhi,New Delhi,135,1
2020,Goa,North Goa,80,0
2020,Goa,South Goa,22,0
2020,Goa,Ahmadabad,20,0
2020,Goa,Ahmadabad MC#,130,0
2020,Goa,Amreli,33,0
2020,Goa,Anand,151,0
2020,Goa,Arvalli,20,0
2020,Goa,Banas kantha,91,0
2020,Goa,Bharuch,67,0
2020,Goa,Bhavnagar,58,0
2020,Goa,Bhavnagar MC#,14,0
2020,Goa,Botad,49,0
2020,Goa,Chhotaudepur,96,0
2020,Goa,Dang,438,1
2020,Goa,Devbhumi Dwarka,16,0
2020,Goa,Dohad,65,0
2020,Goa,Gandhinagar,11,0
2020,Goa,Gandhinagar MC#,697,0
2020,Goa,Gir Somnath,75,0
2020,Goa,Jamnagar,277,0
2020,Goa,Jamnagar MC#,27,0
2020,Goa,Junagadh,148,0
2020,Goa,Junagadh MC#,108,0
2020,Goa,Kachchh,36,0
2020,Goa,Kheda,663,0
2020,Goa,Mahesana,119,0
2020,Goa,Mahisagar,39,0
2020,Goa,Morbi,120,0
2020,Goa,Narmada,70,0
2020,Goa,Navsari,170,0
2020,Goa,Panch Mahals,35,0
2020,Goa,Patan,79,0
2020,Goa,Porbandar,38,0
2020,Goa,Rajkot,28,0
2020,Goa,Rajkot MC#,29,0
2020,Goa,Sabar kantha,44,0
2020,Goa,Surat,143,0
2020,Goa,Surat MC#,409,0
2020,Goa,Surendranagar,28,0
2020,Goa,Tapi,12,0
2020,Goa,Vadodara,48,0
2020,Goa,Vadodara MC#,62,0
2020,Goa,Valsad,8,0
2020,Haryana,Ambala,0,0
2020,Haryana,Bhiwani,1,0
2020,Haryana,Charki Dadri,2,0
2020,Haryana,Faridabad,9,0
2020,Haryana,Fatehabad,0,0
2020,Haryana,Gurugram,4,0
2020,Haryana,Hisar,2,0
2020,Haryana,Jhajjar,11,0
2020,Haryana,Jind,0,0
2020,Haryana,Kaithal,0,0
2020,Haryana,Karnal,2,0
2020,Haryana,Kurukshetra,2,0
2020,Haryana,Mahendragarh,0,0
2020,Haryana,Nuh,24,0
2020,Haryana,Palwal,33,0
2020,Haryana,Panchkula,0,0
2020,Haryana,Panipat,1,0
2020,Haryana,Rewari,2,0
2020,Haryana,Rohtak,6,0
2020,Haryana,Sirsa,8,0
2020,Haryana,Sonipat,1,0
2020,Haryana,Yamunanagar,3,0
2020,Himachal Pradesh,Bilaspur,0,0
2020,Himachal Pradesh,Chamba,0,0
2020,Himachal Pradesh,Hamirpur,26,0
2020,Himachal Pradesh,Kangra,2,0
2020,Himachal Pradesh,Kinnaur,0,0
2020,Himachal Pradesh,Kullu,0,0
2020,Himachal Pradesh,Lahul And Spiti,0,0
2020,Himachal Pradesh,Mandi,0,0
2020,Himachal Pradesh,Shimla,0,0
2020,Himachal Pradesh,Sirmaur,4,0
2020,Himachal Pradesh,Solan,2,0
2020,Himachal Pradesh,Una,0,0
2020,Himachal Pradesh,Baramulla,0,0
2020,Himachal Pradesh,Doda,0,0
2020,Himachal Pradesh,Jammu,1,0
2020,Himachal Pradesh,Kathua,16,0
2020,Himachal Pradesh,Kishtwar,0,0
2020,Himachal Pradesh,Poonch,8,0
2020,Himachal Pradesh,Rajouri,5,0
2020,Himachal Pradesh,Ramban,0,0
2020,Himachal Pradesh,Reasi,2,0
2020,Himachal Pradesh,Samba,0,0
2020,Himachal Pradesh,Udhampur,3,0
2020,Himachal Pradesh,UMCP Jammu#,2,0
2020,Jharkhand,Bokaro,283,0
2020,Jharkhand,Chatra,173,0
2020,Jharkhand,Deoghar,1,0
2020,Jharkhand,Dhanbad,31,0
2020,Jharkhand,Dumka,2,0
2020,Jharkhand,East Singhbum,892,2
2020,Jharkhand,Garhwa,946,0
2020,Jharkhand,Giridih,464,1
2020,Jharkhand,Godda,584,0
2020,Jharkhand,Gumla,174,0
2020,Jharkhand,Hazaribagh,210,0
2020,Jharkhand,Jamtara,16,0
2020,Jharkhand,Khunti,670,0
2020,Jharkhand,Koderma,113,0
2020,Jharkhand,Latehar,980,0
2020,Jharkhand,Lohardaga,69,0
2020,Jharkhand,Pakur,301,2
2020,Jharkhand,Palamu,425,0
2020,Jharkhand,Ramgarh,35,0
2020,Jharkhand,Ranchi,143,0
2020,Jharkhand,Sahebganj,57,0
2020,Jharkhand,Saraikela Kharsawan,653,0
2020,Jharkhand,Simdega,187,0
2020,Jharkhand,West Singhbhum,9244,3
2020,Jharkhand,A.M.U. Almatti#,1,0
2020,Jharkhand,A.M.U. B. Gudi#,0,0
2020,Jharkhand,A.M.U. Kembhavi#,0,0
2020,Jharkhand,Bagalkote,5,0
2020,Jharkhand,Ballari,7,0
2020,Jharkhand,Belagavi,1,0
2020,Jharkhand,Bengaluru Rural,3,0
2020,Jharkhand,Bengaluru Urban,2,0
2020,Jharkhand,Bidar,3,0
2020,Jharkhand,Chamarajanagara,1,0
2020,Jharkhand,ChikkaBallaPura,3,0
2020,Jharkhand,Chikkamagaluru,4,0
2020,Jharkhand,Chitradurga,3,0
2020,Jharkhand,Dakshina Kannada,1397,0
2020,Jharkhand,Davangere,4,0
2020,Jharkhand,Dharwad,8,0
2020,Jharkhand,Gadag,5,0
2020,Jharkhand,Hassan,3,1
2020,Jharkhand,Haveri,5,0
2020,Jharkhand,Kalaburagi,7,0
2020,Jharkhand,Kodagu,0,0
2020,Jharkhand,Kolar,0,0
2020,Jharkhand,Koppal,2,0
2020,Jharkhand,Mandya,0,0
2020,Jharkhand,Mysuru,0,0
2020,Jharkhand,Raichur,10,0
2020,Jharkhand,Ramanagara,3,0
2020,Jharkhand,Shivamogga,5,0
2020,Jharkhand,Tumakuru,6,0
2020,Jharkhand,U.K.P.N. PURA#,38,0
2020,Jharkhand,Udupi,164,0
2020,Jharkhand,Uttara Kannada,6,0
2020,Jharkhand,Vijayapura,2,0
2020,Jharkhand,Yadgir,3,0
2020,Kerala,Alappuzha,10,0
2020,Kerala,Ernakulam,34,0
2020,Kerala,Idukki,19,0
2020,Kerala,Kannur,15,0
2020,Kerala,Kasaragod,31,0
2020,Kerala,Kollam,17,1
2020,Kerala,Kottayam,13,0
2020,Kerala,Kozhikode,19,0
2020,Kerala,Malappuram,27,0
2020,Kerala,Palakkad,15,0
2020,Kerala,Pathanamthitta,6,0
2020,Kerala,Thiruvananthapuram,23,0
2020,Kerala,Thrissur,33,0
2020,Kerala,Wayanad,6,0
2020,Ladakh,Kargil,0,0
2020,Ladakh,Leh Ladakh,0,0
2020,Lakshadweep,Lakshadweep District,6,0
2020,Lakshadweep,Agar Malwa,3,0
2020,Lakshadweep,Alirajpur,43,0
2020,Lakshadweep,Anuppur,73,0
2020,Lakshadweep,Ashoknagar,99,0
2020,Lakshadweep,Balaghat,2794,1
2020,Lakshadweep,Barwani,9,0
2020,Lakshadweep,Betul,19,0
2020,Lakshadweep,Bhind,52,0
2020,Lakshadweep,Bhopal,18,0
2020,Lakshadweep,Burhanpur,13,0
2020,Lakshadweep,Chhatarpur,36,0
2020,Lakshadweep,Chhindwara,233,0
2020,Lakshadweep,Damoh,35,0
2020,Lakshadweep,Datia,74,0
2020,Lakshadweep,Dewas,6,0
2020,Lakshadweep,Dhar,218,0
2020,Lakshadweep,Dindori,30,0
2020,Lakshadweep,East Nimar,17,0
2020,Madhya Pradesh,Guna,89,0
2020,Madhya Pradesh,Gwalior,50,0
2020,Madhya Pradesh,Harda,3,0
2020,Madhya Pradesh,Indore,21,0
2020,Madhya Pradesh,Jabalpur,35,0
2020,Madhya Pradesh,Jhabua,150,0
2020,Madhya Pradesh,Katni,64,0
2020,Madhya Pradesh,Khargone,7,0
2020,Madhya Pradesh,Mandla,164,0
2020,Madhya Pradesh,Mandsaur,25,0
2020,Madhya Pradesh,Morena,121,0
2020,Madhya Pradesh,Narmadapuram,37,0
2020,Madhya Pradesh,Narsinghpur,30,0
2020,Madhya Pradesh,Neemuch,70,0
2020,Madhya Pradesh,Panna,69,0
2020,Madhya Pradesh,Raisen,14,0
2020,Madhya Pradesh,Rajgarh,65,0
2020,Madhya Pradesh,Ratlam,108,0
2020,Madhya Pradesh,Rewa,145,0
2020,Madhya Pradesh,Sagar,44,0
2020,Madhya Pradesh,Satna,234,0
2020,Madhya Pradesh,Sehore,17,0
2020,Madhya Pradesh,Seoni,21,0
2020,Madhya Pradesh,Shahdol,195,0
2020,Madhya Pradesh,Shajapur,7,0
2020,Madhya Pradesh,Sheopur,555,0
2020,Madhya Pradesh,Shivpuri,148,0
2020,Madhya Pradesh,Sidhi,152,0
2020,Madhya Pradesh,Singrauli,186,0
2020,Madhya Pradesh,Tikamgarh,28,0
2020,Madhya Pradesh,Ujjain,8,0
2020,Madhya Pradesh,Umaria,69,0
2020,Madhya Pradesh,Vidisha,57,0
2020,Madhya Pradesh,Ahmednagar,7,0
2020,Madhya Pradesh,Akola,9,0
2020,Madhya Pradesh,Amravati,12,0
2020,Madhya Pradesh,Aurangabad,2,0
2020,Madhya Pradesh,Beed,4,0
2020,Madhya Pradesh,Bhandara,17,2
2020,Madhya Pradesh,Buldhana,5,0
2020,Madhya Pradesh,Chandrapur,229,3
2020,Madhya Pradesh,Dhule,13,0
2020,Madhya Pradesh,Gadchiroli,8750,5
2020,Madhya Pradesh,Gondia,347,2
2020,Madhya Pradesh,Hingoli,0,0
2020,Madhya Pradesh,Jalgaon,3,0
2020,Madhya Pradesh,Jalna,1,0
2020,Madhya Pradesh,Kolhapur,15,0
2020,Madhya Pradesh,Latur,7,0
2020,Maharashtra,Mumbai,5015,0
2020,Maharashtra,Nagpur,4,0
2020,Maharashtra,Nagpur MC#,6,0
2020,Maharashtra,Nanded,2,0
2020,Maharashtra,Nandurbar,8,0
2020,Maharashtra,Nashik,2,0
2020,Maharashtra,Osmanabad,1,0
2020,Maharashtra,Palghar,55,0
2020,Maharashtra,Parbhani,1,0
2020,Maharashtra,Pune,4,0
2020,Maharashtra,Pune MC#,0,0
2020,Maharashtra,Raigad,68,0
2020,Maharashtra,Ratnagiri,13,0
2020,Maharashtra,Sangli,13,0
2020,Maharashtra,Satara,30,0
2020,Maharashtra,Sindhudurg,24,0
2020,Maharashtra,Solapur,2,0
2020,Maharashtra,Thane,544,0
2020,Maharashtra,Wardha,0,0
2020,Maharashtra,Washim,0,0
2020,Maharashtra,Yavatmal,2,0
2020,Manipur,Bishnupur,0,0
2020,Manipur,Chandel,0,0
2020,Manipur,Churachandpur,17,1
2020,Manipur,Imphal East,2,0
2020,Manipur,Imphal Urban#,0,0
2020,Manipur,Imphal West,0,0
2020,Manipur,Jiribam,0,0
2020,Manipur,Kamjong,0,0
2020,Manipur,Kangpokpi,0,0
2020,Manipur,Noney,13,1
2020,Manipur,Pherzawl,0,0
2020,Manipur,Senapati,4,0
2020,Manipur,Tamenglong,0,0
2020,Manipur,Tengnoupal,0,0
2020,Manipur,Thoubal,0,0
2020,Manipur,Ukhrul,0,0
2020,Manipur,East Garo Hills,209,2
2020,Manipur,East Jaintia Hills,3,0
2020,Manipur,East Khasi Hills,8,0
2020,Manipur,North Garo Hills,105,0
2020,Manipur,Ri Bhoi,44,0
2020,Manipur,South Garo Hills,1051,1
2020,Manipur,South West Garo Hills,22,0
2020,Manipur,South West Khasi Hills,0,0
2020,Manipur,West Garo Hills,175,0
2020,Manipur,West Jaintia Hills,186,1
2020,Manipur,West Khasi Hills,215,0
2020,Mizoram,Aizawl,15,0
2020,Mizoram,Aizawl West#,27,0
2020,Mizoram,Champhai,20,0
2020,Mizoram,Kolasib,35,2
2020,Mizoram,Lawngtlai,3333,4
2020,Mizoram,Lunglei,3193,0
2020,Mizoram,Mamit,727,0
2020,Mizoram,Saiha,413,0
2020,Mizoram,Serchhip,18,0
2020,Nagaland,Mon,4,0
2020,Nagaland,Dimapur,1,0
2020,Nagaland,Kiphire,0,0
2020,Nagaland,Kohima,0,0
2020,Nagaland,Longleng,0,0
2020,Nagaland,Mokokchung,0,0
2020,Nagaland,Peren,3,0
2020,Nagaland,Phek,1,0
2020,Nagaland,Tuensang,1,0
2020,Nagaland,UVBDS Dimapur#,0,0
2020,Nagaland,Wokha,2,0
2020,Nagaland,Zunheboto,0,0
2020,Nagaland,Anugul,109,3
2020,Nagaland,Balangir,1016,0
2020,Nagaland,Baleshwar,46,0
2020,Nagaland,Bargarh,735,0
2020,Nagaland,Bhadrak,51,0
2020,Nagaland,Boudh,629,1
2020,Nagaland,Cuttack,22,0
2020,Nagaland,Deogarh,43,0
2020,Nagaland,Dhenkanal,82,0
2020,Nagaland,Gajapati,544,0
2020,Nagaland,Ganjam,1929,0
2020,Nagaland,Jagatsinghapur,12,0
2020,Nagaland,Jajapur,106,0
2020,Nagaland,Jharsuguda,119,1
2020,Nagaland,Kalahandi,10577,0
2020,Nagaland,Kandhamal,3800,3
2020,Nagaland,Kendrapara,34,0
2020,Nagaland,Kendujhar,264,0
2020,Nagaland,Khordha,65,0
2020,Nagaland,Koraput,3546,0
2020,Nagaland,Malkangiri,7849,1
2020,Nagaland,Mayurbhanj,485,0
2020,Nagaland,Nabarangpur,1421,0
2020,Nagaland,Nayagarh,222,0
2020,Nagaland,Nuapada,374,0
2020,Nagaland,Puri,61,0
2020,Nagaland,Rayagada,5392,0
2020,Nagaland,Sambalpur,204,0
2020,Nagaland,Sonepur,256,0
2020,Nagaland,Sundargarh,1746,0
2020,Puducherry,Karaikal,7,0
2020,Puducherry,Mahe,0,0
2020,Puducherry,Pondicherry,8,0
2020,Puducherry,Yanam,0,0
2020,Punjab,Amritsar,1,0
2020,Punjab,Barnala,0,0
2020,Punjab,Bathinda,12,0
2020,Punjab,Faridkot,3,0
2020,Punjab,Fatehgarh Sahib,2,0
2020,Punjab,Fazilka,7,0
2020,Punjab,Ferozepur,0,0
2020,Punjab,Gurdaspur,3,0
2020,Punjab,Hoshiarpur,16,0
2020,Punjab,Jalandhar,0,0
2020,Punjab,Kapurthala,0,0
2020,Punjab,Ludhiana,7,0
2020,Punjab,Mansa,22,0
2020,Punjab,Moga,1,0
2020,Punjab,Pathankot,1,0
2020,Punjab,Patiala,2,0
2020,Punjab,Rupnagar,2,0
2020,Punjab,S.A.S Nagar,0,0
2020,Punjab,Sangrur,4,0
2020,Punjab,Shahid Bhagat Singh Nagar,19,0
2020,Punjab,Sri Muktsar Sahib,6,0
2020,Punjab,Tarn taran,1,0
2020,Punjab,Ajmer,4,0
2020,Punjab,Alwar,16,0
2020,Punjab,Banswara,50,0
2020,Punjab,Baran,27,0
2020,Punjab,Barmer,207,0
2020,Punjab,Bharatpur,38,0
2020,Punjab,Bhilwara,9,0
2020,Punjab,Bikaner,3,0
2020,Punjab,Bundi,5,0
2020,Punjab,Chittorgarh,52,0
2020,Punjab,Churu,15,0
2020,Punjab,Dausa,3,0
2020,Punjab,Dholpur,3,0
2020,Punjab,Dungarpur,40,0
2020,Punjab,Ganganagar,3,0
2020,Punjab,Hanumangarh,12,0
2020,Punjab,Jaipur,3,0
2020,Punjab,Jaisalmer,149,0
2020,Punjab,Jalore,13,0
2020,Punjab,Jhalawar,2,0
2020,Punjab,Jhunjhunu,11,0
2020,Punjab,Jodhpur,17,0
2020,Punjab,Karauli,2,0
2020,Punjab,Kota,15,0
2020,Punjab,Nagaur,18,0
2020,Punjab,Pali,77,0
2020,Punjab,Pratapgarh,25,0
2020,Punjab,Rajsamand,70,0
2020,Punjab,Sawai Madhopur,2,0
2020,Punjab,Sikar,8,0
2020,Punjab,Sirohi,31,0
2020,Punjab,Tonk,0,0
2020,Punjab,Udaipur,346,0
2020,Sikkim,Gangtok,3,0
2020,Sikkim,Gyalshing,1,0
2020,Sikkim,Mangan,0,0
2020,Sikkim,Namchi,0,0
2020,Sikkim,Aranthangi#,0,0
2020,Sikkim,Ariyalur,0,0
2020,Sikkim,Chengalpattu,16,0
2020,Sikkim,Chennai,728,0
2020,Sikkim,Cheyyar#,3,0
2020,Sikkim,Coimbatore,6,0
2020,Sikkim,Cuddalore,0,0
2020,Sikkim,Dharmapuri,0,0
2020,Sikkim,Dindigul,2,0
2020,Sikkim,Erode,4,0
2020,Sikkim,Kallakurichi,1,0
2020,Sikkim,Kanchipuram,0,0
2020,Sikkim,Kanniyakumari,5,0
2020,Sikkim,Karur,4,0
2020,Sikkim,Kovilpatti#,2,0
2020,Sikkim,Krishnagiri,1,0
2020,Sikkim,Madurai,4,0
2020,Sikkim,Nagapattinam,0,0
2020,Sikkim,Namakkal,3,0
2020,Sikkim,Palani#,0,0
2020,Sikkim,Paramakudi#,2,0
2020,Sikkim,Perambalur,0,0
2020,Sikkim,Poonamallee#,0,0
2020,Sikkim,Pudukkottai,1,0
2020,Sikkim,Ramanathapuram,3,0
2020,Sikkim,Salem,5,0
2020,Sikkim,Sivaganga,5,0
2020,Sikkim,Sivakasi#,0,0
2020,Sikkim,Tenkasi,0,0
2020,Sikkim,Thanjavur,1,0
2020,Sikkim,The Nilgiris,0,0
2020,Sikkim,Theni,1,0
2020,Sikkim,Thiruvallur,0,0
2020,Sikkim,Thiruvarur,0,0
2020,Sikkim,Tiruchirappalli,17,0
2020,Sikkim,Tirunelveli,4,0
2020,Sikkim,Tirupathur,0,0
2020,Sikkim,Tiruppur,0,0
2020,Sikkim,Tiruvannamalai,14,0
2020,Sikkim,Tuticorin,11,0
2020,Sikkim,Vellore,42,0
2020,Sikkim,Villupuram,3,0
2020,Sikkim,Virudhunagar,3,0
2020,Telangana,Adilabad,9,0
2020,Telangana,Bhadradri Kothagudem,364,0
2020,Telangana,Hanumakonda,22,0
2020,Telangana,Hyderabad,21,0
2020,Telangana,Jagitial,2,0
2020,Telangana,Jangoan,6,0
2020,Telangana,Jayashankar Bhupalapally,56,0
2020,Telangana,Jogulamba Gadwal,0,0
2020,Telangana,Kamareddy,1,0
2020,Telangana,Karimnagar,7,0
2020,Telangana,Khammam,7,0
2020,Telangana,Kumuram Bheem Asifabad,78,0
2020,Telangana,Mahabubabad,22,0
2020,Telangana,Mahabubnagar,7,0
2020,Telangana,Mancherial,11,0
2020,Telangana,Medak,2,0
2020,Telangana,Medchal Malkajgiri,8,0
2020,Telangana,Mulugu,174,0
2020,Telangana,Nagarkurnool,2,0
2020,Telangana,Nalgonda,0,0
2020,Telangana,Narayanpet,2,0
2020,Telangana,Nirmal,0,0
2020,Telangana,Nizamabad,2,0
2020,Telangana,Peddapalli,2,0
2020,Telangana,Rajanna Sircilla,2,0
2020,Telangana,Ranga Reddy,3,0
2020,Telangana,Sangareddy,1,0
2020,Telangana,Siddipet,4,0
2020,Telangana,Suryapet,1,0
2020,Telangana,Vikarabad,4,0
2020,Telangana,Wanaparthy,29,0
2020,Telangana,Warangal,20,0
2020,Telangana,Yadadri Bhuvanagiri,1,0
2020,The Dadra And Nagar Haveli And Daman And Diu,Dadra And Nagar Haveli,34,0
2020,The Dadra And Nagar Haveli And Daman And Diu,Daman,6,0
2020,The Dadra And Nagar Haveli And Daman And Diu,Diu,0,0
2020,Tripura,Dhalai,2031,2
2020,Tripura,Gomati,376,0
2020,Tripura,Khowai,98,0
2020,Tripura,North Tripura,188,0
2020,Tripura,Sepahijala,12,0
2020,Tripura,South Tripura,541,0
2020,Tripura,Unakoti,63,0
2020,Tripura,West Tripura,86,0
2020,Tripura,Agra,25,0
2020,Tripura,Aligarh,156,0
2020,Tripura,Ambedkar Nagar,4,0
2020,Tripura,Amethi,4,0
2020,Tripura,Amroha,19,0
2020,Tripura,Auraiya,61,0
2020,Tripura,Ayodhya,2,0
2020,Tripura,Azamgarh,2,0
2020,Tripura,Baghpat,0,0
2020,Tripura,Bahraich,0,0
2020,Tripura,Ballia,0,0
2020,Tripura,Balrampur,2,0
2020,Tripura,Banda,16,0
2020,Tripura,Barabanki,4,0
2020,Tripura,Bareilly,11686,0
2020,Tripura,Basti,0,0
2020,Tripura,Bhadohi,73,0
2020,Tripura,Bijnor,102,0
2020,Tripura,Budaun,11979,0
2020,Tripura,Bulandshahr,8,0
2020,Tripura,Chandauli,18,0
2020,Tripura,Chitrakoot,25,0
2020,Tripura,Deoria,2,0
2020,Tripura,Etah,177,0
2020,Tripura,Etawah,15,0
2020,Tripura,Farrukhabad,54,0
2020,Tripura,Fatehpur,60,0
2020,Tripura,Firozabad,19,0
2020,Tripura,Gautam Buddha Nagar,27,0
2020,Tripura,Ghaziabad,13,0
2020,Tripura,Ghazipur,2,0
2020,Tripura,Gonda,2,0
2020,Tripura,Gorakhpur,1,0
2020,Tripura,Hamirpur,41,0
2020,Tripura,Hapur,53,0
2020,Tripura,Hardoi,249,0
2020,Uttar Pradesh,Hathras,11,0
2020,Uttar Pradesh,Jalaun,13,0
2020,Uttar Pradesh,Jaunpur,12,0
2020,Uttar Pradesh,Jhansi,38,0
2020,Uttar Pradesh,Kannauj,14,0
2020,Uttar Pradesh,Kanpur Dehat,47,0
2020,Uttar Pradesh,Kanpur Nagar,17,0
2020,Uttar Pradesh,Kasganj,50,0
2020,Uttar Pradesh,Kaushambi,35,0
2020,Uttar Pradesh,Kheri,78,0
2020,Uttar Pradesh,Kushi Nagar,12,0
2020,Uttar Pradesh,Lalitpur,15,0
2020,Uttar Pradesh,Lucknow,25,0
2020,Uttar Pradesh,Maharajganj,0,0
2020,Uttar Pradesh,Mahoba,4,0
2020,Uttar Pradesh,Mainpuri,0,0
2020,Uttar Pradesh,Mathura,6,0
2020,Uttar Pradesh,Mau,0,0
2020,Uttar Pradesh,Meerut,5,0
2020,Uttar Pradesh,Mirzapur,500,0
2020,Uttar Pradesh,Moradabad,51,0
2020,Uttar Pradesh,Muzaffarnagar,3,0
2020,Uttar Pradesh,Pilibhit,37,0
2020,Uttar Pradesh,Pratapgarh,22,0
2020,Uttar Pradesh,Prayagraj,208,0
2020,Uttar Pradesh,Rae Bareli,2,0
2020,Uttar Pradesh,Rampur,56,0
2020,Uttar Pradesh,Saharanpur,13,0
2020,Uttar Pradesh,Sambhal,30,0
2020,Uttar Pradesh,Sant Kabeer Nagar,4,0
2020,Uttar Pradesh,Shahjahanpur,417,0
2020,Uttar Pradesh,Shamli,38,0
2020,Uttar Pradesh,Shravasti,0,0
2020,Uttar Pradesh,Siddharth Nagar,52,0
2020,Uttar Pradesh,Sitapur,466,0
2020,Uttar Pradesh,Sonbhadra,1407,0
2020,Uttar Pradesh,Sultanpur,26,0
2020,Uttar Pradesh,Unnao,7,0
2020,Uttar Pradesh,Varanasi,46,0
2020,Uttar Pradesh,Almora,0,0
2020,Uttar Pradesh,Bageshwar,0,0
2020,Uttar Pradesh,Chamoli,0,0
2020,Uttar Pradesh,Champawat,2,0
2020,Uttar Pradesh,Dehradun,1,0
2020,Uttar Pradesh,Haridwar,6,0
2020,Uttar Pradesh,Nainital,2,0
2020,Uttar Pradesh,Pauri Garhwal,1,0
2020,Uttar Pradesh,Pithoragarh,0,0
2020,Uttar Pradesh,Rudra Prayag,0,0
2020,Uttar Pradesh,Tehri Garhwal,0,0
2020,Uttar Pradesh,Udam Singh Nagar,3,0
2020,Uttar Pradesh,Uttar Kashi,0,0
2020,West Bengal,24 Paraganas North,104,1
2020,West Bengal,24 Paraganas South,249,0
2020,West Bengal,Alipurduar,43,0
2020,West Bengal,Bankura,78,0
2020,West Bengal,Basirhat HD#,53,0
2020,West Bengal,Birbhum,20,0
2020,West Bengal,Bishnupur HD#,25,0
2020,West Bengal,Coochbehar,9,0
2020,West Bengal,Darjeeling,5,0
2020,West Bengal,Diamond Harbour HD#,94,0
2020,West Bengal,Dinajpur Dakshin,10,0
2020,West Bengal,Dinajpur Uttar,23,0
2020,West Bengal,Hooghly,64,0
2020,West Bengal,Howrah,264,0
2020,West Bengal,Jalpaiguri,16,0
2020,West Bengal,Jhargram,37,0
2020,West Bengal,Kalimpong,0,0
2020,West Bengal,Kolkata,11069,1
2020,West Bengal,Maldah,102,0
2020,West Bengal,Medinipur East,32,0
2020,West Bengal,Medinipur West,17,0
2020,West Bengal,Murshidabad,463,0
2020,West Bengal,Nadia,109,0
2020,West Bengal,Nandigram HD#,14,0
2020,West Bengal,Paschim Bardhaman,4,0
2020,West Bengal,Purba Bardhaman,32,0
2020,West Bengal,Purulia,197,5
2020,West Bengal,Pvt. Hospital & Others#,892,0
2020,West Bengal,Rampurhat HD#,24,0
2021,Andaman And Nicobar Islands,Nicobars,23,0
2021,Andaman And Nicobar Islands,North And Middle Andaman,0,0
2021,Andaman And Nicobar Islands,South Andamans,4,0
2021,Andaman And Nicobar Islands,Anantapur,15,0
2021,Andaman And Nicobar Islands,Chittoor,30,0
2021,Andaman And Nicobar Islands,East Godavari,102,0
2021,Andaman And Nicobar Islands,Guntur,15,0
2021,Andaman And Nicobar Islands,Krishna,11,0
2021,Andaman And Nicobar Islands,Kurnool,47,0
2021,Andaman And Nicobar Islands,Prakasam,3,0
2021,Andaman And Nicobar Islands,SPSR Nellore,11,0
2021,Andaman And Nicobar Islands,Srikakulam,38,0
2021,Andaman And Nicobar Islands,Visakhapatanam,841,0
2021,Andaman And Nicobar Islands,Vizianagaram,103,0
2021,Andaman And Nicobar Islands,West Godavari,78,0
2021,Andaman And Nicobar Islands,Y.S.R.,21,0
2021,Arunachal Pradesh,Anjaw,0,0
2021,Arunachal Pradesh,Changlang,1,0
2021,Arunachal Pradesh,Dibang Valley,0,0
2021,Arunachal Pradesh,East Kameng,0,0
2021,Arunachal Pradesh,East Siang,1,0
2021,Arunachal Pradesh,Kra Daadi,0,0
2021,Arunachal Pradesh,Kurung Kumey,0,0
2021,Arunachal Pradesh,Lohit,2,0
2021,Arunachal Pradesh,Longding,0,0
2021,Arunachal Pradesh,Lower Dibang Valley,0,0
2021,Arunachal Pradesh,Lower Siang,0,0
2021,Arunachal Pradesh,Lower Subansiri,0,0
2021,Arunachal Pradesh,Namsai,2,0
2021,Arunachal Pradesh,Papum Pare,0,0
2021,Arunachal Pradesh,Siang,0,0
2021,Arunachal Pradesh,Tawang,0,0
2021,Arunachal Pradesh,Tirap,1,0
2021,Arunachal Pradesh,Upper Siang,0,0
2021,Arunachal Pradesh,Upper Subansiri,0,0
2021,Arunachal Pradesh,West Kameng,0,0
2021,Arunachal Pradesh,West Siang,1,0
2021,Arunachal Pradesh,Baksa,2,0
2021,Arunachal Pradesh,Barpeta,3,0
2021,Arunachal Pradesh,Biswanath,1,0
2021,Arunachal Pradesh,Bongaigaon,3,0
2021,Arunachal Pradesh,Cachar,10,0
2021,Arunachal Pradesh,Charaideo,0,0
2021,Arunachal Pradesh,Chirang,20,0
2021,Arunachal Pradesh,Darrang,1,0
2021,Arunachal Pradesh,Dhemaji,1,0
2021,Arunachal Pradesh,Dhubri,6,0
2021,Arunachal Pradesh,Dibrugarh,3,0
2021,Arunachal Pradesh,Dima Hasao,4,0
2021,Arunachal Pradesh,Goalpara,15,0
2021,Arunachal Pradesh,Golaghat,0,0
2021,Arunachal Pradesh,Hailakandi,5,0
2021,Arunachal Pradesh,Hojai,4,0
2021,Arunachal Pradesh,Jorhat,7,0
2021,Arunachal Pradesh,Kamrup,0,0
2021,Arunachal Pradesh,Kamrup Metro,2,0
2021,Arunachal Pradesh,Karbi Anglong,6,0
2021,Arunachal Pradesh,Karimganj,10,0
2021,Arunachal Pradesh,Kokrajhar,32,0
2021,Arunachal Pradesh,Lakhimpur,0,0
2021,Arunachal Pradesh,Majuli,0,0
2021,Arunachal Pradesh,Marigaon,3,0
2021,Arunachal Pradesh,Nagaon,2,0
2021,Arunachal Pradesh,Nalbari,1,0
2021,Arunachal Pradesh,Sivasagar,2,0
2021,Arunachal Pradesh,Sonitpur,4,0
2021,Arunachal Pradesh,South Salmara Mancachar,4,0
2021,Arunachal Pradesh,Tinsukia,2,0
2021,Arunachal Pradesh,Udalguri,8,0
2021,Arunachal Pradesh,West Karbi Anglong,1,0
2021,Bihar,Araria,11,0
2021,Bihar,Arwal,4,0
2021,Bihar,Aurangabad,8,0
2021,Bihar,Banka,4,0
2021,Bihar,Begusarai,4,0
2021,Bihar,Bhagalpur,9,0
2021,Bihar,Bhojpur,0,0
2021,Bihar,Buxar,10,0
2021,Bihar,Darbhanga,0,0
2021,Bihar,Gaya,12,0
2021,Bihar,Gopalganj,21,0
2021,Bihar,Jamui,60,0
2021,Bihar,Jehanabad,16,0
2021,Bihar,Kaimur (Bhabua),134,0
2021,Bihar,Katihar,3,0
2021,Bihar,Khagaria,6,0
2021,Bihar,Kishanganj,0,0
2021,Bihar,Lakhisarai,28,0
2021,Bihar,Madhepura,0,0
2021,Bihar,Madhubani,7,0
2021,Bihar,Munger,4,0
2021,Bihar,Muzaffarpur,3,0
2021,Bihar,Nalanda,2,0
2021,Bihar,Nawada,196,0
2021,Bihar,Pashchim Champaran,8,0
2021,Bihar,Patna,1,0
2021,Bihar,Purbi Champaran,2,0
2021,Bihar,Purnia,17,0
2021,Bihar,Rohtas,3,0
2021,Bihar,Saharsa,1,0
2021,Bihar,Samastipur,58,0
2021,Bihar,Saran,1,0
2021,Bihar,Sheikhpura,0,0
2021,Bihar,Sheohar,1,0
2021,Bihar,Sitamarhi,2,0
2021,Bihar,Siwan,0,0
2021,Bihar,Supaul,8,0
2021,Bihar,Vaishali,3,0
2021,Chandigarh,Chandigarh,6,0
2021,Chandigarh,Balod,227,0
2021,Chandigarh,Baloda Bazar,167,0
2021,Chhattisgarh,Balrampur,165,0
2021,Chhattisgarh,Bastar,3974,4
2021,Chhattisgarh,Bemetara,7,0
2021,Chhattisgarh,Bijapur,6843,6
2021,Chhattisgarh,Bilaspur,61,1
2021,Chhattisgarh,Dantewada,6340,9
2021,Chhattisgarh,Dhamtari,192,0
2021,Chhattisgarh,Durg,156,0
2021,Chhattisgarh,Gariyaband,577,0
2021,Chhattisgarh,Gaurella Pendra Marwahi,74,0
2021,Chhattisgarh,Janjgir-Champa,50,0
2021,Chhattisgarh,Jashpur,366,0
2021,Chhattisgarh,Kabirdham,664,0
2021,Chhattisgarh,Kanker,1411,0
2021,Chhattisgarh,Kondagaon,1939,8
2021,Chhattisgarh,Korba,162,0
2021,Chhattisgarh,Korea,262,0
2021,Chhattisgarh,Mahasamund,76,0
2021,Chhattisgarh,Mungeli,18,0
2021,Chhattisgarh,Narayanpur,2324,3
2021,Chhattisgarh,Raigarh,155,0
2021,Chhattisgarh,Raipur,4,0
2021,Chhattisgarh,RajnandGaon,796,0
2021,Chhattisgarh,Sukma,2662,7
2021,Chhattisgarh,Surajpur,18,0
2021,Chhattisgarh,Surguja,43,0
2021,Delhi,New Delhi,167,0
2021,Goa,North Goa,70,0
2021,Goa,South Goa,20,0
2021,Goa,Ahmadabad,5,0
2021,Goa,Ahmadabad MC#,1125,0
2021,Goa,Amreli,322,0
2021,Goa,Anand,3,0
2021,Goa,Arvalli,23,0
2021,Goa,Banas kantha,74,0
2021,Goa,Bharuch,56,0
2021,Goa,Bhavnagar,57,0
2021,Goa,Bhavnagar MC#,10,0
2021,Goa,Botad,11,0
2021,Goa,Chhotaudepur,45,0
2021,Goa,Dang,11,0
2021,Goa,Devbhumi Dwarka,74,0
2021,Goa,Dohad,28,0
2021,Goa,Gandhinagar,61,0
2021,Goa,Gandhinagar MC#,211,0
2021,Goa,Gir Somnath,53,0
2021,Goa,Jamnagar,229,0
2021,Goa,Jamnagar MC#,49,0
2021,Gujarat,Junagadh,122,0
2021,Gujarat,Junagadh MC#,19,0
2021,Gujarat,Kachchh,300,0
2021,Gujarat,Kheda,4,0
2021,Gujarat,Mahesana,62,0
2021,Gujarat,Mahisagar,72,0
2021,Gujarat,Morbi,325,0
2021,Gujarat,Narmada,26,0
2021,Gujarat,Navsari,18,0
2021,Gujarat,Panch Mahals,51,0
2021,Gujarat,Patan,40,0
2021,Gujarat,Porbandar,27,0
2021,Gujarat,Rajkot,122,0
2021,Gujarat,Rajkot MC#,59,0
2021,Gujarat,Sabar kantha,71,0
2021,Gujarat,Surat,99,0
2021,Gujarat,Surat MC#,651,0
2021,Gujarat,Surendranagar,206,0
2021,Gujarat,Tapi,26,0
2021,Gujarat,Vadodara,32,0
2021,Gujarat,Vadodara MC#,133,0
2021,Gujarat,Valsad,9,0
2021,Haryana,Ambala,0,0
2021,Haryana,Bhiwani,0,0
2021,Haryana,Charki Dadri,6,0
2021,Haryana,Faridabad,9,0
2021,Haryana,Fatehabad,1,0
2021,Haryana,Gurugram,2,0
2021,Haryana,Hisar,2,0
2021,Haryana,Jhajjar,6,0
2021,Haryana,Jind,0,0
2021,Haryana,Kaithal,0,0
2021,Haryana,Karnal,0,0
2021,Haryana,Kurukshetra,0,0
2021,Haryana,Mahendragarh,5,0
2021,Haryana,Nuh,4,0
2021,Haryana,Palwal,3,0
2021,Haryana,Panchkula,1,0
2021,Haryana,Panipat,2,0
2021,Haryana,Rewari,1,0
2021,Haryana,Rohtak,0,0
2021,Haryana,Sirsa,7,0
2021,Haryana,Sonipat,1,0
2021,Haryana,Yamunanagar,4,0
2021,Haryana,Bilaspur,0,0
2021,Haryana,Chamba,0,0
2021,Haryana,Hamirpur,6,0
2021,Haryana,Kangra,5,0
2021,Haryana,Kinnaur,0,0
2021,Himachal Pradesh,Kullu,0,0
2021,Himachal Pradesh,Lahul And Spiti,0,0
2021,Himachal Pradesh,Mandi,4,0
2021,Himachal Pradesh,Shimla,0,0
2021,Himachal Pradesh,Sirmaur,0,0
2021,Himachal Pradesh,Solan,0,0
2021,Himachal Pradesh,Una,0,0
2021,Jammu And Kashmir,Baramulla,0,0
2021,Jammu And Kashmir,Doda,1,0
2021,Jammu And Kashmir,Jammu,3,0
2021,Jammu And Kashmir,Kathua,5,0
2021,Jammu And Kashmir,Kishtwar,0,0
2021,Jammu And Kashmir,Poonch,11,0
2021,Jammu And Kashmir,Rajouri,6,0
2021,Jammu And Kashmir,Ramban,0,0
2021,Jammu And Kashmir,Reasi,1,0
2021,Jammu And Kashmir,Samba,1,0
2021,Jammu And Kashmir,Udhampur,1,0
2021,Jammu And Kashmir,UMCP Jammu#,2,0
2021,Jharkhand,Bokaro,219,0
2021,Jharkhand,Chatra,183,0
2021,Jharkhand,Deoghar,17,0
2021,Jharkhand,Dhanbad,20,0
2021,Jharkhand,Dumka,9,0
2021,Jharkhand,East Singhbum,1016,0
2021,Jharkhand,Garhwa,623,0
2021,Jharkhand,Giridih,393,0
2021,Jharkhand,Godda,431,0
2021,Jharkhand,Gumla,124,0
2021,Jharkhand,Hazaribagh,356,0
2021,Jharkhand,Jamtara,13,0
2021,Jharkhand,Khunti,638,0
2021,Jharkhand,Koderma,62,0
2021,Jharkhand,Latehar,837,0
2021,Jharkhand,Lohardaga,139,0
2021,Jharkhand,Pakur,294,0
2021,Jharkhand,Palamu,420,0
2021,Jharkhand,Ramgarh,62,0
2021,Jharkhand,Ranchi,155,0
2021,Jharkhand,Sahebganj,99,0
2021,Jharkhand,Saraikela Kharsawan,367,0
2021,Jharkhand,Simdega,104,0
2021,Jharkhand,West Singhbhum,7617,0
2021,Jharkhand,A.M.U. Almatti#,0,0
2021,Jharkhand,A.M.U. B. Gudi#,0,0
2021,Jharkhand,A.M.U. Kembhavi#,0,0
2021,Jharkhand,Bagalkote,3,0
2021,Jharkhand,Ballari,3,0
2021,Jharkhand,BBMP#,0,0
2021,Karnataka,Belagavi,10,0
2021,Karnataka,Bengaluru Rural,1,0
2021,Karnataka,Bengaluru Urban,0,0
2021,Karnataka,Bidar,2,0
2021,Karnataka,Chamarajanagara,2,0
2021,Karnataka,ChikkaBallaPura,7,0
2021,Karnataka,Chikkamagaluru,4,0
2021,Karnataka,Chitradurga,1,0
2021,Karnataka,Dakshina Kannada,689,0
2021,Karnataka,Davangere,4,0
2021,Karnataka,Dharwad,6,0
2021,Karnataka,Gadag,6,0
2021,Karnataka,Hassan,12,1
2021,Karnataka,Haveri,4,0
2021,Karnataka,Kalaburagi,8,0
2021,Karnataka,Kodagu,4,0
2021,Karnataka,Kolar,9,0
2021,Karnataka,Koppal,0,0
2021,Karnataka,Mandya,4,0
2021,Karnataka,Mysuru,0,0
2021,Karnataka,Raichur,12,0
2021,Karnataka,Ramanagara,2,0
2021,Karnataka,Shivamogga,2,0
2021,Karnataka,Tumakuru,3,0
2021,Karnataka,U.K.P.N. PURA#,36,0
2021,Karnataka,Udupi,53,0
2021,Karnataka,Uttara Kannada,11,1
2021,Karnataka,Vijayapura,4,0
2021,Karnataka,Yadgir,11,0
2021,Kerala,Alappuzha,22,0
2021,Kerala,Ernakulam,41,0
2021,Kerala,Idukki,14,0
2021,Kerala,Kannur,24,0
2021,Kerala,Kasaragod,27,0
2021,Kerala,Kollam,13,1
2021,Kerala,Kottayam,15,0
2021,Kerala,Kozhikode,23,0
2021,Kerala,Malappuram,25,0
2021,Kerala,Palakkad,22,0
2021,Kerala,Pathanamthitta,11,0
2021,Kerala,Thiruvananthapuram,39,0
2021,Kerala,Thrissur,25,0
2021,Kerala,Wayanad,8,0
2021,Ladakh,Kargil,0,0
2021,Ladakh,Leh Ladakh,0,0
2021,Lakshadweep,Lakshadweep District,1,0
2021,Lakshadweep,Agar Malwa,0,0
2021,Lakshadweep,Alirajpur,38,0
2021,Lakshadweep,Anuppur,56,0
2021,Madhya Pradesh,Ashoknagar,13,0
2021,Madhya Pradesh,Balaghat,1081,0
2021,Madhya Pradesh,Barwani,5,0
2021,Madhya Pradesh,Betul,6,0
2021,Madhya Pradesh,Bhind,11,0
2021,Madhya Pradesh,Bhopal,37,0
2021,Madhya Pradesh,Burhanpur,2,0
2021,Madhya Pradesh,Chhatarpur,25,0
2021,Madhya Pradesh,Chhindwara,183,0
2021,Madhya Pradesh,Damoh,25,0
2021,Madhya Pradesh,Datia,76,0
2021,Madhya Pradesh,Dewas,2,0
2021,Madhya Pradesh,Dhar,105,0
2021,Madhya Pradesh,Dindori,7,0
2021,Madhya Pradesh,East Nimar,7,0
2021,Madhya Pradesh,Guna,32,0
2021,Madhya Pradesh,Gwalior,46,0
2021,Madhya Pradesh,Harda,0,0
2021,Madhya Pradesh,Indore,15,0
2021,Madhya Pradesh,Jabalpur,22,0
2021,Madhya Pradesh,Jhabua,57,0
2021,Madhya Pradesh,Katni,34,0
2021,Madhya Pradesh,Khargone,2,0
2021,Madhya Pradesh,Mandla,61,0
2021,Madhya Pradesh,Mandsaur,14,0
2021,Madhya Pradesh,Morena,77,0
2021,Madhya Pradesh,Narmadapuram,17,0
2021,Madhya Pradesh,Narsinghpur,89,0
2021,Madhya Pradesh,Neemuch,7,0
2021,Madhya Pradesh,Panna,48,0
2021,Madhya Pradesh,Raisen,40,0
2021,Madhya Pradesh,Rajgarh,34,0
2021,Madhya Pradesh,Ratlam,38,0
2021,Madhya Pradesh,Rewa,158,0
2021,Madhya Pradesh,Sagar,18,0
2021,Madhya Pradesh,Satna,63,0
2021,Madhya Pradesh,Sehore,28,0
2021,Madhya Pradesh,Seoni,65,0
2021,Madhya Pradesh,Shahdol,49,0
2021,Madhya Pradesh,Shajapur,0,0
2021,Madhya Pradesh,Sheopur,165,0
2021,Madhya Pradesh,Shivpuri,60,0
2021,Madhya Pradesh,Sidhi,90,0
2021,Madhya Pradesh,Singrauli,98,0
2021,Madhya Pradesh,Tikamgarh,6,0
2021,Madhya Pradesh,Ujjain,3,0
2021,Madhya Pradesh,Umaria,51,0
2021,Madhya Pradesh,Vidisha,15,2
2021,Madhya Pradesh,Ahmednagar,1,0
2021,Maharashtra,Akola,35,0
2021,Maharashtra,Amravati,28,0
2021,Maharashtra,Aurangabad,1,0
2021,Maharashtra,Beed,1,0
2021,Maharashtra,Bhandara,7,0
2021,Maharashtra,Buldhana,4,0
2021,Maharashtra,Chandrapur,151,5
2021,Maharashtra,Dhule,2,0
2021,Maharashtra,Gadchiroli,12326,8
2021,Maharashtra,Gondia,499,1
2021,Maharashtra,Hingoli,0,0
2021,Maharashtra,Jalgaon,1,0
2021,Maharashtra,Jalna,1,0
2021,Maharashtra,Kolhapur,1,0
2021,Maharashtra,Latur,1,0
2021,Maharashtra,Mumbai,5162,0
2021,Maharashtra,Nagpur,7,0
2021,Maharashtra,Nagpur MC#,5,0
2021,Maharashtra,Nanded,0,0
2021,Maharashtra,Nandurbar,4,0
2021,Maharashtra,Nashik,3,0
2021,Maharashtra,Osmanabad,1,0
2021,Maharashtra,Palghar,52,0
2021,Maharashtra,Parbhani,0,0
2021,Maharashtra,Pune,27,0
2021,Maharashtra,Pune MC#,3,0
2021,Maharashtra,Raigad,125,0
2021,Maharashtra,Ratnagiri,6,0
2021,Maharashtra,Sangli,7,0
2021,Maharashtra,Satara,12,0
2021,Maharashtra,Sindhudurg,48,0
2021,Maharashtra,Solapur,2,0
2021,Maharashtra,Thane,773,0
2021,Maharashtra,Wardha,3,0
2021,Maharashtra,Washim,2,0
2021,Maharashtra,Yavatmal,2,0
2021,Maharashtra,Bishnupur,0,0
2021,Maharashtra,Chandel,0,0
2021,Maharashtra,Churachandpur,5,0
2021,Maharashtra,Imphal East,3,0
2021,Maharashtra,Imphal Urban#,1,0
2021,Maharashtra,Imphal West,2,0
2021,Maharashtra,Jiribam,0,0
2021,Maharashtra,Kakching,1,0
2021,Maharashtra,Kamjong,0,0
2021,Maharashtra,Kangpokpi,3,0
2021,Maharashtra,Noney,0,0
2021,Maharashtra,Pherzawl,0,0
2021,Maharashtra,Senapati,0,0
2021,Maharashtra,Tamenglong,1,0
2021,Maharashtra,Tengnoupal,1,0
2021,Maharashtra,Thoubal,1,0
2021,Maharashtra,Ukhrul,1,0
2021,Meghalaya,East Garo Hills,27,0
2021,Meghalaya,East Jaintia Hills,1,0
2021,Meghalaya,East Khasi Hills,6,1
2021,Meghalaya,North Garo Hills,16,0
2021,Meghalaya,Ri Bhoi,6,0
2021,Meghalaya,South Garo Hills,284,1
2021,Meghalaya,South West Garo Hills,13,0
2021,Meghalaya,South West Khasi Hills,3,0
2021,Meghalaya,West Garo Hills,58,1
2021,Meghalaya,West Jaintia Hills,37,0
2021,Meghalaya,West Khasi Hills,40,0
2021,Mizoram,Aizawl,28,1
2021,Mizoram,Aizawl West#,42,0
2021,Mizoram,Champhai,28,1
2021,Mizoram,Kolasib,35,0
2021,Mizoram,Lawngtlai,3671,3
2021,Mizoram,Lunglei,2465,1
2021,Mizoram,Mamit,1258,2
2021,Mizoram,Saiha,446,0
2021,Mizoram,Serchhip,45,2
2021,Nagaland,Mon,0,0
2021,Nagaland,Dimapur,1,0
2021,Nagaland,Kiphire,1,0
2021,Nagaland,Kohima,2,0
2021,Nagaland,Longleng,0,0
2021,Nagaland,Mokokchung,0,0
2021,Nagaland,Peren,0,0
2021,Nagaland,Phek,0,0
2021,Nagaland,Tuensang,1,0
2021,Nagaland,UVBDS Dimapur#,0,0
2021,Nagaland,Wokha,3,0
2021,Nagaland,Zunheboto,0,0
2021,Nagaland,Anugul,144,0
2021,Nagaland,Balangir,331,0
2021,Nagaland,Baleshwar,35,0
2021,Nagaland,Bargarh,249,1
2021,Nagaland,Bhadrak,46,0
2021,Nagaland,Boudh,685,1
2021,Nagaland,Cuttack,21,0
2021,Nagaland,Deogarh,28,0
2021,Nagaland,Dhenkanal,44,0
2021,Nagaland,Gajapati,343,0
2021,Nagaland,Ganjam,442,0
2021,Odisha,Jagatsinghapur,11,0
2021,Odisha,Jajapur,70,0
2021,Odisha,Jharsuguda,48,1
2021,Odisha,Kalahandi,5164,0
2021,Odisha,Kandhamal,4209,3
2021,Odisha,Kendrapara,26,0
2021,Odisha,Kendujhar,137,0
2021,Odisha,Khordha,61,0
2021,Odisha,Koraput,2416,0
2021,Odisha,Malkangiri,5325,1
2021,Odisha,Mayurbhanj,226,0
2021,Odisha,Nabarangpur,744,0
2021,Odisha,Nayagarh,590,0
2021,Odisha,Nuapada,242,1
2021,Odisha,Puri,36,0
2021,Odisha,Rayagada,2790,0
2021,Odisha,Sambalpur,120,0
2021,Odisha,Sonepur,112,1
2021,Odisha,Sundargarh,808,4
2021,Puducherry,Karaikal,1,0
2021,Puducherry,Mahe,0,0
2021,Puducherry,Pondicherry,4,0
2021,Puducherry,Yanam,0,0
2021,Punjab,Amritsar,0,0
2021,Punjab,Barnala,0,0
2021,Punjab,Bathinda,2,0
2021,Punjab,Faridkot,6,0
2021,Punjab,Fatehgarh Sahib,0,0
2021,Punjab,Fazilka,3,0
2021,Punjab,Ferozepur,0,0
2021,Punjab,Gurdaspur,7,0
2021,Punjab,Hoshiarpur,7,0
2021,Punjab,Jalandhar,0,0
2021,Punjab,Kapurthala,2,0
2021,Punjab,Ludhiana,7,0
2021,Punjab,Mansa,15,0
2021,Punjab,Moga,3,0
2021,Punjab,Pathankot,1,0
2021,Punjab,Patiala,1,0
2021,Punjab,Rupnagar,3,0
2021,Punjab,S.A.S Nagar,11,0
2021,Punjab,Sangrur,0,0
2021,Punjab,Shahid Bhagat Singh Nagar,2,0
2021,Punjab,Sri Muktsar Sahib,1,0
2021,Punjab,Tarn taran,0,0
2021,Punjab,Ajmer,5,0
2021,Punjab,Alwar,20,0
2021,Punjab,Banswara,14,0
2021,Rajasthan,Baran,26,0
2021,Rajasthan,Barmer,34,0
2021,Rajasthan,Bharatpur,20,0
2021,Rajasthan,Bhilwara,5,0
2021,Rajasthan,Bikaner,5,0
2021,Rajasthan,Bundi,2,0
2021,Rajasthan,Chittorgarh,20,0
2021,Rajasthan,Churu,18,0
2021,Rajasthan,Dausa,7,0
2021,Rajasthan,Dholpur,0,0
2021,Rajasthan,Dungarpur,48,0
2021,Rajasthan,Ganganagar,3,0
2021,Rajasthan,Hanumangarh,4,0
2021,Rajasthan,Jaipur,13,0
2021,Rajasthan,Jaisalmer,198,0
2021,Rajasthan,Jalore,8,0
2021,Rajasthan,Jhalawar,0,0
2021,Rajasthan,Jhunjhunu,9,0
2021,Rajasthan,Jodhpur,12,0
2021,Rajasthan,Karauli,0,0
2021,Rajasthan,Kota,2,0
2021,Rajasthan,Nagaur,23,0
2021,Rajasthan,Pali,50,0
2021,Rajasthan,Pratapgarh,11,0
2021,Rajasthan,Rajsamand,69,0
2021,Rajasthan,Sawai Madhopur,5,0
2021,Rajasthan,Sikar,2,0
2021,Rajasthan,Sirohi,11,0
2021,Rajasthan,Tonk,6,0
2021,Rajasthan,Udaipur,275,0
2021,Sikkim,Gangtok,1,0
2021,Sikkim,Gyalshing,0,0
2021,Sikkim,Mangan,0,0
2021,Sikkim,Namchi,3,0
2021,Sikkim,Aranthangi#,0,0
2021,Sikkim,Ariyalur,0,0
2021,Sikkim,Attur#,0,0
2021,Sikkim,Chengalpattu,23,0
2021,Sikkim,Chennai,584,0
2021,Sikkim,Cheyyar#,2,0
2021,Sikkim,Coimbatore,12,0
2021,Sikkim,Cuddalore,2,0
2021,Sikkim,Dharmapuri,0,0
2021,Sikkim,Dindigul,1,0
2021,Sikkim,Erode,1,0
2021,Sikkim,Kallakurichi,0,0
2021,Sikkim,Kanchipuram,3,0
2021,Sikkim,Kanniyakumari,6,0
2021,Sikkim,Karur,1,0
2021,Tamil Nadu,Kovilpatti#,4,0
2021,Tamil Nadu,Krishnagiri,0,0
2021,Tamil Nadu,Madurai,6,0
2021,Tamil Nadu,Nagapattinam,1,0
2021,Tamil Nadu,Namakkal,1,0
2021,Tamil Nadu,Palani#,0,0
2021,Tamil Nadu,Paramakudi#,0,0
2021,Tamil Nadu,Perambalur,4,0
2021,Tamil Nadu,Poonamallee#,0,0
2021,Tamil Nadu,Pudukkottai,0,0
2021,Tamil Nadu,Ramanathapuram,1,0
2021,Tamil Nadu,Ranipet,0,0
2021,Tamil Nadu,Salem,5,0
2021,Tamil Nadu,Sivaganga,1,0
2021,Tamil Nadu,Sivakasi#,0,0
2021,Tamil Nadu,Tenkasi,2,0
2021,Tamil Nadu,Thanjavur,0,0
2021,Tamil Nadu,The Nilgiris,0,0
2021,Tamil Nadu,Theni,3,0
2021,Tamil Nadu,Thiruvallur,0,0
2021,Tamil Nadu,Thiruvarur,0,0
2021,Tamil Nadu,Tiruchirappalli,21,0
2021,Tamil Nadu,Tirunelveli,11,0
2021,Tamil Nadu,Tirupathur,0,0
2021,Tamil Nadu,Tiruppur,1,0
2021,Tamil Nadu,Tiruvannamalai,24,0
2021,Tamil Nadu,Tuticorin,12,0
2021,Tamil Nadu,Vellore,37,0
2021,Tamil Nadu,Villupuram,2,0
2021,Tamil Nadu,Virudhunagar,1,0
2021,Tamil Nadu,Adilabad,2,0
2021,Tamil Nadu,Bhadradri Kothagudem,353,0
2021,Tamil Nadu,Hanumakonda,34,0
2021,Tamil Nadu,Hyderabad,31,0
2021,Tamil Nadu,Jagitial,1,0
2021,Tamil Nadu,Jangoan,7,0
2021,Tamil Nadu,Jayashankar Bhupalapally,58,0
2021,Tamil Nadu,Jogulamba Gadwal,0,0
2021,Tamil Nadu,Kamareddy,0,0
2021,Tamil Nadu,Karimnagar,6,0
2021,Tamil Nadu,Khammam,0,0
2021,Tamil Nadu,Kumuram Bheem Asifabad,77,0
2021,Tamil Nadu,Mahabubabad,30,0
2021,Tamil Nadu,Mahabubnagar,6,0
2021,Tamil Nadu,Mancherial,0,0
2021,Tamil Nadu,Medak,1,0
2021,Tamil Nadu,Medchal Malkajgiri,4,0
2021,Tamil Nadu,Mulugu,206,0
2021,Tamil Nadu,Nagarkurnool,2,0
2021,Tamil Nadu,Nalgonda,0,0
2021,Tamil Nadu,Narayanpet,0,0
2021,Tamil Nadu,Nirmal,2,0
2021,Tamil Nadu,Nizamabad,1,0
2021,Tamil Nadu,Peddapalli,2,0
2021,Tamil Nadu,Rajanna Sircilla,2,0
2021,Tamil Nadu,Ranga Reddy,3,0
2021,Tamil Nadu,Sangareddy,2,0
2021,Tamil Nadu,Siddipet,0,0
2021,Tamil Nadu,Suryapet,1,0
2021,Tamil Nadu,Vikarabad,2,0
2021,Tamil Nadu,Wanaparthy,3,0
2021,Tamil Nadu,Warangal,34,0
2021,Tamil Nadu,Yadadri Bhuvanagiri,4,0
2021,The Dadra And Nagar Haveli And Daman And Diu,Dadra And Nagar Haveli,47,0
2021,The Dadra And Nagar Haveli And Daman And Diu,Daman,7,0
2021,The Dadra And Nagar Haveli And Daman And Diu,Diu,0,0
2021,Tripura,Dhalai,8204,3
2021,Tripura,Gomati,485,1
2021,Tripura,Khowai,354,0
2021,Tripura,North Tripura,468,0
2021,Tripura,Sepahijala,14,0
2021,Tripura,South Tripura,476,0
2021,Tripura,Unakoti,65,0
2021,Tripura,West Tripura,70,0
2021,Tripura,Agra,31,0
2021,Tripura,Aligarh,192,0
2021,Tripura,Ambedkar Nagar,0,0
2021,Tripura,Amethi,2,0
2021,Tripura,Amroha,52,0
2021,Tripura,Auraiya,72,0
2021,Tripura,Ayodhya,9,0
2021,Tripura,Azamgarh,3,0
2021,Tripura,Baghpat,2,0
2021,Tripura,Bahraich,1,0
2021,Tripura,Ballia,1,0
2021,Tripura,Balrampur,1,0
2021,Tripura,Banda,15,0
2021,Tripura,Barabanki,6,0
2021,Tripura,Bareilly,2362,0
2021,Tripura,Basti,0,0
2021,Tripura,Bhadohi,58,0
2021,Tripura,Bijnor,158,0
2021,Tripura,Budaun,1657,0
2021,Tripura,Bulandshahr,60,0
2021,Tripura,Chandauli,9,0
2021,Tripura,Chitrakoot,22,0
2021,Tripura,Deoria,1,0
2021,Tripura,Etah,115,0
2021,Tripura,Etawah,61,0
2021,Tripura,Farrukhabad,155,0
2021,Tripura,Fatehpur,278,0
2021,Tripura,Firozabad,80,0
2021,Tripura,Gautam Buddha Nagar,117,0
2021,Tripura,Ghaziabad,29,0
2021,Tripura,Ghazipur,1,0
2021,Tripura,Gonda,1,0
2021,Tripura,Gorakhpur,11,0
2021,Tripura,Hamirpur,67,0
2021,Tripura,Hapur,30,0
2021,Tripura,Hardoi,716,0
2021,Tripura,Hathras,21,0
2021,Tripura,Jalaun,6,0
2021,Tripura,Jaunpur,11,0
2021,Tripura,Jhansi,17,0
2021,Tripura,Kannauj,18,0
2021,Tripura,Kanpur Dehat,41,0
2021,Tripura,Kanpur Nagar,15,0
2021,Tripura,Kasganj,30,0
2021,Tripura,Kaushambi,38,0
2021,Tripura,Kheri,115,0
2021,Tripura,Kushi Nagar,1,0
2021,Tripura,Lalitpur,7,0
2021,Tripura,Lucknow,34,0
2021,Tripura,Maharajganj,6,0
2021,Tripura,Mahoba,10,0
2021,Tripura,Mainpuri,3,0
2021,Tripura,Mathura,84,0
2021,Tripura,Mau,1,0
2021,Tripura,Meerut,9,0
2021,Tripura,Mirzapur,296,0
2021,Tripura,Moradabad,46,0
2021,Tripura,Muzaffarnagar,33,0
2021,Tripura,Pilibhit,38,0
2021,Tripura,Pratapgarh,11,0
2021,Tripura,Prayagraj,274,0
2021,Tripura,Rae Bareli,4,0
2021,Tripura,Rampur,84,0
2021,Tripura,Saharanpur,9,0
2021,Tripura,Sambhal,107,0
2021,Tripura,Sant Kabeer Nagar,11,0
2021,Tripura,Shahjahanpur,529,0
2021,Tripura,Shamli,57,0
2021,Tripura,Shravasti,2,0
2021,Tripura,Siddharth Nagar,48,0
2021,Tripura,Sitapur,215,0
2021,Tripura,Sonbhadra,1978,0
2021,Tripura,Sultanpur,37,0
2021,Tripura,Unnao,5,0
2021,Tripura,Varanasi,166,0
2021,Uttarakhand,Almora,0,0
2021,Uttarakhand,Bageshwar,0,0
2021,Uttarakhand,Chamoli,0,0
2021,Uttarakhand,Champawat,2,0
2021,Uttarakhand,Dehradun,0,0
2021,Uttarakhand,Haridwar,6,0
2021,Uttarakhand,Nainital,5,0
2021,Uttarakhand,Pauri Garhwal,0,0
2021,Uttarakhand,Pithoragarh,0,0
2021,Uttarakhand,Rudra Prayag,0,0
2021,Uttarakhand,Tehri Garhwal,0,0
2021,Uttarakhand,Udam Singh Nagar,0,0
2021,Uttarakhand,Uttar Kashi,0,0
2021,Uttarakhand,24 Paraganas North,557,0
2021,Uttarakhand,24 Paraganas South,803,0
2021,Uttarakhand,Alipurduar,31,0
2021,Uttarakhand,Bankura,112,0
2021,Uttarakhand,Basirhat HD#,379,0
2021,Uttarakhand,Birbhum,36,0
2021,Uttarakhand,Bishnupur HD#,131,0
2021,Uttarakhand,Coochbehar,29,0
2021,Uttarakhand,Darjeeling,6,0
2021,Uttarakhand,Diamond Harbour HD#,288,0
2021,Uttarakhand,Dinajpur Dakshin,26,0
2021,Uttarakhand,Dinajpur Uttar,46,0
2021,Uttarakhand,Hooghly,111,0
2021,Uttarakhand,Howrah,761,0
2021,Uttarakhand,Jalpaiguri,20,0
2021,Uttarakhand,Jhargram,59,0
2021,Uttarakhand,Kalimpong,2,0
2021,Uttarakhand,Kolkata,21290,1
2021,Uttarakhand,Maldah,238,0
2021,Uttarakhand,Medinipur East,78,0
2021,Uttarakhand,Medinipur West,58,0
2021,Uttarakhand,Murshidabad,1442,2
2021,Uttarakhand,Nadia,302,0
2021,Uttarakhand,Nandigram HD#,23,0
2021,Uttarakhand,Paschim Bardhaman,8,0
2021,Uttarakhand,Purba Bardhaman,93,0
2021,Uttarakhand,Purulia,258,0
2021,Uttarakhand,Pvt. Hospital & Others#,1753,0
2021,Uttarakhand,Rampurhat HD#,47,0
2022,Andaman And Nicobar Islands,Nicobars,46,0
2022,Andaman And Nicobar Islands,North And Middle Andaman,0,0
2022,Andaman And Nicobar Islands,South Andamans,4,0
2022,Andhra Pradesh,Alluri Sitharama Raju,830,0
2022,Andhra Pradesh,Anakapalli,68,0
2022,Andhra Pradesh,Anantapur,13,0
2022,Andhra Pradesh,Annamayya,0,0
2022,Andhra Pradesh,Bapatla,0,0
2022,Andhra Pradesh,Chittoor,2,0
2022,Andhra Pradesh,East Godavari,1,0
2022,Andhra Pradesh,Eluru,70,0
2022,Andhra Pradesh,Guntur,24,0
2022,Andhra Pradesh,Kakinada,0,0
2022,Andhra Pradesh,Konaseema,0,0
2022,Andhra Pradesh,Krishna,0,0
2022,Andhra Pradesh,Kurnool,6,0
2022,Andhra Pradesh,Nandyal,8,0
2022,Andhra Pradesh,NTR,375,0
2022,Andhra Pradesh,Palnadu,2,0
2022,Andhra Pradesh,Parvathipuram Manyam,502,0
2022,Andhra Pradesh,Prakasam,1,0
2022,Andhra Pradesh,SPSR Nellore,3,0
2022,Andhra Pradesh,Sri Sathya Sai,8,0
2022,Andhra Pradesh,Srikakulam,9,0
2022,Andhra Pradesh,Tirupati,2,0
2022,Andhra Pradesh,Visakhapatanam,53,0
2022,Andhra Pradesh,Vizianagaram,29,0
2022,Andhra Pradesh,West Godavari,0,0
2022,Andhra Pradesh,Y.S.R.,16,0
2022,Andhra Pradesh,Anjaw,1,0
2022,Andhra Pradesh,Changlang,3,0
2022,Andhra Pradesh,Dibang Valley,0,0
2022,Andhra Pradesh,East Kameng,0,0
2022,Andhra Pradesh,East Siang,0,0
2022,Andhra Pradesh,Kra Daadi,0,0
2022,Andhra Pradesh,Kurung Kumey,0,0
2022,Andhra Pradesh,Lohit,1,0
2022,Andhra Pradesh,Longding,0,0
2022,Andhra Pradesh,Lower Dibang Valley,0,0
2022,Andhra Pradesh,Lower Siang,1,0
2022,Andhra Pradesh,Lower Subansiri,0,0
2022,Andhra Pradesh,Namsai,3,0
2022,Andhra Pradesh,Pakke Kessang,0,0
2022,Andhra Pradesh,Papum Pare,0,0
2022,Andhra Pradesh,Siang,0,0
2022,Andhra Pradesh,Tawang,1,0
2022,Andhra Pradesh,Tirap,3,0
2022,Andhra Pradesh,Upper Siang,3,0
2022,Andhra Pradesh,Upper Subansiri,0,0
2022,Andhra Pradesh,West Kameng,1,0
2022,Andhra Pradesh,West Siang,1,0
2022,Assam,Baksa,7,0
2022,Assam,Barpeta,2,0
2022,Assam,Biswanath,0,0
2022,Assam,Bongaigaon,2,0
2022,Assam,Cachar,20,0
2022,Assam,Charaideo,0,0
2022,Assam,Chirang,4,0
2022,Assam,Darrang,0,0
2022,Assam,Dhemaji,3,0
2022,Assam,Dhubri,10,0
2022,Assam,Dibrugarh,2,0
2022,Assam,Dima Hasao,13,0
2022,Assam,Goalpara,20,0
2022,Assam,Golaghat,5,0
2022,Assam,Hailakandi,8,0
2022,Assam,Hojai,8,0
2022,Assam,Jorhat,3,0
2022,Assam,Kamrup,1,0
2022,Assam,Kamrup Metro,10,0
2022,Assam,Karbi Anglong,0,0
2022,Assam,Karimganj,15,0
2022,Assam,Kokrajhar,95,0
2022,Assam,Lakhimpur,1,0
2022,Assam,Majuli,0,0
2022,Assam,Marigaon,5,0
2022,Assam,Nagaon,14,0
2022,Assam,Nalbari,3,0
2022,Assam,Sivasagar,3,0
2022,Assam,Sonitpur,0,0
2022,Assam,South Salmara Mancachar,4,0
2022,Assam,Tinsukia,5,0
2022,Assam,Udalguri,15,0
2022,Assam,West Karbi Anglong,2,0
2022,Assam,Araria,0,0
2022,Assam,Arwal,3,0
2022,Assam,Aurangabad,28,0
2022,Assam,Banka,20,0
2022,Assam,Begusarai,10,0
2022,Assam,Bhagalpur,10,0
2022,Assam,Bhojpur,30,0
2022,Assam,Buxar,15,0
2022,Bihar,Darbhanga,1,0
2022,Bihar,Gaya,26,0
2022,Bihar,Gopalganj,9,0
2022,Bihar,Jamui,12,0
2022,Bihar,Jehanabad,8,0
2022,Bihar,Kaimur (Bhabua),53,0
2022,Bihar,Katihar,7,0
2022,Bihar,Khagaria,4,0
2022,Bihar,Kishanganj,9,0
2022,Bihar,Lakhisarai,23,0
2022,Bihar,Madhepura,0,0
2022,Bihar,Madhubani,23,0
2022,Bihar,Munger,10,0
2022,Bihar,Muzaffarpur,19,0
2022,Bihar,Nalanda,2,0
2022,Bihar,Nawada,84,0
2022,Bihar,Pashchim Champaran,1,0
2022,Bihar,Patna,4,0
2022,Bihar,Purbi Champaran,6,0
2022,Bihar,Purnia,100,0
2022,Bihar,Rohtas,17,0
2022,Bihar,Saharsa,0,0
2022,Bihar,Samastipur,9,0
2022,Bihar,Saran,0,0
2022,Bihar,Sheikhpura,0,0
2022,Bihar,Sheohar,2,0
2022,Bihar,Sitamarhi,3,0
2022,Bihar,Siwan,0,0
2022,Bihar,Supaul,12,0
2022,Bihar,Vaishali,18,0
2022,Chandigarh,Chandigarh,2,0
2022,Chandigarh,Balod,202,0
2022,Chandigarh,Baloda Bazar,95,0
2022,Chandigarh,Balrampur,73,0
2022,Chandigarh,Bastar,3808,4
2022,Chandigarh,Bemetara,6,0
2022,Chandigarh,Bijapur,6751,8
2022,Chandigarh,Bilaspur,39,0
2022,Chandigarh,Dantewada,9423,4
2022,Chandigarh,Dhamtari,257,0
2022,Chandigarh,Durg,98,0
2022,Chandigarh,Gariyaband,453,0
2022,Chandigarh,Gaurella Pendra Marwahi,41,0
2022,Chandigarh,Janjgir-Champa,44,0
2022,Chandigarh,Jashpur,269,0
2022,Chandigarh,Kabirdham,496,0
2022,Chandigarh,Kanker,1106,0
2022,Chandigarh,Kondagaon,1693,2
2022,Chandigarh,Korba,141,0
2022,Chandigarh,Korea,122,0
2022,Chandigarh,Mahasamund,70,0
2022,Chandigarh,Mungeli,32,0
2022,Chandigarh,Narayanpur,2268,1
2022,Chandigarh,Raigarh,81,0
2022,Chandigarh,Raipur,2,0
2022,Chandigarh,RajnandGaon,443,0
2022,Chandigarh,Sukma,1996,1
2022,Chandigarh,Surajpur,3,0
2022,Chandigarh,Surguja,17,0
2022,Delhi,New Delhi,263,1
2022,Goa,North Goa,443,0
2022,Goa,South Goa,144,0
2022,Goa,Ahmadabad,5,0
2022,Goa,Ahmadabad MC#,1463,0
2022,Goa,Amreli,330,0
2022,Goa,Anand,14,0
2022,Goa,Arvalli,8,0
2022,Goa,Banas kantha,50,0
2022,Goa,Bharuch,31,0
2022,Goa,Bhavnagar,28,0
2022,Goa,Bhavnagar MC#,4,0
2022,Goa,Botad,4,0
2022,Goa,Chhotaudepur,17,0
2022,Goa,Dang,9,0
2022,Goa,Devbhumi Dwarka,62,0
2022,Goa,Dohad,23,0
2022,Goa,Gandhinagar,53,0
2022,Goa,Gandhinagar MC#,106,0
2022,Goa,Gir Somnath,34,0
2022,Goa,Jamnagar,236,0
2022,Goa,Jamnagar MC#,26,0
2022,Goa,Junagadh,77,0
2022,Goa,Junagadh MC#,12,0
2022,Goa,Kachchh,537,0
2022,Goa,Kheda,5,0
2022,Goa,Mahesana,64,0
2022,Goa,Mahisagar,47,0
2022,Goa,Morbi,169,0
2022,Goa,Narmada,37,0
2022,Goa,Navsari,21,0
2022,Goa,Panch Mahals,78,0
2022,Goa,Patan,24,0
2022,Goa,Porbandar,27,0
2022,Goa,Rajkot,86,0
2022,Goa,Rajkot MC#,50,0
2022,Goa,Sabar kantha,39,0
2022,Goa,Surat,124,0
2022,Goa,Surat MC#,583,0
2022,Goa,Surendranagar,173,0
2022,Goa,Tapi,23,0
2022,Goa,Vadodara,23,0
2022,Goa,Vadodara MC#,75,0
2022,Goa,Valsad,8,0
2022,Haryana,Ambala,0,0
2022,Haryana,Bhiwani,1,0
2022,Haryana,Charki Dadri,3,0
2022,Haryana,Faridabad,3,0
2022,Haryana,Fatehabad,0,0
2022,Haryana,Gurugram,0,0
2022,Haryana,Hisar,1,0
2022,Haryana,Jhajjar,16,0
2022,Haryana,Jind,0,0
2022,Haryana,Kaithal,0,0
2022,Haryana,Karnal,1,0
2022,Haryana,Kurukshetra,0,0
2022,Haryana,Mahendragarh,3,0
2022,Haryana,Nuh,2,0
2022,Haryana,Palwal,0,0
2022,Haryana,Panchkula,0,0
2022,Haryana,Panipat,1,0
2022,Haryana,Rewari,5,0
2022,Haryana,Rohtak,3,0
2022,Haryana,Sirsa,8,0
2022,Haryana,Sonipat,4,0
2022,Haryana,Yamunanagar,1,0
2022,Himachal Pradesh,Bilaspur,0,0
2022,Himachal Pradesh,Chamba,0,0
2022,Himachal Pradesh,Hamirpur,2,0
2022,Himachal Pradesh,Kangra,4,0
2022,Himachal Pradesh,Kinnaur,0,0
2022,Himachal Pradesh,Kullu,0,0
2022,Himachal Pradesh,Lahul And Spiti,0,0
2022,Himachal Pradesh,Mandi,4,0
2022,Himachal Pradesh,Shimla,0,0
2022,Himachal Pradesh,Sirmaur,0,0
2022,Himachal Pradesh,Solan,1,0
2022,Himachal Pradesh,Una,1,0
2022,Himachal Pradesh,Baramulla,1,0
2022,Himachal Pradesh,Doda,0,0
2022,Himachal Pradesh,Jammu,9,0
2022,Himachal Pradesh,Kathua,2,0
2022,Himachal Pradesh,Kishtwar,0,0
2022,Himachal Pradesh,Poonch,9,0
2022,Himachal Pradesh,Rajouri,6,0
2022,Himachal Pradesh,Ramban,0,0
2022,Himachal Pradesh,Reasi,0,0
2022,Himachal Pradesh,Samba,1,0
2022,Himachal Pradesh,Udhampur,2,0
2022,Himachal Pradesh,UMCP Jammu#,5,0
2022,Jharkhand,Bokaro,170,0
2022,Jharkhand,Chatra,166,0
2022,Jharkhand,Deoghar,15,0
2022,Jharkhand,Dhanbad,19,0
2022,Jharkhand,Dumka,22,0
2022,Jharkhand,East Singhbum,1425,2
2022,Jharkhand,Garhwa,294,0
2022,Jharkhand,Giridih,349,0
2022,Jharkhand,Godda,896,0
2022,Jharkhand,Gumla,248,0
2022,Jharkhand,Hazaribagh,558,0
2022,Jharkhand,Jamtara,13,0
2022,Jharkhand,Khunti,821,0
2022,Jharkhand,Koderma,131,0
2022,Jharkhand,Latehar,625,0
2022,Jharkhand,Lohardaga,325,0
2022,Jharkhand,Pakur,773,0
2022,Jharkhand,Palamu,209,0
2022,Jharkhand,Ramgarh,69,0
2022,Jharkhand,Ranchi,201,0
2022,Jharkhand,Sahebganj,155,0
2022,Jharkhand,Saraikela Kharsawan,690,0
2022,Jharkhand,Simdega,177,1
2022,Jharkhand,West Singhbhum,10816,1
2022,Jharkhand,A.M.U. Almatti#,0,0
2022,Jharkhand,A.M.U. B. Gudi#,0,0
2022,Jharkhand,A.M.U. Kembhavi#,0,0
2022,Jharkhand,Bagalkote,0,0
2022,Jharkhand,Ballari,2,0
2022,Jharkhand,BBMP#,0,0
2022,Jharkhand,Belagavi,3,0
2022,Jharkhand,Bengaluru Rural,1,0
2022,Jharkhand,Bengaluru Urban,0,0
2022,Jharkhand,Bidar,4,0
2022,Jharkhand,Chamarajanagara,3,0
2022,Jharkhand,ChikkaBallaPura,2,0
2022,Jharkhand,Chikkamagaluru,4,0
2022,Jharkhand,Chitradurga,2,0
2022,Jharkhand,Dakshina Kannada,168,0
2022,Jharkhand,Davangere,1,0
2022,Jharkhand,Dharwad,9,0
2022,Jharkhand,Gadag,4,0
2022,Jharkhand,Hassan,1,0
2022,Jharkhand,Haveri,3,0
2022,Jharkhand,Kalaburagi,10,0
2022,Jharkhand,Kodagu,3,0
2022,Jharkhand,Kolar,1,0
2022,Jharkhand,Koppal,0,0
2022,Jharkhand,Mandya,0,0
2022,Jharkhand,Mysuru,0,0
2022,Jharkhand,Raichur,10,0
2022,Jharkhand,Ramanagara,2,0
2022,Jharkhand,Shivamogga,3,0
2022,Jharkhand,Tumakuru,0,0
2022,Jharkhand,U.K.P.N. PURA#,2,0
2022,Jharkhand,Udupi,36,0
2022,Jharkhand,Uttara Kannada,5,0
2022,Jharkhand,Vijayanagar,1,0
2022,Jharkhand,Vijayapura,5,0
2022,Jharkhand,Yadgir,4,0
2022,Kerala,Alappuzha,30,0
2022,Kerala,Ernakulam,46,0
2022,Kerala,Idukki,24,0
2022,Kerala,Kannur,40,0
2022,Kerala,Kasaragod,17,0
2022,Kerala,Kollam,31,0
2022,Kerala,Kottayam,23,0
2022,Kerala,Kozhikode,38,0
2022,Kerala,Malappuram,38,0
2022,Kerala,Palakkad,26,0
2022,Kerala,Pathanamthitta,16,0
2022,Kerala,Thiruvananthapuram,39,0
2022,Kerala,Thrissur,66,0
2022,Kerala,Wayanad,5,0
2022,Ladakh,Kargil,2,0
2022,Ladakh,Leh Ladakh,0,0
2022,Lakshadweep,Lakshadweep District,0,0
2022,Lakshadweep,Agar Malwa,0,0
2022,Lakshadweep,Alirajpur,49,0
2022,Lakshadweep,Anuppur,22,0
2022,Lakshadweep,Ashoknagar,4,0
2022,Lakshadweep,Balaghat,1899,0
2022,Lakshadweep,Barwani,8,0
2022,Lakshadweep,Betul,4,0
2022,Lakshadweep,Bhind,4,0
2022,Lakshadweep,Bhopal,19,0
2022,Lakshadweep,Burhanpur,2,0
2022,Lakshadweep,Chhatarpur,26,0
2022,Lakshadweep,Chhindwara,91,0
2022,Lakshadweep,Damoh,24,0
2022,Lakshadweep,Datia,144,0
2022,Lakshadweep,Dewas,7,0
2022,Lakshadweep,Dhar,57,0
2022,Lakshadweep,Dindori,46,0
2022,Lakshadweep,East Nimar,5,0
2022,Madhya Pradesh,Guna,36,0
2022,Madhya Pradesh,Gwalior,37,0
2022,Madhya Pradesh,Harda,1,0
2022,Madhya Pradesh,Indore,6,0
2022,Madhya Pradesh,Jabalpur,27,0
2022,Madhya Pradesh,Jhabua,71,0
2022,Madhya Pradesh,Katni,30,0
2022,Madhya Pradesh,Khargone,3,0
2022,Madhya Pradesh,Mandla,30,0
2022,Madhya Pradesh,Mandsaur,5,0
2022,Madhya Pradesh,Morena,107,0
2022,Madhya Pradesh,Narmadapuram,14,0
2022,Madhya Pradesh,Narsinghpur,35,0
2022,Madhya Pradesh,Neemuch,350,0
2022,Madhya Pradesh,Niwari,2,0
2022,Madhya Pradesh,Panna,16,0
2022,Madhya Pradesh,Raisen,7,0
2022,Madhya Pradesh,Rajgarh,7,0
2022,Madhya Pradesh,Ratlam,10,0
2022,Madhya Pradesh,Rewa,66,0
2022,Madhya Pradesh,Sagar,45,0
2022,Madhya Pradesh,Satna,51,0
2022,Madhya Pradesh,Sehore,20,0
2022,Madhya Pradesh,Seoni,20,0
2022,Madhya Pradesh,Shahdol,14,0
2022,Madhya Pradesh,Shajapur,0,0
2022,Madhya Pradesh,Sheopur,68,0
2022,Madhya Pradesh,Shivpuri,39,0
2022,Madhya Pradesh,Sidhi,172,0
2022,Madhya Pradesh,Singrauli,75,0
2022,Madhya Pradesh,Tikamgarh,0,0
2022,Madhya Pradesh,Ujjain,1,0
2022,Madhya Pradesh,Umaria,49,0
2022,Madhya Pradesh,Vidisha,1,0
2022,Madhya Pradesh,Ahmednagar,4,0
2022,Madhya Pradesh,Akola,56,0
2022,Madhya Pradesh,Amravati,60,0
2022,Madhya Pradesh,Aurangabad,2,0
2022,Madhya Pradesh,Beed,2,0
2022,Madhya Pradesh,Bhandara,9,0
2022,Madhya Pradesh,Buldhana,21,0
2022,Madhya Pradesh,Chandrapur,121,4
2022,Madhya Pradesh,Dhule,5,0
2022,Madhya Pradesh,Gadchiroli,9205,13
2022,Madhya Pradesh,Gondia,373,4
2022,Madhya Pradesh,Hingoli,0,0
2022,Madhya Pradesh,Jalgaon,3,0
2022,Madhya Pradesh,Jalna,1,0
2022,Madhya Pradesh,Kolhapur,4,0
2022,Maharashtra,Latur,0,0
2022,Maharashtra,Mumbai,3985,2
2022,Maharashtra,Nagpur,12,0
2022,Maharashtra,Nagpur MC#,3,0
2022,Maharashtra,Nanded,0,0
2022,Maharashtra,Nandurbar,5,0
2022,Maharashtra,Nashik,7,0
2022,Maharashtra,Osmanabad,0,0
2022,Maharashtra,Palghar,101,0
2022,Maharashtra,Parbhani,0,0
2022,Maharashtra,Pune,26,0
2022,Maharashtra,Pune MC#,1,0
2022,Maharashtra,Raigad,365,1
2022,Maharashtra,Ratnagiri,7,0
2022,Maharashtra,Sangli,2,0
2022,Maharashtra,Satara,17,0
2022,Maharashtra,Sindhudurg,52,0
2022,Maharashtra,Solapur,1,0
2022,Maharashtra,Thane,992,2
2022,Maharashtra,Wardha,5,0
2022,Maharashtra,Washim,3,0
2022,Maharashtra,Yavatmal,1,0
2022,Manipur,Bishnupur,1,0
2022,Manipur,Chandel,0,0
2022,Manipur,Churachandpur,11,0
2022,Manipur,Imphal East,1,0
2022,Manipur,Imphal Urban#,1,0
2022,Manipur,Imphal West,3,0
2022,Manipur,Jiribam,0,0
2022,Manipur,Kakching,1,0
2022,Manipur,Kamjong,4,0
2022,Manipur,Kangpokpi,2,0
2022,Manipur,Noney,1,0
2022,Manipur,Pherzawl,1,0
2022,Manipur,Senapati,1,0
2022,Manipur,Tamenglong,0,0
2022,Manipur,Tengnoupal,1,0
2022,Manipur,Thoubal,0,0
2022,Manipur,Ukhrul,2,0
2022,Manipur,East Garo Hills,26,1
2022,Manipur,East Jaintia Hills,2,0
2022,Manipur,East Khasi Hills,11,0
2022,Manipur,Eastern West Khasi Hills,3,0
2022,Manipur,North Garo Hills,18,1
2022,Manipur,Ri Bhoi,7,0
2022,Manipur,South Garo Hills,297,3
2022,Manipur,South West Garo Hills,20,2
2022,Manipur,South West Khasi Hills,3,0
2022,Manipur,West Garo Hills,37,1
2022,Manipur,West Jaintia Hills,11,0
2022,Manipur,West Khasi Hills,44,0
2022,Mizoram,Aizawl,20,0
2022,Mizoram,Aizawl West#,43,2
2022,Mizoram,Champhai,46,2
2022,Mizoram,Kolasib,22,0
2022,Mizoram,Lawngtlai,5664,3
2022,Mizoram,Lunglei,2888,2
2022,Mizoram,Mamit,1474,0
2022,Mizoram,Saiha,963,0
2022,Mizoram,Serchhip,36,1
2022,Nagaland,Mon,0,0
2022,Nagaland,Dimapur,3,0
2022,Nagaland,Kiphire,0,0
2022,Nagaland,Kohima,2,0
2022,Nagaland,Longleng,0,0
2022,Nagaland,Mokokchung,0,0
2022,Nagaland,Peren,1,0
2022,Nagaland,Phek,1,0
2022,Nagaland,Tuensang,0,0
2022,Nagaland,UVBDS Dimapur#,2,0
2022,Nagaland,Wokha,0,0
2022,Nagaland,Zunheboto,0,0
2022,Nagaland,Anugul,43,0
2022,Nagaland,Balangir,292,0
2022,Nagaland,Baleshwar,74,0
2022,Nagaland,Bargarh,213,0
2022,Nagaland,Bhadrak,57,0
2022,Nagaland,Boudh,283,0
2022,Nagaland,Cuttack,49,0
2022,Nagaland,Deogarh,14,0
2022,Nagaland,Dhenkanal,88,0
2022,Nagaland,Gajapati,343,0
2022,Nagaland,Ganjam,610,0
2022,Nagaland,Jagatsinghapur,18,0
2022,Nagaland,Jajapur,58,0
2022,Nagaland,Jharsuguda,39,3
2022,Nagaland,Kalahandi,3841,0
2022,Nagaland,Kandhamal,2338,1
2022,Nagaland,Kendrapara,68,0
2022,Nagaland,Kendujhar,151,0
2022,Nagaland,Khordha,113,0
2022,Nagaland,Koraput,2830,0
2022,Nagaland,Malkangiri,4816,0
2022,Nagaland,Mayurbhanj,148,0
2022,Nagaland,Nabarangpur,625,0
2022,Nagaland,Nayagarh,165,0
2022,Nagaland,Nuapada,134,0
2022,Nagaland,Puri,73,0
2022,Nagaland,Rayagada,4998,0
2022,Nagaland,Sambalpur,83,0
2022,Nagaland,Sonepur,69,0
2022,Nagaland,Sundargarh,1137,1
2022,Puducherry,Karaikal,0,0
2022,Puducherry,Mahe,0,0
2022,Puducherry,Pondicherry,0,0
2022,Puducherry,Yanam,0,0
2022,Punjab,Amritsar,1,0
2022,Punjab,Barnala,0,0
2022,Punjab,Bathinda,11,0
2022,Punjab,Faridkot,9,0
2022,Punjab,Fatehgarh Sahib,1,0
2022,Punjab,Fazilka,2,0
2022,Punjab,Ferozepur,1,0
2022,Punjab,Gurdaspur,0,0
2022,Punjab,Hoshiarpur,25,0
2022,Punjab,Jalandhar,2,1
2022,Punjab,Kapurthala,1,0
2022,Punjab,Ludhiana,33,0
2022,Punjab,Malerkotla,0,0
2022,Punjab,Mansa,13,1
2022,Punjab,Moga,0,0
2022,Punjab,Pathankot,2,0
2022,Punjab,Patiala,4,0
2022,Punjab,Rupnagar,2,0
2022,Punjab,S.A.S Nagar,7,0
2022,Punjab,Sangrur,0,0
2022,Punjab,Shahid Bhagat Singh Nagar,1,0
2022,Punjab,Sri Muktsar Sahib,3,0
2022,Punjab,Tarn taran,1,0
2022,Punjab,Ajmer,4,0
2022,Punjab,Alwar,40,0
2022,Punjab,Banswara,27,0
2022,Punjab,Baran,11,0
2022,Punjab,Barmer,530,0
2022,Punjab,Bharatpur,9,0
2022,Punjab,Bhilwara,4,0
2022,Punjab,Bikaner,34,1
2022,Punjab,Bundi,4,0
2022,Punjab,Chittorgarh,23,0
2022,Punjab,Churu,29,0
2022,Punjab,Dausa,9,0
2022,Punjab,Dholpur,1,0
2022,Punjab,Dungarpur,23,0
2022,Rajasthan,Ganganagar,14,0
2022,Rajasthan,Hanumangarh,6,0
2022,Rajasthan,Jaipur,14,0
2022,Rajasthan,Jaisalmer,332,0
2022,Rajasthan,Jalore,7,0
2022,Rajasthan,Jhalawar,4,0
2022,Rajasthan,Jhunjhunu,9,0
2022,Rajasthan,Jodhpur,37,0
2022,Rajasthan,Karauli,2,0
2022,Rajasthan,Kota,4,0
2022,Rajasthan,Nagaur,21,0
2022,Rajasthan,Pali,63,0
2022,Rajasthan,Pratapgarh,21,0
2022,Rajasthan,Rajsamand,45,0
2022,Rajasthan,Sawai Madhopur,0,0
2022,Rajasthan,Sikar,5,0
2022,Rajasthan,Sirohi,13,0
2022,Rajasthan,Tonk,8,0
2022,Rajasthan,Udaipur,212,0
2022,Sikkim,Gangtok,6,0
2022,Sikkim,Gyalshing,1,0
2022,Sikkim,Mangan,0,0
2022,Sikkim,Namchi,1,0
2022,Sikkim,Aranthangi#,0,0
2022,Sikkim,Ariyalur,0,0
2022,Sikkim,Attur#,3,0
2022,Sikkim,Chengalpattu,19,0
2022,Sikkim,Chennai,125,0
2022,Sikkim,Cheyyar#,6,0
2022,Sikkim,Coimbatore,11,0
2022,Sikkim,Cuddalore,5,0
2022,Sikkim,Dharmapuri,0,0
2022,Sikkim,Dindigul,4,0
2022,Sikkim,Erode,0,0
2022,Sikkim,Kallakurichi,4,0
2022,Sikkim,Kanchipuram,9,0
2022,Sikkim,Kanniyakumari,13,0
2022,Sikkim,Karur,0,0
2022,Sikkim,Kovilpatti#,3,0
2022,Sikkim,Krishnagiri,2,0
2022,Sikkim,Madurai,0,0
2022,Sikkim,Mayiladuthurai,1,0
2022,Sikkim,Nagapattinam,7,0
2022,Sikkim,Namakkal,1,0
2022,Sikkim,Palani#,1,0
2022,Sikkim,Paramakudi#,2,0
2022,Sikkim,Perambalur,4,0
2022,Sikkim,Poonamallee#,3,0
2022,Sikkim,Pudukkottai,4,0
2022,Sikkim,Ramanathapuram,4,0
2022,Sikkim,Ranipet,0,0
2022,Sikkim,Salem,7,0
2022,Sikkim,Sivaganga,1,0
2022,Sikkim,Sivakasi#,2,0
2022,Sikkim,Tenkasi,3,0
2022,Sikkim,Thanjavur,9,0
2022,Sikkim,The Nilgiris,0,0
2022,Sikkim,Theni,3,0
2022,Sikkim,Thiruvallur,6,0
2022,Sikkim,Thiruvarur,0,0
2022,Sikkim,Tiruchirappalli,13,0
2022,Sikkim,Tirunelveli,6,0
2022,Sikkim,Tirupathur,2,0
2022,Sikkim,Tiruppur,0,0
2022,Sikkim,Tiruvannamalai,20,0
2022,Sikkim,Tuticorin,10,0
2022,Sikkim,Vellore,32,0
2022,Sikkim,Villupuram,7,0
2022,Sikkim,Virudhunagar,2,0
2022,Sikkim,Adilabad,2,0
2022,Sikkim,Bhadradri Kothagudem,256,0
2022,Sikkim,Hanumakonda,26,0
2022,Sikkim,Hyderabad,3,0
2022,Sikkim,Jagitial,0,0
2022,Sikkim,Jangoan,7,0
2022,Sikkim,Jayashankar Bhupalapally,24,0
2022,Sikkim,Jogulamba Gadwal,1,0
2022,Sikkim,Kamareddy,0,0
2022,Sikkim,Karimnagar,1,0
2022,Sikkim,Khammam,2,0
2022,Sikkim,Kumuram Bheem Asifabad,77,0
2022,Sikkim,Mahabubabad,20,0
2022,Sikkim,Mahabubnagar,2,0
2022,Sikkim,Mancherial,3,0
2022,Sikkim,Medak,0,0
2022,Sikkim,Medchal Malkajgiri,14,0
2022,Sikkim,Mulugu,111,0
2022,Sikkim,Nagarkurnool,0,0
2022,Sikkim,Nalgonda,5,0
2022,Sikkim,Narayanpet,0,0
2022,Sikkim,Nirmal,0,0
2022,Sikkim,Nizamabad,0,0
2022,Sikkim,Peddapalli,5,0
2022,Sikkim,Rajanna Sircilla,1,0
2022,Sikkim,Ranga Reddy,1,0
2022,Sikkim,Sangareddy,2,0
2022,Sikkim,Siddipet,1,0
2022,Sikkim,Suryapet,2,0
2022,Sikkim,Vikarabad,0,0
2022,Sikkim,Wanaparthy,0,0
2022,Sikkim,Warangal,45,0
2022,Sikkim,Yadadri Bhuvanagiri,0,0
2022,The Dadra And Nagar Haveli And Daman And Diu,Dadra And Nagar Haveli,76,0
2022,The Dadra And Nagar Haveli And Daman And Diu,Daman,34,0
2022,The Dadra And Nagar Haveli And Daman And Diu,Diu,1,0
2022,Tripura,Dhalai,10430,2
2022,Tripura,Gomati,532,1
2022,Tripura,Khowai,456,0
2022,Tripura,North Tripura,581,0
2022,Tripura,Sepahijala,21,0
2022,Tripura,South Tripura,638,0
2022,Tripura,Unakoti,68,0
2022,Tripura,West Tripura,45,0
2022,Tripura,Agra,11,0
2022,Tripura,Aligarh,38,0
2022,Tripura,Ambedkar Nagar,4,0
2022,Tripura,Amethi,2,0
2022,Tripura,Amroha,44,0
2022,Tripura,Auraiya,82,0
2022,Tripura,Ayodhya,13,0
2022,Tripura,Azamgarh,0,0
2022,Tripura,Baghpat,4,0
2022,Tripura,Bahraich,6,0
2022,Tripura,Ballia,1,0
2022,Tripura,Balrampur,0,0
2022,Tripura,Banda,11,0
2022,Tripura,Barabanki,3,0
2022,Tripura,Bareilly,1759,0
2022,Tripura,Basti,0,0
2022,Tripura,Bhadohi,22,0
2022,Tripura,Bijnor,45,0
2022,Tripura,Budaun,1376,0
2022,Tripura,Bulandshahr,27,0
2022,Tripura,Chandauli,9,0
2022,Tripura,Chitrakoot,4,0
2022,Tripura,Deoria,3,0
2022,Tripura,Etah,46,0
2022,Tripura,Etawah,104,0
2022,Tripura,Farrukhabad,94,0
2022,Tripura,Fatehpur,48,0
2022,Tripura,Firozabad,107,0
2022,Tripura,Gautam Buddha Nagar,104,0
2022,Uttar Pradesh,Ghaziabad,20,0
2022,Uttar Pradesh,Ghazipur,0,0
2022,Uttar Pradesh,Gonda,8,0
2022,Uttar Pradesh,Gorakhpur,13,0
2022,Uttar Pradesh,Hamirpur,25,0
2022,Uttar Pradesh,Hapur,114,0
2022,Uttar Pradesh,Hardoi,548,0
2022,Uttar Pradesh,Hathras,5,0
2022,Uttar Pradesh,Jalaun,2,0
2022,Uttar Pradesh,Jaunpur,6,0
2022,Uttar Pradesh,Jhansi,10,0
2022,Uttar Pradesh,Kannauj,10,0
2022,Uttar Pradesh,Kanpur Dehat,96,0
2022,Uttar Pradesh,Kanpur Nagar,8,0
2022,Uttar Pradesh,Kasganj,17,0
2022,Uttar Pradesh,Kaushambi,20,0
2022,Uttar Pradesh,Kheri,103,0
2022,Uttar Pradesh,Kushi Nagar,3,0
2022,Uttar Pradesh,Lalitpur,1,0
2022,Uttar Pradesh,Lucknow,157,0
2022,Uttar Pradesh,Maharajganj,7,0
2022,Uttar Pradesh,Mahoba,1,0
2022,Uttar Pradesh,Mainpuri,0,0
2022,Uttar Pradesh,Mathura,7,0
2022,Uttar Pradesh,Mau,14,0
2022,Uttar Pradesh,Meerut,34,0
2022,Uttar Pradesh,Mirzapur,114,0
2022,Uttar Pradesh,Moradabad,28,0
2022,Uttar Pradesh,Muzaffarnagar,5,0
2022,Uttar Pradesh,Pilibhit,42,0
2022,Uttar Pradesh,Pratapgarh,8,0
2022,Uttar Pradesh,Prayagraj,187,0
2022,Uttar Pradesh,Rae Bareli,4,0
2022,Uttar Pradesh,Rampur,31,0
2022,Uttar Pradesh,Saharanpur,0,0
2022,Uttar Pradesh,Sambhal,86,0
2022,Uttar Pradesh,Sant Kabeer Nagar,6,0
2022,Uttar Pradesh,Shahjahanpur,520,0
2022,Uttar Pradesh,Shamli,90,0
2022,Uttar Pradesh,Shravasti,2,0
2022,Uttar Pradesh,Siddharth Nagar,18,0
2022,Uttar Pradesh,Sitapur,317,0
2022,Uttar Pradesh,Sonbhadra,282,0
2022,Uttar Pradesh,Sultanpur,27,0
2022,Uttar Pradesh,Unnao,7,0
2022,Uttar Pradesh,Varanasi,69,0
2022,Uttar Pradesh,Almora,0,0
2022,Uttar Pradesh,Bageshwar,0,0
2022,Uttar Pradesh,Chamoli,0,0
2022,Uttarakhand,Champawat,0,0
2022,Uttarakhand,Dehradun,4,0
2022,Uttarakhand,Haridwar,5,0
2022,Uttarakhand,Nainital,8,0
2022,Uttarakhand,Pauri Garhwal,2,0
2022,Uttarakhand,Pithoragarh,0,0
2022,Uttarakhand,Rudra Prayag,0,0
2022,Uttarakhand,Tehri Garhwal,0,0
2022,Uttarakhand,Udam Singh Nagar,0,0
2022,Uttarakhand,Uttar Kashi,0,0
2022,West Bengal,24 Paraganas North,1273,0
2022,West Bengal,24 Paraganas South,1347,0
2022,West Bengal,Alipurduar,53,1
2022,West Bengal,Bankura,142,0
2022,West Bengal,Basirhat HD#,552,0
2022,West Bengal,Birbhum,141,0
2022,West Bengal,Bishnupur HD#,76,0
2022,West Bengal,Coochbehar,73,0
2022,West Bengal,Darjeeling,28,0
2022,West Bengal,Diamond Harbour HD#,569,0
2022,West Bengal,Dinajpur Dakshin,68,0
2022,West Bengal,Dinajpur Uttar,119,0
2022,West Bengal,Hooghly,339,0
2022,West Bengal,Howrah,1568,0
2022,West Bengal,Jalpaiguri,40,0
2022,West Bengal,Jhargram,96,0
2022,West Bengal,Kalimpong,0,0
2022,West Bengal,Kolkata,27209,0
2022,West Bengal,Maldah,490,0
2022,West Bengal,Medinipur East,300,0
2022,West Bengal,Medinipur West,212,0
2022,West Bengal,Murshidabad,2011,2
2022,West Bengal,Nadia,584,0
2022,West Bengal,Nandigram HD#,88,0
2022,West Bengal,Paschim Bardhaman,18,0
2022,West Bengal,Purba Bardhaman,302,0
2022,West Bengal,Purulia,280,0
2022,West Bengal,Pvt. Hospital & Others#,2539,0
2022,West Bengal,Rampurhat HD#,77,0
2023,Andaman And Nicobar Islands,Nicobars,29,0
2023,Andaman And Nicobar Islands,North And Middle Andaman,3,0
2023,Andaman And Nicobar Islands,South Andamans,10,0
2023,Andaman And Nicobar Islands,Alluri Sitharama Raju,3675,0
2023,Andaman And Nicobar Islands,Anakapalli,175,0
2023,Andaman And Nicobar Islands,Anantapur,8,0
2023,Andaman And Nicobar Islands,Annamayya,1,0
2023,Andhra Pradesh,Bapatla,0,0
2023,Andhra Pradesh,Chittoor,2,0
2023,Andhra Pradesh,East Godavari,6,0
2023,Andhra Pradesh,Eluru,184,0
2023,Andhra Pradesh,Guntur,21,0
2023,Andhra Pradesh,Kakinada,4,0
2023,Andhra Pradesh,Konaseema,0,0
2023,Andhra Pradesh,Krishna,0,0
2023,Andhra Pradesh,Kurnool,4,0
2023,Andhra Pradesh,Nandyal,27,0
2023,Andhra Pradesh,NTR,90,0
2023,Andhra Pradesh,Palnadu,4,0
2023,Andhra Pradesh,Parvathipuram Manyam,482,0
2023,Andhra Pradesh,Prakasam,6,0
2023,Andhra Pradesh,SPSR Nellore,4,0
2023,Andhra Pradesh,Sri Sathya Sai,3,0
2023,Andhra Pradesh,Srikakulam,12,0
2023,Andhra Pradesh,Tirupati,3,0
2023,Andhra Pradesh,Visakhapatanam,110,0
2023,Andhra Pradesh,Vizianagaram,439,0
2023,Andhra Pradesh,West Godavari,0,0
2023,Andhra Pradesh,Y.S.R.,8,0
2023,Arunachal Pradesh,Anjaw,0,0
2023,Arunachal Pradesh,Changlang,1,0
2023,Arunachal Pradesh,Dibang Valley,0,0
2023,Arunachal Pradesh,East Kameng,0,0
2023,Arunachal Pradesh,East Siang,0,0
2023,Arunachal Pradesh,Kamle,0,0
2023,Arunachal Pradesh,Kra Daadi,0,0
2023,Arunachal Pradesh,Kurung Kumey,0,0
2023,Arunachal Pradesh,Leparada,0,0
2023,Arunachal Pradesh,Lohit,2,0
2023,Arunachal Pradesh,Longding,0,0
2023,Arunachal Pradesh,Lower Dibang Valley,3,0
2023,Arunachal Pradesh,Lower Siang,0,0
2023,Arunachal Pradesh,Lower Subansiri,0,0
2023,Arunachal Pradesh,Namsai,0,0
2023,Arunachal Pradesh,Pakke Kessang,0,0
2023,Arunachal Pradesh,Papum Pare,2,0
2023,Arunachal Pradesh,Shi Yomi,2,0
2023,Arunachal Pradesh,Siang,0,0
2023,Arunachal Pradesh,Tawang,0,0
2023,Arunachal Pradesh,Tirap,1,0
2023,Arunachal Pradesh,Upper Siang,0,0
2023,Arunachal Pradesh,Upper Subansiri,0,0
2023,Arunachal Pradesh,West Kameng,0,0
2023,Arunachal Pradesh,West Siang,0,0
2023,Arunachal Pradesh,Baksa,10,0
2023,Assam,Barpeta,2,0
2023,Assam,Biswanath,2,0
2023,Assam,Bongaigaon,4,0
2023,Assam,Cachar,41,0
2023,Assam,Charaideo,2,0
2023,Assam,Chirang,48,0
2023,Assam,Darrang,1,0
2023,Assam,Dhemaji,7,0
2023,Assam,Dhubri,11,0
2023,Assam,Dibrugarh,11,0
2023,Assam,Dima Hasao,6,0
2023,Assam,Goalpara,15,0
2023,Assam,Golaghat,4,0
2023,Assam,Hailakandi,12,0
2023,Assam,Hojai,5,0
2023,Assam,Jorhat,4,0
2023,Assam,Kamrup,3,0
2023,Assam,Kamrup Metro,17,0
2023,Assam,Karbi Anglong,0,0
2023,Assam,Karimganj,19,0
2023,Assam,Kokrajhar,256,0
2023,Assam,Lakhimpur,0,0
2023,Assam,Majuli,1,0
2023,Assam,Marigaon,8,0
2023,Assam,Nagaon,21,0
2023,Assam,Nalbari,6,0
2023,Assam,Sivasagar,2,0
2023,Assam,Sonitpur,7,0
2023,Assam,South Salmara Mancachar,4,0
2023,Assam,Tinsukia,4,0
2023,Assam,Udalguri,34,0
2023,Assam,West Karbi Anglong,0,0
2023,Assam,Araria,6,0
2023,Assam,Arwal,6,0
2023,Assam,Aurangabad,76,0
2023,Assam,Banka,54,0
2023,Assam,Begusarai,15,0
2023,Assam,Bhagalpur,222,0
2023,Assam,Bhojpur,20,0
2023,Assam,Buxar,31,0
2023,Assam,Darbhanga,7,0
2023,Assam,Gaya,57,0
2023,Assam,Gopalganj,9,0
2023,Assam,Jamui,22,0
2023,Assam,Jehanabad,38,0
2023,Assam,Kaimur (Bhabua),46,0
2023,Assam,Katihar,13,0
2023,Assam,Khagaria,0,0
2023,Bihar,Kishanganj,87,0
2023,Bihar,Lakhisarai,23,0
2023,Bihar,Madhepura,0,0
2023,Bihar,Madhubani,68,0
2023,Bihar,Munger,16,0
2023,Bihar,Muzaffarpur,13,0
2023,Bihar,Nalanda,4,0
2023,Bihar,Nawada,147,0
2023,Bihar,Pashchim Champaran,3,0
2023,Bihar,Patna,83,0
2023,Bihar,Purbi Champaran,25,0
2023,Bihar,Purnia,16,0
2023,Bihar,Rohtas,19,0
2023,Bihar,Saharsa,4,0
2023,Bihar,Samastipur,15,0
2023,Bihar,Saran,25,0
2023,Bihar,Sheikhpura,7,0
2023,Bihar,Sheohar,0,0
2023,Bihar,Sitamarhi,7,0
2023,Bihar,Siwan,0,0
2023,Bihar,Supaul,35,0
2023,Bihar,Vaishali,38,0
2023,Chandigarh,Chandigarh,2,0
2023,Chandigarh,Balod,197,0
2023,Chandigarh,Baloda Bazar,118,0
2023,Chandigarh,Balrampur,31,0
2023,Chandigarh,Bastar,3804,3
2023,Chandigarh,Bemetara,4,0
2023,Chandigarh,Bijapur,9218,6
2023,Chandigarh,Bilaspur,61,0
2023,Chandigarh,Dantewada,8574,1
2023,Chandigarh,Dhamtari,318,0
2023,Chandigarh,Durg,44,0
2023,Chandigarh,Gariyaband,744,0
2023,Chandigarh,Gaurella Pendra Marwahi,27,0
2023,Chandigarh,Janjgir-Champa,16,0
2023,Chandigarh,Jashpur,309,0
2023,Chandigarh,Kabirdham,250,0
2023,Chandigarh,Kanker,888,0
2023,Chandigarh,Khairgarh Chhuikhadan Gandai,283,0
2023,Chandigarh,Kondagaon,1829,4
2023,Chandigarh,Korba,135,0
2023,Chandigarh,Korea,14,0
2023,Chandigarh,Mahasamund,37,0
2023,Chandigarh,Manendragarh Chirimiri Bharatpur,102,0
2023,Chandigarh,Mohla Manpur Ambagarh Chouki,235,0
2023,Chandigarh,Mungeli,29,0
2023,Chandigarh,Narayanpur,2230,1
2023,Chandigarh,Raigarh,133,0
2023,Chandigarh,Raipur,0,0
2023,Chandigarh,RajnandGaon,81,0
2023,Chandigarh,Sakti,6,0
2023,Chandigarh,Sarangarh Bilaigarh,23,0
2023,Chandigarh,Sukma,1907,0
2023,Chandigarh,Surajpur,23,0
2023,Chandigarh,Surguja,36,0
2023,Delhi,New Delhi,344,1
2023,Goa,North Goa,1005,0
2023,Goa,South Goa,341,0
2023,Goa,Ahmadabad,2,0
2023,Goa,Ahmadabad MC#,1367,1
2023,Goa,Amreli,127,0
2023,Goa,Anand,8,0
2023,Goa,Arvalli,5,0
2023,Goa,Banas kantha,90,0
2023,Goa,Bharuch,42,0
2023,Goa,Bhavnagar,24,0
2023,Goa,Bhavnagar MC#,3,0
2023,Goa,Botad,3,0
2023,Goa,Chhotaudepur,17,0
2023,Goa,Dang,11,0
2023,Goa,Devbhumi Dwarka,55,0
2023,Goa,Dohad,12,0
2023,Goa,Gandhinagar,70,0
2023,Goa,Gandhinagar MC#,194,0
2023,Goa,Gir Somnath,31,0
2023,Goa,Jamnagar,178,0
2023,Goa,Jamnagar MC#,39,0
2023,Goa,Junagadh,120,0
2023,Goa,Junagadh MC#,6,0
2023,Goa,Kachchh,295,0
2023,Goa,Kheda,3,0
2023,Goa,Mahesana,41,0
2023,Goa,Mahisagar,17,0
2023,Goa,Morbi,126,0
2023,Goa,Narmada,18,0
2023,Goa,Navsari,51,0
2023,Goa,Panch Mahals,89,0
2023,Goa,Patan,21,0
2023,Goa,Porbandar,58,0
2023,Goa,Rajkot,72,0
2023,Goa,Rajkot MC#,42,0
2023,Goa,Sabar kantha,45,0
2023,Goa,Surat,117,0
2023,Goa,Surat MC#,634,0
2023,Goa,Surendranagar,110,0
2023,Goa,Tapi,18,0
2023,Goa,Vadodara,15,0
2023,Goa,Vadodara MC#,122,0
2023,Goa,Valsad,13,0
2023,Haryana,Ambala,1,0
2023,Haryana,Bhiwani,1,0
2023,Haryana,Charki Dadri,7,0
2023,Haryana,Faridabad,2,0
2023,Haryana,Fatehabad,2,0
2023,Haryana,Gurugram,0,0
2023,Haryana,Hisar,16,0
2023,Haryana,Jhajjar,5,0
2023,Haryana,Jind,0,0
2023,Haryana,Kaithal,0,0
2023,Haryana,Karnal,2,0
2023,Haryana,Kurukshetra,0,0
2023,Haryana,Mahendragarh,3,0
2023,Haryana,Nuh,5,0
2023,Haryana,Palwal,4,0
2023,Haryana,Panchkula,6,0
2023,Haryana,Panipat,0,0
2023,Haryana,Rewari,9,0
2023,Haryana,Rohtak,3,0
2023,Haryana,Sirsa,7,0
2023,Haryana,Sonipat,12,0
2023,Haryana,Yamunanagar,0,0
2023,Himachal Pradesh,Bilaspur,0,0
2023,Himachal Pradesh,Chamba,0,0
2023,Himachal Pradesh,Hamirpur,0,0
2023,Himachal Pradesh,Kangra,8,0
2023,Himachal Pradesh,Kinnaur,0,0
2023,Himachal Pradesh,Kullu,0,0
2023,Himachal Pradesh,Lahul And Spiti,0,0
2023,Himachal Pradesh,Mandi,0,0
2023,Himachal Pradesh,Shimla,0,0
2023,Himachal Pradesh,Sirmaur,0,0
2023,Himachal Pradesh,Solan,1,0
2023,Himachal Pradesh,Una,14,0
2023,Himachal Pradesh,Baramulla,10,0
2023,Himachal Pradesh,Doda,2,0
2023,Himachal Pradesh,Jammu,15,0
2023,Himachal Pradesh,Kathua,2,0
2023,Himachal Pradesh,Kishtwar,0,0
2023,Himachal Pradesh,Poonch,5,0
2023,Himachal Pradesh,Rajouri,5,0
2023,Himachal Pradesh,Ramban,0,0
2023,Himachal Pradesh,Reasi,1,0
2023,Himachal Pradesh,Samba,1,0
2023,Himachal Pradesh,Udhampur,3,0
2023,Jharkhand,Bokaro,76,0
2023,Jharkhand,Chatra,117,0
2023,Jharkhand,Deoghar,29,0
2023,Jharkhand,Dhanbad,25,0
2023,Jharkhand,Dumka,48,0
2023,Jharkhand,East Singhbum,2956,0
2023,Jharkhand,Garhwa,176,0
2023,Jharkhand,Giridih,219,0
2023,Jharkhand,Godda,5879,0
2023,Jharkhand,Gumla,248,0
2023,Jharkhand,Hazaribagh,369,0
2023,Jharkhand,Jamtara,6,0
2023,Jharkhand,Khunti,825,0
2023,Jharkhand,Koderma,54,0
2023,Jharkhand,Latehar,453,0
2023,Jharkhand,Lohardaga,252,0
2023,Jharkhand,Pakur,3788,0
2023,Jharkhand,Palamu,245,0
2023,Jharkhand,Ramgarh,52,0
2023,Jharkhand,Ranchi,163,0
2023,Jharkhand,Sahebganj,358,0
2023,Jharkhand,Saraikela Kharsawan,917,0
2023,Jharkhand,Simdega,215,0
2023,Jharkhand,West Singhbhum,16617,2
2023,Jharkhand,A.M.U. Almatti#,0,0
2023,Jharkhand,A.M.U. B. Gudi#,0,0
2023,Jharkhand,A.M.U. Kembhavi#,0,0
2023,Jharkhand,Bagalkote,4,0
2023,Jharkhand,Ballari,8,0
2023,Jharkhand,BBMP#,0,0
2023,Jharkhand,Belagavi,9,0
2023,Jharkhand,Bengaluru Rural,2,0
2023,Jharkhand,Bengaluru Urban,10,1
2023,Jharkhand,Bidar,0,0
2023,Jharkhand,Chamarajanagara,3,0
2023,Jharkhand,ChikkaBallaPura,2,0
2023,Jharkhand,Chikkamagaluru,3,0
2023,Jharkhand,Chitradurga,0,0
2023,Jharkhand,Dakshina Kannada,82,0
2023,Jharkhand,Davangere,10,0
2023,Jharkhand,Dharwad,14,0
2023,Jharkhand,Gadag,4,0
2023,Jharkhand,Hassan,3,1
2023,Jharkhand,Haveri,4,0
2023,Jharkhand,Kalaburagi,4,0
2023,Jharkhand,Kodagu,3,0
2023,Jharkhand,Kolar,8,0
2023,Jharkhand,Koppal,2,0
2023,Jharkhand,Mandya,0,0
2023,Jharkhand,Mysuru,0,0
2023,Jharkhand,Raichur,4,0
2023,Jharkhand,Ramanagara,11,0
2023,Jharkhand,Shivamogga,26,0
2023,Jharkhand,Tumakuru,13,0
2023,Jharkhand,U.K.P.N. PURA#,1,0
2023,Jharkhand,Udupi,16,0
2023,Jharkhand,Uttara Kannada,16,0
2023,Jharkhand,Vijayanagar,1,0
2023,Jharkhand,Vijayapura,5,0
2023,Jharkhand,Yadgir,7,0
2023,Kerala,Alappuzha,24,1
2023,Kerala,Ernakulam,84,1
2023,Kerala,Idukki,66,1
2023,Kerala,Kannur,42,0
2023,Kerala,Kasaragod,29,0
2023,Kerala,Kollam,34,1
2023,Kerala,Kottayam,32,1
2023,Kerala,Kozhikode,38,0
2023,Kerala,Malappuram,39,0
2023,Kerala,Palakkad,37,1
2023,Kerala,Pathanamthitta,20,1
2023,Kerala,Thiruvananthapuram,30,0
2023,Kerala,Thrissur,90,0
2023,Kerala,Wayanad,4,0
2023,Ladakh,Kargil,5,1
2023,Ladakh,Leh Ladakh,5,0
2023,Lakshadweep,Lakshadweep District,0,0
2023,Lakshadweep,Agar Malwa,0,0
2023,Lakshadweep,Alirajpur,45,0
2023,Lakshadweep,Anuppur,16,0
2023,Lakshadweep,Ashoknagar,4,0
2023,Lakshadweep,Balaghat,1674,0
2023,Lakshadweep,Barwani,4,0
2023,Lakshadweep,Betul,4,0
2023,Lakshadweep,Bhind,5,0
2023,Lakshadweep,Bhopal,13,0
2023,Lakshadweep,Burhanpur,3,0
2023,Lakshadweep,Chhatarpur,8,0
2023,Lakshadweep,Chhindwara,98,0
2023,Lakshadweep,Damoh,4,0
2023,Lakshadweep,Datia,84,0
2023,Lakshadweep,Dewas,7,0
2023,Lakshadweep,Dhar,39,0
2023,Lakshadweep,Dindori,30,0
2023,Lakshadweep,East Nimar,2,0
2023,Madhya Pradesh,Guna,39,0
2023,Madhya Pradesh,Gwalior,15,0
2023,Madhya Pradesh,Harda,1,0
2023,Madhya Pradesh,Indore,11,0
2023,Madhya Pradesh,Jabalpur,9,0
2023,Madhya Pradesh,Jhabua,41,0
2023,Madhya Pradesh,Katni,22,0
2023,Madhya Pradesh,Khargone,7,0
2023,Madhya Pradesh,Mandla,60,0
2023,Madhya Pradesh,Mandsaur,18,0
2023,Madhya Pradesh,Morena,61,0
2023,Madhya Pradesh,Narmadapuram,11,0
2023,Madhya Pradesh,Narsinghpur,97,0
2023,Madhya Pradesh,Neemuch,371,0
2023,Madhya Pradesh,Niwari,0,0
2023,Madhya Pradesh,Panna,15,0
2023,Madhya Pradesh,Raisen,79,0
2023,Madhya Pradesh,Rajgarh,4,0
2023,Madhya Pradesh,Ratlam,11,0
2023,Madhya Pradesh,Rewa,45,0
2023,Madhya Pradesh,Sagar,25,0
2023,Madhya Pradesh,Satna,197,0
2023,Madhya Pradesh,Sehore,65,0
2023,Madhya Pradesh,Seoni,121,0
2023,Madhya Pradesh,Shahdol,13,0
2023,Madhya Pradesh,Shajapur,3,0
2023,Madhya Pradesh,Sheopur,222,0
2023,Madhya Pradesh,Shivpuri,47,0
2023,Madhya Pradesh,Sidhi,58,0
2023,Madhya Pradesh,Singrauli,74,0
2023,Madhya Pradesh,Tikamgarh,0,0
2023,Madhya Pradesh,Ujjain,2,0
2023,Madhya Pradesh,Umaria,10,0
2023,Madhya Pradesh,Vidisha,0,0
2023,Madhya Pradesh,Ahmednagar,2,0
2023,Madhya Pradesh,Akola,6,0
2023,Madhya Pradesh,Amravati,42,0
2023,Madhya Pradesh,Aurangabad,5,0
2023,Madhya Pradesh,Beed,1,0
2023,Madhya Pradesh,Bhandara,21,2
2023,Madhya Pradesh,Buldhana,3,0
2023,Madhya Pradesh,Chandrapur,159,4
2023,Madhya Pradesh,Dhule,7,0
2023,Madhya Pradesh,Gadchiroli,5866,10
2023,Madhya Pradesh,Gondia,287,3
2023,Madhya Pradesh,Hingoli,0,0
2023,Madhya Pradesh,Jalgaon,2,0
2023,Madhya Pradesh,Jalna,1,0
2023,Madhya Pradesh,Kolhapur,21,0
2023,Maharashtra,Latur,0,0
2023,Maharashtra,Mumbai,7319,0
2023,Maharashtra,Nagpur,5,0
2023,Maharashtra,Nagpur MC#,1,0
2023,Maharashtra,Nanded,0,0
2023,Maharashtra,Nandurbar,4,0
2023,Maharashtra,Nashik,5,0
2023,Maharashtra,Osmanabad,3,0
2023,Maharashtra,Palghar,97,0
2023,Maharashtra,Parbhani,2,0
2023,Maharashtra,Pune,34,0
2023,Maharashtra,Pune MC#,6,0
2023,Maharashtra,Raigad,740,0
2023,Maharashtra,Ratnagiri,4,0
2023,Maharashtra,Sangli,5,0
2023,Maharashtra,Satara,27,0
2023,Maharashtra,Sindhudurg,55,0
2023,Maharashtra,Solapur,2,0
2023,Maharashtra,Thane,1410,0
2023,Maharashtra,Wardha,4,0
2023,Maharashtra,Washim,4,0
2023,Maharashtra,Yavatmal,9,0
2023,Manipur,Bishnupur,0,0
2023,Manipur,Chandel,0,0
2023,Manipur,Churachandpur,6,0
2023,Manipur,Imphal East,4,0
2023,Manipur,Imphal West,2,0
2023,Manipur,Jiribam,0,0
2023,Manipur,Kakching,1,0
2023,Manipur,Kamjong,2,0
2023,Manipur,Kangpokpi,8,0
2023,Manipur,Noney,1,0
2023,Manipur,Pherzawl,1,0
2023,Manipur,Senapati,2,0
2023,Manipur,Tamenglong,0,0
2023,Manipur,Tengnoupal,2,0
2023,Manipur,Thoubal,4,0
2023,Manipur,Ukhrul,1,0
2023,Manipur,East Garo Hills,126,3
2023,Manipur,East Jaintia Hills,2,0
2023,Manipur,East Khasi Hills,18,0
2023,Manipur,Eastern West Khasi Hills,1,0
2023,Manipur,North Garo Hills,29,3
2023,Manipur,Ri Bhoi,5,0
2023,Manipur,South Garo Hills,1274,7
2023,Manipur,South West Garo Hills,6,0
2023,Manipur,South West Khasi Hills,2,0
2023,Manipur,West Garo Hills,83,1
2023,Manipur,West Jaintia Hills,10,0
2023,Manipur,West Khasi Hills,199,0
2023,Mizoram,Aizawl,29,0
2023,Mizoram,Aizawl West#,74,1
2023,Mizoram,Champhai,42,1
2023,Mizoram,Kolasib,29,0
2023,Mizoram,Lawngtlai,7927,6
2023,Mizoram,Lunglei,4959,3
2023,Mizoram,Mamit,3288,1
2023,Mizoram,Saiha,1681,0
2023,Mizoram,Serchhip,48,1
2023,Nagaland,Mon,0,0
2023,Nagaland,Dimapur,2,0
2023,Nagaland,Kiphire,0,0
2023,Nagaland,Kohima,1,0
2023,Nagaland,Longleng,0,0
2023,Nagaland,Mokokchung,1,0
2023,Nagaland,Peren,1,0
2023,Nagaland,Phek,0,0
2023,Nagaland,Tuensang,0,0
2023,Nagaland,UVBDS Dimapur#,2,0
2023,Nagaland,Wokha,2,0
2023,Nagaland,Zunheboto,1,0
2023,Nagaland,Anugul,140,0
2023,Nagaland,Balangir,346,0
2023,Nagaland,Baleshwar,64,0
2023,Nagaland,Bargarh,149,0
2023,Nagaland,Bhadrak,56,0
2023,Nagaland,Boudh,511,0
2023,Nagaland,Cuttack,64,0
2023,Nagaland,Deogarh,34,0
2023,Nagaland,Dhenkanal,112,0
2023,Nagaland,Gajapati,791,0
2023,Nagaland,Ganjam,1137,0
2023,Nagaland,Jagatsinghapur,43,0
2023,Nagaland,Jajapur,69,0
2023,Nagaland,Jharsuguda,41,0
2023,Nagaland,Kalahandi,7543,0
2023,Nagaland,Kandhamal,5062,1
2023,Nagaland,Kendrapara,100,0
2023,Nagaland,Kendujhar,265,0
2023,Nagaland,Khordha,224,0
2023,Nagaland,Koraput,7007,0
2023,Nagaland,Malkangiri,3888,0
2023,Nagaland,Mayurbhanj,1036,0
2023,Nagaland,Nabarangpur,655,0
2023,Nagaland,Nayagarh,612,0
2023,Nagaland,Nuapada,235,0
2023,Nagaland,Puri,112,0
2023,Nagaland,Rayagada,9925,0
2023,Nagaland,Sambalpur,161,0
2023,Nagaland,Sonepur,58,0
2023,Nagaland,Sundargarh,1533,3
2023,Puducherry,Karaikal,2,0
2023,Puducherry,Mahe,1,0
2023,Puducherry,Pondicherry,3,0
2023,Puducherry,Yanam,0,0
2023,Punjab,Amritsar,0,0
2023,Punjab,Barnala,0,0
2023,Punjab,Bathinda,5,0
2023,Punjab,Faridkot,1,0
2023,Punjab,Fatehgarh Sahib,1,0
2023,Punjab,Fazilka,3,0
2023,Punjab,Ferozepur,1,0
2023,Punjab,Gurdaspur,0,0
2023,Punjab,Hoshiarpur,17,0
2023,Punjab,Jalandhar,0,0
2023,Punjab,Kapurthala,3,0
2023,Punjab,Ludhiana,24,0
2023,Punjab,Malerkotla,0,0
2023,Punjab,Mansa,5,0
2023,Punjab,Moga,2,0
2023,Punjab,Pathankot,0,0
2023,Punjab,Patiala,0,0
2023,Punjab,Rupnagar,0,0
2023,Punjab,S.A.S Nagar,6,0
2023,Punjab,Sangrur,0,0
2023,Punjab,Shahid Bhagat Singh Nagar,1,0
2023,Punjab,Sri Muktsar Sahib,3,0
2023,Punjab,Tarn taran,3,0
2023,Punjab,Ajmer,14,0
2023,Punjab,Alwar,42,0
2023,Punjab,Banswara,23,0
2023,Punjab,Baran,1,0
2023,Punjab,Barmer,967,0
2023,Punjab,Bharatpur,2,0
2023,Punjab,Bhilwara,37,0
2023,Punjab,Bikaner,156,0
2023,Punjab,Bundi,0,0
2023,Punjab,Chittorgarh,22,0
2023,Punjab,Churu,15,0
2023,Punjab,Dausa,17,0
2023,Punjab,Dholpur,0,0
2023,Punjab,Dungarpur,10,0
2023,Rajasthan,Ganganagar,51,0
2023,Rajasthan,Hanumangarh,5,0
2023,Rajasthan,Jaipur,35,0
2023,Rajasthan,Jaisalmer,191,0
2023,Rajasthan,Jalore,14,0
2023,Rajasthan,Jhalawar,4,0
2023,Rajasthan,Jhunjhunu,4,0
2023,Rajasthan,Jodhpur,107,0
2023,Rajasthan,Karauli,1,0
2023,Rajasthan,Kota,8,0
2023,Rajasthan,Nagaur,32,0
2023,Rajasthan,Pali,45,0
2023,Rajasthan,Pratapgarh,104,0
2023,Rajasthan,Rajsamand,23,0
2023,Rajasthan,Sawai Madhopur,0,0
2023,Rajasthan,Sikar,4,0
2023,Rajasthan,Sirohi,12,0
2023,Rajasthan,Tonk,1,0
2023,Rajasthan,Udaipur,316,0
2023,Sikkim,Gangtok,6,0
2023,Sikkim,Gyalshing,0,0
2023,Sikkim,Mangan,0,0
2023,Sikkim,Namchi,0,0
2023,Sikkim,Aranthangi#,0,0
2023,Sikkim,Ariyalur,3,0
2023,Sikkim,Attur#,1,0
2023,Sikkim,Chengalpattu,19,0
2023,Sikkim,Chennai,174,0
2023,Sikkim,Cheyyar#,0,0
2023,Sikkim,Coimbatore,20,0
2023,Sikkim,Cuddalore,5,0
2023,Sikkim,Dharmapuri,0,0
2023,Sikkim,Dindigul,0,0
2023,Sikkim,Erode,6,0
2023,Sikkim,Kallakurichi,1,0
2023,Sikkim,Kanchipuram,4,0
2023,Sikkim,Kanniyakumari,8,0
2023,Sikkim,Karur,0,0
2023,Sikkim,Kovilpatti#,1,0
2023,Sikkim,Krishnagiri,1,0
2023,Sikkim,Madurai,2,0
2023,Sikkim,Mayiladuthurai,0,0
2023,Sikkim,Nagapattinam,0,0
2023,Sikkim,Namakkal,5,0
2023,Sikkim,Palani#,4,0
2023,Sikkim,Paramakudi#,0,0
2023,Sikkim,Perambalur,0,0
2023,Sikkim,Poonamallee#,2,0
2023,Sikkim,Pudukkottai,2,0
2023,Sikkim,Ramanathapuram,3,0
2023,Sikkim,Ranipet,0,0
2023,Sikkim,Salem,5,0
2023,Sikkim,Sivaganga,3,0
2023,Sikkim,Sivakasi#,0,0
2023,Sikkim,Tenkasi,0,0
2023,Sikkim,Thanjavur,9,0
2023,Sikkim,The Nilgiris,1,0
2023,Sikkim,Theni,2,0
2023,Sikkim,Thiruvallur,8,0
2023,Sikkim,Thiruvarur,2,0
2023,Sikkim,Tiruchirappalli,26,0
2023,Sikkim,Tirunelveli,6,0
2023,Sikkim,Tirupathur,4,0
2023,Sikkim,Tiruppur,9,0
2023,Sikkim,Tiruvannamalai,2,0
2023,Sikkim,Tuticorin,12,0
2023,Sikkim,Vellore,24,0
2023,Sikkim,Villupuram,8,0
2023,Sikkim,Virudhunagar,3,0
2023,Sikkim,Adilabad,2,0
2023,Sikkim,Bhadradri Kothagudem,190,0
2023,Sikkim,Hanumakonda,13,0
2023,Sikkim,Hyderabad,21,0
2023,Sikkim,Jagitial,2,0
2023,Sikkim,Jangoan,8,0
2023,Sikkim,Jayashankar Bhupalapally,1,0
2023,Sikkim,Jogulamba Gadwal,0,0
2023,Sikkim,Kamareddy,2,0
2023,Sikkim,Karimnagar,2,0
2023,Sikkim,Khammam,1,0
2023,Sikkim,Kumuram Bheem Asifabad,81,0
2023,Sikkim,Mahabubabad,4,0
2023,Sikkim,Mahabubnagar,4,0
2023,Sikkim,Mancherial,0,0
2023,Sikkim,Medak,4,0
2023,Sikkim,Medchal Malkajgiri,1,0
2023,Sikkim,Mulugu,40,0
2023,Sikkim,Nagarkurnool,3,0
2023,Sikkim,Nalgonda,13,0
2023,Sikkim,Narayanpet,0,0
2023,Sikkim,Nirmal,3,0
2023,Sikkim,Nizamabad,1,0
2023,Sikkim,Peddapalli,0,0
2023,Sikkim,Rajanna Sircilla,3,0
2023,Sikkim,Ranga Reddy,1,0
2023,Sikkim,Sangareddy,7,0
2023,Sikkim,Siddipet,3,0
2023,Sikkim,Suryapet,1,0
2023,Sikkim,Vikarabad,0,0
2023,Sikkim,Wanaparthy,2,0
2023,Sikkim,Warangal,7,0
2023,Sikkim,Yadadri Bhuvanagiri,0,0
2023,The Dadra And Nagar Haveli And Daman And Diu,Dadra And Nagar Haveli,79,0
2023,The Dadra And Nagar Haveli And Daman And Diu,Daman,49,1
2023,The Dadra And Nagar Haveli And Daman And Diu,Diu,0,0
2023,Tripura,Dhalai,14909,0
2023,Tripura,Gomati,1438,1
2023,Tripura,Khowai,1316,0
2023,Tripura,North Tripura,637,0
2023,Tripura,Sepahijala,548,0
2023,Tripura,South Tripura,3395,0
2023,Tripura,Unakoti,85,0
2023,Tripura,West Tripura,84,0
2023,Tripura,Agra,35,0
2023,Tripura,Aligarh,48,0
2023,Tripura,Ambedkar Nagar,5,0
2023,Tripura,Amethi,24,0
2023,Tripura,Amroha,32,0
2023,Tripura,Auraiya,95,0
2023,Tripura,Ayodhya,4,0
2023,Tripura,Azamgarh,0,0
2023,Tripura,Baghpat,2,0
2023,Tripura,Bahraich,13,0
2023,Tripura,Ballia,4,0
2023,Tripura,Balrampur,4,0
2023,Tripura,Banda,14,0
2023,Tripura,Barabanki,16,0
2023,Tripura,Bareilly,3490,0
2023,Tripura,Basti,3,0
2023,Tripura,Bhadohi,22,0
2023,Tripura,Bijnor,14,0
2023,Tripura,Budaun,3224,0
2023,Tripura,Bulandshahr,53,0
2023,Tripura,Chandauli,3,0
2023,Tripura,Chitrakoot,0,0
2023,Tripura,Deoria,1,0
2023,Tripura,Etah,57,0
2023,Tripura,Etawah,80,0
2023,Tripura,Farrukhabad,112,0
2023,Tripura,Fatehpur,16,0
2023,Tripura,Firozabad,33,0
2023,Tripura,Gautam Buddha Nagar,45,0
2023,Uttar Pradesh,Ghaziabad,30,0
2023,Uttar Pradesh,Ghazipur,1,0
2023,Uttar Pradesh,Gonda,9,0
2023,Uttar Pradesh,Gorakhpur,14,0
2023,Uttar Pradesh,Hamirpur,20,0
2023,Uttar Pradesh,Hapur,37,0
2023,Uttar Pradesh,Hardoi,2351,0
2023,Uttar Pradesh,Hathras,27,0
2023,Uttar Pradesh,Jalaun,5,0
2023,Uttar Pradesh,Jaunpur,10,0
2023,Uttar Pradesh,Jhansi,5,0
2023,Uttar Pradesh,Kannauj,13,0
2023,Uttar Pradesh,Kanpur Dehat,295,0
2023,Uttar Pradesh,Kanpur Nagar,43,0
2023,Uttar Pradesh,Kasganj,47,0
2023,Uttar Pradesh,Kaushambi,13,0
2023,Uttar Pradesh,Kheri,298,0
2023,Uttar Pradesh,Kushi Nagar,7,0
2023,Uttar Pradesh,Lalitpur,3,0
2023,Uttar Pradesh,Lucknow,97,0
2023,Uttar Pradesh,Maharajganj,4,0
2023,Uttar Pradesh,Mahoba,2,0
2023,Uttar Pradesh,Mainpuri,0,0
2023,Uttar Pradesh,Mathura,15,0
2023,Uttar Pradesh,Mau,3,0
2023,Uttar Pradesh,Meerut,27,0
2023,Uttar Pradesh,Mirzapur,82,0
2023,Uttar Pradesh,Moradabad,2,0
2023,Uttar Pradesh,Muzaffarnagar,14,0
2023,Uttar Pradesh,Pilibhit,563,0
2023,Uttar Pradesh,Pratapgarh,17,0
2023,Uttar Pradesh,Prayagraj,100,0
2023,Uttar Pradesh,Rae Bareli,5,0
2023,Uttar Pradesh,Rampur,113,0
2023,Uttar Pradesh,Saharanpur,0,0
2023,Uttar Pradesh,Sambhal,295,0
2023,Uttar Pradesh,Sant Kabeer Nagar,2,0
2023,Uttar Pradesh,Shahjahanpur,617,0
2023,Uttar Pradesh,Shamli,69,0
2023,Uttar Pradesh,Shravasti,5,0
2023,Uttar Pradesh,Siddharth Nagar,14,0
2023,Uttar Pradesh,Sitapur,529,0
2023,Uttar Pradesh,Sonbhadra,300,0
2023,Uttar Pradesh,Sultanpur,5,0
2023,Uttar Pradesh,Unnao,18,0
2023,Uttar Pradesh,Varanasi,28,0
2023,Uttar Pradesh,Almora,0,0
2023,Uttar Pradesh,Bageshwar,0,0
2023,Uttar Pradesh,Chamoli,0,0
2023,Uttarakhand,Champawat,0,0
2023,Uttarakhand,Dehradun,3,0
2023,Uttarakhand,Haridwar,15,0
2023,Uttarakhand,Nainital,4,0
2023,Uttarakhand,Pauri Garhwal,2,0
2023,Uttarakhand,Pithoragarh,0,0
2023,Uttarakhand,Rudra Prayag,0,0
2023,Uttarakhand,Tehri Garhwal,0,0
2023,Uttarakhand,Udam Singh Nagar,0,0
2023,Uttarakhand,Uttar Kashi,0,0
2023,West Bengal,24 Paraganas North,843,0
2023,West Bengal,24 Paraganas South,765,0
2023,West Bengal,Alipurduar,41,0
2023,West Bengal,Bankura,132,0
2023,West Bengal,Basirhat HD#,417,0
2023,West Bengal,Birbhum,109,0
2023,West Bengal,Bishnupur HD#,55,0
2023,West Bengal,Coochbehar,75,0
2023,West Bengal,Darjeeling,33,0
2023,West Bengal,Diamond Harbour HD#,351,0
2023,West Bengal,Dinajpur Dakshin,72,0
2023,West Bengal,Dinajpur Uttar,123,0
2023,West Bengal,Hooghly,360,0
2023,West Bengal,Howrah,1085,0
2023,West Bengal,Jalpaiguri,162,0
2023,West Bengal,Jhargram,90,0
2023,West Bengal,Kalimpong,0,0
2023,West Bengal,Kolkata,17002,0
2023,West Bengal,Maldah,447,0
2023,West Bengal,Medinipur East,267,0
2023,West Bengal,Medinipur West,162,0
2023,West Bengal,Murshidabad,1292,0
2023,West Bengal,Nadia,321,0
2023,West Bengal,Nandigram HD#,42,0
2023,West Bengal,Paschim Bardhaman,21,0
2023,West Bengal,Purba Bardhaman,267,1
2023,West Bengal,Purulia,304,1
2023,West Bengal,Pvt. Hospital & Others#,1574,0
2023,West Bengal,Rampurhat HD#,81,0
2024,Andaman And Nicobar Islands,Nicobars,4,0
2024,Andaman And Nicobar Islands,North And Middle Andaman,0,0
2024,Andaman And Nicobar Islands,South Andamans,0,0
2024,Andaman And Nicobar Islands,Alluri Sitharama Raju,577,0
2024,Andaman And Nicobar Islands,Anakapalli,39,0
2024,Andaman And Nicobar Islands,Anantapur,0,0
2024,Andaman And Nicobar Islands,Annamayya,2,0
2024,Andhra Pradesh,Bapatla,0,0
2024,Andhra Pradesh,Chittoor,0,0
2024,Andhra Pradesh,East Godavari,0,0
2024,Andhra Pradesh,Eluru,14,0
2024,Andhra Pradesh,Guntur,3,0
2024,Andhra Pradesh,Kakinada,0,0
2024,Andhra Pradesh,Konaseema,0,0
2024,Andhra Pradesh,Krishna,2,0
2024,Andhra Pradesh,Kurnool,2,0
2024,Andhra Pradesh,Nandyal,0,0
2024,Andhra Pradesh,NTR,8,0
2024,Andhra Pradesh,Palnadu,0,0
2024,Andhra Pradesh,Parvathipuram Manyam,167,0
2024,Andhra Pradesh,Prakasam,2,0
2024,Andhra Pradesh,SPSR Nellore,0,0
2024,Andhra Pradesh,Sri Sathya Sai,1,0
2024,Andhra Pradesh,Srikakulam,0,0
2024,Andhra Pradesh,Tirupati,0,0
2024,Andhra Pradesh,Visakhapatanam,29,0
2024,Andhra Pradesh,Vizianagaram,177,0
2024,Andhra Pradesh,West Godavari,0,0
2024,Andhra Pradesh,Y.S.R.,0,0
2024,Arunachal Pradesh,Anjaw,0,0
2024,Arunachal Pradesh,Changlang,1,0
2024,Arunachal Pradesh,Dibang Valley,0,0
2024,Arunachal Pradesh,East Kameng,0,0
2024,Arunachal Pradesh,East Siang,0,0
2024,Arunachal Pradesh,Kamle,0,0
2024,Arunachal Pradesh,Kra Daadi,0,0
2024,Arunachal Pradesh,Kurung Kumey,0,0
2024,Arunachal Pradesh,Leparada,0,0
2024,Arunachal Pradesh,Lohit,0,0
2024,Arunachal Pradesh,Longding,0,0
2024,Arunachal Pradesh,Lower Dibang Valley,0,0
2024,Arunachal Pradesh,Lower Siang,0,0
2024,Arunachal Pradesh,Lower Subansiri,0,0
2024,Arunachal Pradesh,Namsai,0,0
2024,Arunachal Pradesh,Pakke Kessang,0,0
2024,Arunachal Pradesh,Papum Pare,1,0
2024,Arunachal Pradesh,Shi Yomi,0,0
2024,Arunachal Pradesh,Siang,0,0
2024,Arunachal Pradesh,Tawang,0,0
2024,Arunachal Pradesh,Tirap,0,0
2024,Arunachal Pradesh,Upper Siang,0,0
2024,Arunachal Pradesh,Upper Subansiri,0,0
2024,Arunachal Pradesh,West Kameng,0,0
2024,Arunachal Pradesh,West Siang,0,0
2024,Arunachal Pradesh,Bajali,0,0
2024,Assam,Baksa,0,0
2024,Assam,Barpeta,1,0
2024,Assam,Biswanath,0,0
2024,Assam,Bongaigaon,1,0
2024,Assam,Cachar,5,0
2024,Assam,Charaideo,1,0
2024,Assam,Chirang,12,0
2024,Assam,Darrang,0,0
2024,Assam,Dhemaji,0,0
2024,Assam,Dhubri,8,1
2024,Assam,Dibrugarh,2,0
2024,Assam,Dima Hasao,2,0
2024,Assam,Goalpara,1,0
2024,Assam,Golaghat,1,0
2024,Assam,Hailakandi,1,0
2024,Assam,Hojai,1,0
2024,Assam,Jorhat,0,0
2024,Assam,Kamrup,0,0
2024,Assam,Kamrup Metro,2,0
2024,Assam,Karbi Anglong,0,0
2024,Assam,Karimganj,9,0
2024,Assam,Kokrajhar,25,0
2024,Assam,Lakhimpur,0,0
2024,Assam,Majuli,0,0
2024,Assam,Marigaon,2,0
2024,Assam,Nagaon,7,0
2024,Assam,Nalbari,2,0
2024,Assam,Sivasagar,2,0
2024,Assam,Sonitpur,2,0
2024,Assam,South Salmara Mancachar,3,0
2024,Assam,Tamulpur,0,0
2024,Assam,Tinsukia,1,0
2024,Assam,Udalguri,4,0
2024,Assam,West Karbi Anglong,0,0
2024,Assam,Araria,0,0
2024,Assam,Arwal,1,0
2024,Assam,Aurangabad,5,0
2024,Assam,Banka,1,0
2024,Assam,Begusarai,2,0
2024,Assam,Bhagalpur,8,0
2024,Assam,Bhojpur,4,0
2024,Assam,Buxar,3,0
2024,Assam,Darbhanga,1,0
2024,Assam,Gaya,5,0
2024,Assam,Gopalganj,2,0
2024,Assam,Jamui,0,0
2024,Assam,Jehanabad,1,0
2024,Assam,Kaimur (Bhabua),6,0
2024,Bihar,Katihar,2,0
2024,Bihar,Khagaria,0,0
2024,Bihar,Kishanganj,7,0
2024,Bihar,Lakhisarai,5,0
2024,Bihar,Madhepura,0,0
2024,Bihar,Madhubani,12,0
2024,Bihar,Munger,0,0
2024,Bihar,Muzaffarpur,6,0
2024,Bihar,Nalanda,0,0
2024,Bihar,Nawada,25,0
2024,Bihar,Pashchim Champaran,1,0
2024,Bihar,Patna,8,0
2024,Bihar,Purbi Champaran,1,0
2024,Bihar,Purnia,18,0
2024,Bihar,Rohtas,2,0
2024,Bihar,Saharsa,2,0
2024,Bihar,Samastipur,5,0
2024,Bihar,Saran,5,0
2024,Bihar,Sheikhpura,0,0
2024,Bihar,Sheohar,0,0
2024,Bihar,Sitamarhi,3,0
2024,Bihar,Siwan,0,0
2024,Bihar,Supaul,4,0
2024,Bihar,Vaishali,2,0
2024,Chandigarh,Chandigarh,0,0
2024,Chandigarh,Balod,19,0
2024,Chandigarh,Baloda Bazar,5,0
2024,Chandigarh,Balrampur,0,0
2024,Chandigarh,Bastar,1011,0
2024,Chandigarh,Bemetara,0,0
2024,Chandigarh,Bijapur,3171,0
2024,Chandigarh,Bilaspur,6,0
2024,Chandigarh,Dantewada,1331,0
2024,Chandigarh,Dhamtari,13,0
2024,Chandigarh,Durg,7,0
2024,Chandigarh,Gariyaband,60,0
2024,Chandigarh,Gaurella Pendra Marwahi,1,0
2024,Chandigarh,Janjgir-Champa,4,0
2024,Chandigarh,Jashpur,18,0
2024,Chandigarh,Kabirdham,69,0
2024,Chandigarh,Kanker,131,0
2024,Chandigarh,Khairgarh Chhuikhadan Gandai,50,0
2024,Chandigarh,Kondagaon,385,0
2024,Chandigarh,Korba,9,0
2024,Chandigarh,Korea,1,0
2024,Chandigarh,Mahasamund,4,0
2024,Chandigarh,Manendragarh Chirimiri Bharatpur,21,0
2024,Chandigarh,Mohla Manpur Ambagarh Chouki,51,0
2024,Chandigarh,Mungeli,0,0
2024,Chandigarh,Narayanpur,864,0
2024,Chandigarh,Raigarh,6,0
2024,Chandigarh,Raipur,0,0
2024,Chandigarh,RajnandGaon,12,0
2024,Chandigarh,Sakti,0,0
2024,Chandigarh,Sarangarh Bilaigarh,0,0
2024,Chandigarh,Sukma,967,0
2024,Chandigarh,Surajpur,1,0
2024,Chandigarh,Surguja,0,0
2024,Delhi,New Delhi,34,0
2024,Goa,North Goa,187,0
2024,Goa,South Goa,52,0
2024,Goa,Ahmadabad,90,0
2024,Goa,Amreli,2,0
2024,Goa,Anand,0,0
2024,Goa,Arvalli,0,0
2024,Goa,Banas kantha,4,0
2024,Goa,Bharuch,4,0
2024,Goa,Bhavnagar,1,0
2024,Goa,Botad,0,0
2024,Goa,Chhotaudepur,1,0
2024,Goa,Dang,1,0
2024,Goa,Devbhumi Dwarka,12,0
2024,Goa,Dohad,0,0
2024,Goa,Gandhinagar,21,0
2024,Goa,Gir Somnath,2,0
2024,Goa,Jamnagar,18,0
2024,Goa,Junagadh,9,0
2024,Goa,Kachchh,13,0
2024,Goa,Kheda,0,0
2024,Goa,Mahesana,4,0
2024,Goa,Mahisagar,1,0
2024,Goa,Morbi,12,0
2024,Goa,Narmada,2,0
2024,Goa,Navsari,5,0
2024,Goa,Panch Mahals,1,0
2024,Goa,Patan,2,0
2024,Goa,Porbandar,11,0
2024,Goa,Rajkot,14,0
2024,Goa,Sabar kantha,3,0
2024,Goa,Surat,136,0
2024,Goa,Surendranagar,16,0
2024,Goa,Tapi,1,0
2024,Goa,Vadodara,12,0
2024,Goa,Valsad,0,0
2024,Haryana,Ambala,1,0
2024,Haryana,Bhiwani,0,0
2024,Haryana,Charki Dadri,2,0
2024,Haryana,Faridabad,0,0
2024,Haryana,Fatehabad,0,0
2024,Haryana,Gurugram,0,0
2024,Haryana,Hisar,4,0
2024,Haryana,Jhajjar,0,0
2024,Haryana,Jind,0,0
2024,Haryana,Kaithal,0,0
2024,Haryana,Karnal,0,0
2024,Haryana,Kurukshetra,0,0
2024,Haryana,Mahendragarh,0,0
2024,Haryana,Nuh,0,0
2024,Haryana,Palwal,0,0
2024,Haryana,Panchkula,0,0
2024,Haryana,Panipat,0,0
2024,Haryana,Rewari,0,0
2024,Haryana,Rohtak,0,0
2024,Haryana,Sirsa,0,0
2024,Haryana,Sonipat,0,0
2024,Haryana,Yamunanagar,0,0
2024,Himachal Pradesh,Bilaspur,0,0
2024,Himachal Pradesh,Chamba,0,0
2024,Himachal Pradesh,Hamirpur,0,0
2024,Himachal Pradesh,Kangra,0,0
2024,Himachal Pradesh,Kinnaur,0,0
2024,Himachal Pradesh,Kullu,0,0
2024,Himachal Pradesh,Lahul And Spiti,0,0
2024,Himachal Pradesh,Mandi,0,0
2024,Himachal Pradesh,Shimla,0,0
2024,Himachal Pradesh,Sirmaur,0,0
2024,Himachal Pradesh,Solan,0,0
2024,Himachal Pradesh,Una,0,0
2024,Himachal Pradesh,Anantnag,0,0
2024,Himachal Pradesh,Bandipora,0,0
2024,Himachal Pradesh,Baramulla,0,0
2024,Himachal Pradesh,Budgam,0,0
2024,Himachal Pradesh,Doda,0,0
2024,Himachal Pradesh,Ganderbal,0,0
2024,Himachal Pradesh,Jammu,7,0
2024,Himachal Pradesh,Kathua,1,0
2024,Himachal Pradesh,Kishtwar,0,0
2024,Himachal Pradesh,Kulgam,0,0
2024,Himachal Pradesh,Kupwara,0,0
2024,Himachal Pradesh,Poonch,4,0
2024,Himachal Pradesh,Pulwama,0,0
2024,Himachal Pradesh,Rajouri,1,0
2024,Himachal Pradesh,Ramban,0,0
2024,Himachal Pradesh,Reasi,0,0
2024,Himachal Pradesh,Samba,1,0
2024,Himachal Pradesh,Shopian,0,0
2024,Himachal Pradesh,Srinagar,0,0
2024,Himachal Pradesh,Udhampur,0,0
2024,Jharkhand,Bokaro,10,0
2024,Jharkhand,Chatra,20,0
2024,Jharkhand,Deoghar,0,0
2024,Jharkhand,Dhanbad,4,0
2024,Jharkhand,Dumka,14,0
2024,Jharkhand,East Singhbum,872,0
2024,Jharkhand,Garhwa,27,0
2024,Jharkhand,Giridih,57,0
2024,Jharkhand,Godda,935,0
2024,Jharkhand,Gumla,26,0
2024,Jharkhand,Hazaribagh,43,0
2024,Jharkhand,Jamtara,0,0
2024,Jharkhand,Khunti,213,0
2024,Jharkhand,Koderma,5,0
2024,Jharkhand,Latehar,82,0
2024,Jharkhand,Lohardaga,22,0
2024,Jharkhand,Pakur,240,0
2024,Jharkhand,Palamu,23,0
2024,Jharkhand,Ramgarh,11,0
2024,Jharkhand,Ranchi,34,0
2024,Jharkhand,Sahebganj,30,0
2024,Jharkhand,Saraikela Kharsawan,230,0
2024,Jharkhand,Simdega,21,0
2024,Jharkhand,West Singhbhum,4750,0
2024,Jharkhand,A.M.U. Almatti#,0,0
2024,Jharkhand,A.M.U. B. Gudi#,0,0
2024,Jharkhand,A.M.U. Kembhavi#,0,0
2024,Jharkhand,Bagalkote,1,0
2024,Jharkhand,Ballari,0,0
2024,Jharkhand,Belagavi,0,0
2024,Jharkhand,Bengaluru Rural,0,0
2024,Jharkhand,Bengaluru Urban,17,0
2024,Jharkhand,Bidar,0,0
2024,Jharkhand,Chamarajanagara,3,0
2024,Jharkhand,ChikkaBallaPura,0,0
2024,Jharkhand,Chikkamagaluru,0,0
2024,Jharkhand,Chitradurga,0,0
2024,Jharkhand,Dakshina Kannada,33,0
2024,Jharkhand,Davangere,1,0
2024,Jharkhand,Dharwad,0,0
2024,Jharkhand,Gadag,1,0
2024,Jharkhand,Hassan,0,0
2024,Jharkhand,Haveri,0,0
2024,Jharkhand,Kalaburagi,2,0
2024,Jharkhand,Kodagu,2,0
2024,Jharkhand,Kolar,0,0
2024,Jharkhand,Koppal,0,0
2024,Jharkhand,Mandya,1,0
2024,Jharkhand,Mysuru,2,0
2024,Jharkhand,Raichur,0,0
2024,Jharkhand,Ramanagara,0,0
2024,Jharkhand,Shivamogga,3,0
2024,Jharkhand,Tumakuru,4,0
2024,Jharkhand,U.K.P.N. PURA#,0,0
2024,Jharkhand,Udupi,16,0
2024,Jharkhand,Uttara Kannada,1,0
2024,Jharkhand,Vijayanagar,0,0
2024,Jharkhand,Vijayapura,1,0
2024,Jharkhand,Yadgir,1,0
2024,Kerala,Alappuzha,6,0
2024,Kerala,Ernakulam,23,0
2024,Kerala,Idukki,59,1
2024,Kerala,Kannur,14,0
2024,Kerala,Kasaragod,4,0
2024,Kerala,Kollam,4,0
2024,Kerala,Kottayam,7,0
2024,Kerala,Kozhikode,7,0
2024,Kerala,Malappuram,7,0
2024,Kerala,Palakkad,10,0
2024,Kerala,Pathanamthitta,4,0
2024,Kerala,Thiruvananthapuram,7,0
2024,Kerala,Thrissur,14,0
2024,Kerala,Wayanad,2,0
2024,Ladakh,Kargil,0,0
2024,Ladakh,Leh Ladakh,1,0
2024,Lakshadweep,Lakshadweep District,0,0
2024,Lakshadweep,Agar Malwa,0,0
2024,Lakshadweep,Alirajpur,6,0
2024,Lakshadweep,Anuppur,0,0
2024,Lakshadweep,Ashoknagar,0,0
2024,Lakshadweep,Balaghat,135,0
2024,Lakshadweep,Barwani,0,0
2024,Lakshadweep,Betul,1,0
2024,Lakshadweep,Bhind,1,0
2024,Lakshadweep,Bhopal,2,0
2024,Lakshadweep,Burhanpur,0,0
2024,Lakshadweep,Chhatarpur,1,0
2024,Lakshadweep,Chhindwara,16,0
2024,Lakshadweep,Damoh,0,0
2024,Lakshadweep,Datia,32,0
2024,Lakshadweep,Dewas,1,0
2024,Lakshadweep,Dhar,3,0
2024,Madhya Pradesh,Dindori,1,0
2024,Madhya Pradesh,East Nimar,2,0
2024,Madhya Pradesh,Guna,0,0
2024,Madhya Pradesh,Gwalior,4,0
2024,Madhya Pradesh,Harda,0,0
2024,Madhya Pradesh,Indore,1,0
2024,Madhya Pradesh,Jabalpur,1,0
2024,Madhya Pradesh,Jhabua,4,0
2024,Madhya Pradesh,Katni,2,0
2024,Madhya Pradesh,Khargone,1,0
2024,Madhya Pradesh,Mandla,7,0
2024,Madhya Pradesh,Mandsaur,12,0
2024,Madhya Pradesh,Mauganj,1,0
2024,Madhya Pradesh,Morena,1,0
2024,Madhya Pradesh,Narmadapuram,1,0
2024,Madhya Pradesh,Narsinghpur,9,0
2024,Madhya Pradesh,Neemuch,2,0
2024,Madhya Pradesh,Niwari,0,0
2024,Madhya Pradesh,Panna,0,0
2024,Madhya Pradesh,Raisen,2,0
2024,Madhya Pradesh,Rajgarh,0,0
2024,Madhya Pradesh,Ratlam,2,0
2024,Madhya Pradesh,Rewa,5,0
2024,Madhya Pradesh,Sagar,1,0
2024,Madhya Pradesh,Satna,4,0
2024,Madhya Pradesh,Sehore,0,0
2024,Madhya Pradesh,Seoni,5,0
2024,Madhya Pradesh,Shahdol,0,0
2024,Madhya Pradesh,Shajapur,0,0
2024,Madhya Pradesh,Sheopur,1,0
2024,Madhya Pradesh,Shivpuri,0,0
2024,Madhya Pradesh,Sidhi,7,0
2024,Madhya Pradesh,Singrauli,1,0
2024,Madhya Pradesh,Tikamgarh,0,0
2024,Madhya Pradesh,Ujjain,0,0
2024,Madhya Pradesh,Umaria,2,0
2024,Madhya Pradesh,Vidisha,0,0
2024,Madhya Pradesh,Ahmednagar,0,0
2024,Madhya Pradesh,Akola,2,0
2024,Madhya Pradesh,Amravati,12,0
2024,Madhya Pradesh,Aurangabad,0,0
2024,Madhya Pradesh,Beed,0,0
2024,Madhya Pradesh,Bhandara,2,0
2024,Madhya Pradesh,Buldhana,0,0
2024,Madhya Pradesh,Chandrapur,149,0
2024,Madhya Pradesh,Dhule,1,0
2024,Madhya Pradesh,Gadchiroli,1086,0
2024,Madhya Pradesh,Gondia,25,0
2024,Madhya Pradesh,Hingoli,0,0
2024,Maharashtra,Jalgaon,0,0
2024,Maharashtra,Jalna,0,0
2024,Maharashtra,Kolhapur,2,0
2024,Maharashtra,Latur,1,0
2024,Maharashtra,Mumbai,1216,0
2024,Maharashtra,Nagpur,2,0
2024,Maharashtra,Nanded,0,0
2024,Maharashtra,Nandurbar,0,0
2024,Maharashtra,Nashik,2,0
2024,Maharashtra,Osmanabad,2,0
2024,Maharashtra,Palghar,11,0
2024,Maharashtra,Parbhani,0,0
2024,Maharashtra,Pune,7,0
2024,Maharashtra,Raigad,169,0
2024,Maharashtra,Ratnagiri,4,0
2024,Maharashtra,Sangli,4,0
2024,Maharashtra,Satara,8,0
2024,Maharashtra,Sindhudurg,10,0
2024,Maharashtra,Solapur,0,0
2024,Maharashtra,Thane,159,0
2024,Maharashtra,Wardha,1,0
2024,Maharashtra,Washim,0,0
2024,Maharashtra,Yavatmal,0,0
2024,Manipur,Bishnupur,0,0
2024,Manipur,Chandel,1,0
2024,Manipur,Churachandpur,1,0
2024,Manipur,Imphal East,2,0
2024,Manipur,Imphal Urban#,0,0
2024,Manipur,Imphal West,2,0
2024,Manipur,Jiribam,0,0
2024,Manipur,Kakching,3,0
2024,Manipur,Kamjong,0,0
2024,Manipur,Kangpokpi,0,0
2024,Manipur,Noney,0,0
2024,Manipur,Pherzawl,1,0
2024,Manipur,Senapati,0,0
2024,Manipur,Tamenglong,0,0
2024,Manipur,Tengnoupal,1,0
2024,Manipur,Thoubal,0,0
2024,Manipur,Ukhrul,0,0
2024,Manipur,East Garo Hills,5,0
2024,Manipur,East Jaintia Hills,0,0
2024,Manipur,East Khasi Hills,4,0
2024,Manipur,Eastern West Khasi Hills,0,0
2024,Manipur,North Garo Hills,1,0
2024,Manipur,Ri Bhoi,0,0
2024,Manipur,South Garo Hills,75,0
2024,Manipur,South West Garo Hills,1,0
2024,Manipur,South West Khasi Hills,3,0
2024,Manipur,West Garo Hills,8,0
2024,Manipur,West Jaintia Hills,4,0
2024,Manipur,West Khasi Hills,6,0
2024,Mizoram,Aizawl,14,0
2024,Mizoram,Champhai,0,0
2024,Mizoram,Hnahthial,0,0
2024,Mizoram,Khawzawl,0,0
2024,Mizoram,Kolasib,3,0
2024,Mizoram,Lawngtlai,2228,0
2024,Mizoram,Lunglei,1047,0
2024,Mizoram,Mamit,808,0
2024,Mizoram,Saiha,222,0
2024,Mizoram,Saitual,0,0
2024,Mizoram,Serchhip,1,0
2024,Nagaland,Mon,0,0
2024,Nagaland,Chumoukedima,0,0
2024,Nagaland,Dimapur,0,0
2024,Nagaland,Kiphire,1,0
2024,Nagaland,Kohima,0,0
2024,Nagaland,Longleng,0,0
2024,Nagaland,Mokokchung,0,0
2024,Nagaland,Niuland,0,0
2024,Nagaland,Noklak,0,0
2024,Nagaland,Peren,0,0
2024,Nagaland,Phek,0,0
2024,Nagaland,Tseminyu,0,0
2024,Nagaland,Tuensang,0,0
2024,Nagaland,Wokha,0,0
2024,Nagaland,Zunheboto,0,0
2024,Nagaland,Anugul,15,0
2024,Nagaland,Balangir,41,0
2024,Nagaland,Baleshwar,9,0
2024,Nagaland,Bargarh,11,0
2024,Nagaland,Bhadrak,9,0
2024,Nagaland,Boudh,226,0
2024,Nagaland,Cuttack,16,0
2024,Nagaland,Deogarh,5,0
2024,Nagaland,Dhenkanal,8,0
2024,Nagaland,Gajapati,52,0
2024,Nagaland,Ganjam,119,0
2024,Nagaland,Jagatsinghapur,2,0
2024,Nagaland,Jajapur,15,0
2024,Nagaland,Jharsuguda,2,0
2024,Nagaland,Kalahandi,1646,0
2024,Nagaland,Kandhamal,1325,0
2024,Nagaland,Kendrapara,21,0
2024,Nagaland,Kendujhar,27,0
2024,Nagaland,Khordha,46,0
2024,Nagaland,Koraput,1780,0
2024,Nagaland,Malkangiri,955,0
2024,Nagaland,Mayurbhanj,241,0
2024,Nagaland,Nabarangpur,159,0
2024,Nagaland,Nayagarh,111,0
2024,Nagaland,Nuapada,39,0
2024,Nagaland,Puri,20,0
2024,Nagaland,Rayagada,1846,0
2024,Nagaland,Sambalpur,2,0
2024,Nagaland,Sonepur,9,0
2024,Nagaland,Sundargarh,91,0
2024,Puducherry,Karaikal,0,0
2024,Puducherry,Mahe,0,0
2024,Puducherry,Malaria Clinic+FTDs#,0,0
2024,Puducherry,Pondicherry,5,0
2024,Puducherry,Yanam,0,0
2024,Punjab,Amritsar,0,0
2024,Punjab,Barnala,0,0
2024,Punjab,Bathinda,0,0
2024,Punjab,Faridkot,0,0
2024,Punjab,Fatehgarh Sahib,0,0
2024,Punjab,Fazilka,0,0
2024,Punjab,Ferozepur,1,0
2024,Punjab,Gurdaspur,0,0
2024,Punjab,Hoshiarpur,0,0
2024,Punjab,Jalandhar,3,0
2024,Punjab,Kapurthala,0,0
2024,Punjab,Ludhiana,2,0
2024,Punjab,Malerkotla,0,0
2024,Punjab,Mansa,0,0
2024,Punjab,Moga,0,0
2024,Punjab,Pathankot,0,0
2024,Punjab,Patiala,0,0
2024,Punjab,Rupnagar,0,0
2024,Punjab,S.A.S Nagar,0,0
2024,Punjab,Sangrur,0,0
2024,Punjab,Shahid Bhagat Singh Nagar,0,0
2024,Punjab,Sri Muktsar Sahib,0,0
2024,Punjab,Tarn taran,1,0
2024,Punjab,Ajmer,0,0
2024,Punjab,Alwar,3,0
2024,Punjab,Banswara,0,0
2024,Punjab,Baran,0,0
2024,Punjab,Barmer,29,0
2024,Punjab,Bharatpur,0,0
2024,Rajasthan,Bhilwara,2,0
2024,Rajasthan,Bikaner,15,0
2024,Rajasthan,Bundi,1,0
2024,Rajasthan,Chittorgarh,0,0
2024,Rajasthan,Churu,1,0
2024,Rajasthan,Dausa,1,0
2024,Rajasthan,Dholpur,0,0
2024,Rajasthan,Dungarpur,0,0
2024,Rajasthan,Ganganagar,19,0
2024,Rajasthan,Hanumangarh,0,0
2024,Rajasthan,Jaipur,4,0
2024,Rajasthan,Jaisalmer,27,0
2024,Rajasthan,Jalore,0,0
2024,Rajasthan,Jhalawar,1,0
2024,Rajasthan,Jhunjhunu,1,0
2024,Rajasthan,Jodhpur,0,0
2024,Rajasthan,Karauli,0,0
2024,Rajasthan,Kota,0,0
2024,Rajasthan,Nagaur,1,0
2024,Rajasthan,Pali,0,0
2024,Rajasthan,Pratapgarh,7,0
2024,Rajasthan,Rajsamand,3,0
2024,Rajasthan,Sawai Madhopur,0,0
2024,Rajasthan,Sikar,0,0
2024,Rajasthan,Sirohi,3,0
2024,Rajasthan,Tonk,0,0
2024,Rajasthan,Udaipur,18,0
2024,Sikkim,Gangtok,0,0
2024,Sikkim,Gyalshing,0,0
2024,Sikkim,Mangan,0,0
2024,Sikkim,Namchi,0,0
2024,Sikkim,Pakyong,0,0
2024,Sikkim,Soreng,0,0
2024,Sikkim,Aranthangi#,0,0
2024,Sikkim,Ariyalur,0,0
2024,Sikkim,Attur#,0,0
2024,Sikkim,Chengalpattu,0,0
2024,Sikkim,Chennai,14,0
2024,Sikkim,Cheyyar#,0,0
2024,Sikkim,Coimbatore,2,0
2024,Sikkim,Cuddalore,2,0
2024,Sikkim,Dharmapuri,0,0
2024,Sikkim,Dindigul,0,0
2024,Sikkim,Erode,0,0
2024,Sikkim,Kallakurichi,0,0
2024,Sikkim,Kanchipuram,2,0
2024,Sikkim,Kanniyakumari,1,0
2024,Sikkim,Karur,0,0
2024,Sikkim,Kovilpatti#,0,0
2024,Tamil Nadu,Krishnagiri,1,0
2024,Tamil Nadu,Madurai,1,0
2024,Tamil Nadu,Mayiladuthurai,0,0
2024,Tamil Nadu,Nagapattinam,0,0
2024,Tamil Nadu,Namakkal,0,0
2024,Tamil Nadu,Palani#,0,0
2024,Tamil Nadu,Paramakudi#,0,0
2024,Tamil Nadu,Perambalur,0,0
2024,Tamil Nadu,Poonamallee#,0,0
2024,Tamil Nadu,Pudukkottai,0,0
2024,Tamil Nadu,Ramanathapuram,0,0
2024,Tamil Nadu,Ranipet,0,0
2024,Tamil Nadu,Salem,1,0
2024,Tamil Nadu,Sivaganga,0,0
2024,Tamil Nadu,Sivakasi#,0,0
2024,Tamil Nadu,Tenkasi,2,0
2024,Tamil Nadu,Thanjavur,1,0
2024,Tamil Nadu,The Nilgiris,0,0
2024,Tamil Nadu,Theni,2,0
2024,Tamil Nadu,Thiruvallur,2,0
2024,Tamil Nadu,Thiruvarur,0,0
2024,Tamil Nadu,Tiruchirappalli,3,0
2024,Tamil Nadu,Tirunelveli,0,0
2024,Tamil Nadu,Tirupathur,1,0
2024,Tamil Nadu,Tiruppur,1,0
2024,Tamil Nadu,Tiruvannamalai,0,0
2024,Tamil Nadu,Tuticorin,1,0
2024,Tamil Nadu,Vellore,3,0
2024,Tamil Nadu,Villupuram,0,0
2024,Tamil Nadu,Virudhunagar,0,0
2024,Tamil Nadu,Adilabad,0,0
2024,Tamil Nadu,Bhadradri Kothagudem,18,0
2024,Tamil Nadu,Hanumakonda,0,0
2024,Tamil Nadu,Hyderabad,3,0
2024,Tamil Nadu,Jagitial,0,0
2024,Tamil Nadu,Jangoan,5,0
2024,Tamil Nadu,Jayashankar Bhupalapally,0,0
2024,Tamil Nadu,Jogulamba Gadwal,0,0
2024,Tamil Nadu,Kamareddy,0,0
2024,Tamil Nadu,Karimnagar,0,0
2024,Tamil Nadu,Khammam,0,0
2024,Tamil Nadu,Kumuram Bheem Asifabad,8,0
2024,Tamil Nadu,Mahabubabad,5,0
2024,Tamil Nadu,Mahabubnagar,0,0
2024,Tamil Nadu,Mancherial,0,0
2024,Tamil Nadu,Medak,0,0
2024,Tamil Nadu,Medchal Malkajgiri,0,0
2024,Tamil Nadu,Mulugu,3,0
2024,Tamil Nadu,Nagarkurnool,1,0
2024,Tamil Nadu,Nalgonda,0,0
2024,Tamil Nadu,Narayanpet,0,0
2024,Tamil Nadu,Nirmal,0,0
2024,Tamil Nadu,Nizamabad,0,0
2024,Tamil Nadu,Peddapalli,0,0
2024,Tamil Nadu,Rajanna Sircilla,0,0
2024,Tamil Nadu,Ranga Reddy,4,0
2024,Tamil Nadu,Sangareddy,0,0
2024,Tamil Nadu,Siddipet,0,0
2024,Tamil Nadu,Suryapet,0,0
2024,Tamil Nadu,Vikarabad,0,0
2024,Tamil Nadu,Wanaparthy,0,0
2024,Tamil Nadu,Warangal,2,0
2024,Tamil Nadu,Yadadri Bhuvanagiri,0,0
2024,The Dadra And Nagar Haveli And Daman And Diu,Dadra And Nagar Haveli,20,0
2024,The Dadra And Nagar Haveli And Daman And Diu,Daman,1,0
2024,The Dadra And Nagar Haveli And Daman And Diu,Diu,0,0
2024,Tripura,Dhalai,1150,0
2024,Tripura,Gomati,107,0
2024,Tripura,Khowai,68,0
2024,Tripura,North Tripura,53,0
2024,Tripura,Sepahijala,1,0
2024,Tripura,South Tripura,270,0
2024,Tripura,Unakoti,5,0
2024,Tripura,West Tripura,8,0
2024,Tripura,Agra,1,0
2024,Tripura,Aligarh,0,0
2024,Tripura,Ambedkar Nagar,0,0
2024,Tripura,Amethi,0,0
2024,Tripura,Amroha,0,0
2024,Tripura,Auraiya,0,0
2024,Tripura,Ayodhya,0,0
2024,Tripura,Azamgarh,0,0
2024,Tripura,Baghpat,1,0
2024,Tripura,Bahraich,6,0
2024,Tripura,Ballia,1,0
2024,Tripura,Balrampur,0,0
2024,Tripura,Banda,0,0
2024,Tripura,Barabanki,0,0
2024,Tripura,Bareilly,28,0
2024,Tripura,Basti,0,0
2024,Tripura,Bhadohi,0,0
2024,Tripura,Bijnor,0,0
2024,Tripura,Budaun,51,0
2024,Tripura,Bulandshahr,2,0
2024,Tripura,Chandauli,0,0
2024,Tripura,Chitrakoot,0,0
2024,Tripura,Deoria,0,0
2024,Tripura,Etah,1,0
2024,Tripura,Etawah,0,0
2024,Tripura,Farrukhabad,6,0
2024,Tripura,Fatehpur,2,0
2024,Tripura,Firozabad,0,0
2024,Tripura,Gautam Buddha Nagar,0,0
2024,Tripura,Ghaziabad,3,0
2024,Tripura,Ghazipur,0,0
2024,Tripura,Gonda,2,0
2024,Tripura,Gorakhpur,2,0
2024,Tripura,Hamirpur,0,0
2024,Tripura,Hapur,2,0
2024,Tripura,Hardoi,23,0
2024,Tripura,Hathras,1,0
2024,Tripura,Jalaun,0,0
2024,Tripura,Jaunpur,0,0
2024,Tripura,Jhansi,0,0
2024,Tripura,Kannauj,1,0
2024,Tripura,Kanpur Dehat,0,0
2024,Tripura,Kanpur Nagar,0,0
2024,Tripura,Kasganj,2,0
2024,Tripura,Kaushambi,3,0
2024,Tripura,Kheri,13,0
2024,Tripura,Kushi Nagar,6,0
2024,Tripura,Lalitpur,0,0
2024,Tripura,Lucknow,6,0
2024,Tripura,Maharajganj,1,0
2024,Tripura,Mahoba,0,0
2024,Tripura,Mainpuri,0,0
2024,Tripura,Mathura,0,0
2024,Tripura,Mau,5,0
2024,Tripura,Meerut,3,0
2024,Tripura,Mirzapur,4,0
2024,Tripura,Moradabad,0,0
2024,Tripura,Muzaffarnagar,0,0
2024,Tripura,Pilibhit,1,0
2024,Tripura,Pratapgarh,0,0
2024,Tripura,Prayagraj,7,0
2024,Tripura,Rae Bareli,0,0
2024,Tripura,Rampur,3,0
2024,Tripura,Saharanpur,0,0
2024,Tripura,Sambhal,4,0
2024,Tripura,Sant Kabeer Nagar,0,0
2024,Tripura,Shahjahanpur,11,0
2024,Tripura,Shamli,5,0
2024,Tripura,Shravasti,2,0
2024,Tripura,Siddharth Nagar,1,0
2024,Tripura,Sitapur,11,0
2024,Tripura,Sonbhadra,25,0
2024,Tripura,Sultanpur,2,0
2024,Tripura,Unnao,0,0
2024,Tripura,Varanasi,0,0
2024,Uttarakhand,Almora,0,0
2024,Uttarakhand,Bageshwar,0,0
2024,Uttarakhand,Chamoli,0,0
2024,Uttarakhand,Champawat,0,0
2024,Uttarakhand,Dehradun,0,0
2024,Uttarakhand,Haridwar,0,0
2024,Uttarakhand,Nainital,0,0
2024,Uttarakhand,Pauri Garhwal,0,0
2024,Uttarakhand,Pithoragarh,0,0
2024,Uttarakhand,Rudra Prayag,0,0
2024,Uttarakhand,Tehri Garhwal,0,0
2024,Uttarakhand,Udam Singh Nagar,0,0
2024,Uttarakhand,Uttar Kashi,0,0
2024,Uttarakhand,24 Paraganas North,61,0
2024,Uttarakhand,24 Paraganas South,29,0
2024,Uttarakhand,Alipurduar,6,0
2024,Uttarakhand,Bankura,24,0
2024,Uttarakhand,Basirhat HD#,33,0
2024,Uttarakhand,Birbhum,12,0
2024,Uttarakhand,Bishnupur HD#,0,0
2024,Uttarakhand,Coochbehar,22,0
2024,Uttarakhand,Darjeeling,2,0
2024,Uttarakhand,Diamond Harbour HD#,20,0
2024,Uttarakhand,Dinajpur Dakshin,13,0
2024,Uttarakhand,Dinajpur Uttar,15,1
2024,Uttarakhand,Hooghly,23,0
2024,Uttarakhand,Howrah,45,0
2024,Uttarakhand,Jalpaiguri,145,0
2024,Uttarakhand,Jhargram,32,0
2024,Uttarakhand,Kalimpong,0,0
2024,Uttarakhand,Kolkata,369,0
2024,Uttarakhand,Maldah,107,0
2024,Uttarakhand,Medinipur East,19,0
2024,Uttarakhand,Medinipur West,11,0
2024,Uttarakhand,Murshidabad,167,0
2024,Uttarakhand,Nadia,34,0
2024,Uttarakhand,Nandigram HD#,2,0
2024,Uttarakhand,Paschim Bardhaman,0,0
2024,Uttarakhand,Purba Bardhaman,20,0
2024,Uttarakhand,Purulia,49,0
2024,Uttarakhand,Pvt. Hospital & Others#,67,0
2024,Uttarakhand,Rampurhat HD#,14,0
