h3_index,district,state,pred_dengue_lead1,pred_malaria_lead1
873c8ca44ffffff,Jhargram,West Bengal,0.06967720670583455,0.02298727798705495
8760a8546ffffff,Belagavi,Karnataka,0.1447237825948377,0.0
873d1ec02ffffff,Chamoli,Uttarakhand,0.15820432846050744,0.03406489978029412
873c15c23ffffff,West Champaran,Bihar,0.16464733599040227,0.017788239635019007
8760a628bffffff,Nagarkurnool,Telangana,0.0959137631596898,0.00679810383508132
8760907abffffff,Amravati,Maharashtra,0.10406075705805226,0.012098697983220476
87619aa8bffffff,Krishna,Andhra Pradesh,0.09374043530978199,0.014761241934306613
8742e9c5bffffff,Barmer,Rajasthan,0.19101148603816376,0.04657162141601678
873c5c996ffffff,Upper Siang,Arunachal Pradesh,0.0663248070744506,0.0
8760ada11ffffff,Uttara Kannada,Karnataka,0.16094192491558562,0.03296343790057191
8760b0954ffffff,Warangal Urban,Telangana,0.11663904838206716,0.0
873d96cf3ffffff,Dhar,Madhya Pradesh,0.16016594210278168,0.01212634041779517
873d82198ffffff,Ashoknagar,Madhya Pradesh,0.10864937364952863,0.021758929479426477
873c5e84affffff,Siang,Arunachal Pradesh,0.07595545371844072,0.021796041790893395
8742db7a3ffffff,Palghar,Maharashtra,0.27313183362727744,0.06232069697148087
873c138f2ffffff,Patna,Bihar,0.09537497184536117,0.4755550695242562
87425bb2effffff,Bikaner,Rajasthan,0.1732534134199037,0.044976255709266375
873c96d58ffffff,Bijapur,Chhattisgarh,0.09388693564476294,0.050500244610287084
8742ce432ffffff,Botad,Gujarat,0.19470270193867356,0.03160279358813708
873d3455dffffff,Rajouri,Jammu and Kashmir,0.13486071450018935,0.03284912199308784
872099946ffffff,Leh,Ladakh,0.15504919132942424,0.026593427153071364
873d98d19ffffff,Sagar,Madhya Pradesh,0.11527210950279773,0.010348645118571967
873cf6035ffffff,Purba Bardhaman,West Bengal,0.0701526151675484,0.018309329318719005
873c5e945ffffff,Siang,Arunachal Pradesh,0.07114513929907092,0.021719383960017602
873da50ceffffff,Rohtak,Haryana,0.10630773968350686,0.016916535562148283
873db2b62ffffff,Chittorgarh,Rajasthan,0.1481239544705086,0.023137726048779974
873c91b18ffffff,Rayagada,Odisha,0.07320830347897177,0.1384937499335112
873da5db2ffffff,Hanumangarh,Rajasthan,0.16221452879613402,0.008506425681075763
876086761ffffff,Nanded,Maharashtra,0.1043667655482028,0.061009684767951766
876092c9dffffff,Chhindwara,Madhya Pradesh,0.12751605019194398,0.0
876086282ffffff,Nanded,Maharashtra,0.1080643208823547,0.059688364867180495
873c83a65ffffff,Dhenkanal,Odisha,0.0626318127264679,0.030469331635803433
87611b223ffffff,Thoothukkudi,Tamil Nadu,0.3280311204061885,0.0
87608a093ffffff,Ahmednagar,Maharashtra,0.27909693368546834,0.07430280545253433
873c86118ffffff,Balangir,Odisha,0.10390981848712544,0.0623426392692594
873d16322ffffff,Patiala,Punjab,0.26996855043775986,0.03503081532580534
873d86cacffffff,Baran,Rajasthan,0.1219405358969787,0.02546275077637755
876095d8dffffff,Nanded,Maharashtra,0.11667817446269031,0.024718483310981955
873d8eb99ffffff,Hamirpur,Uttar Pradesh,0.0849088007657398,0.41354988517269975
873d90294ffffff,Shajapur,Madhya Pradesh,0.12219132273134208,0.010600695701131344
873d20484ffffff,Leh,Ladakh,0.08017301502434698,0.027664371549191068
876081431ffffff,Osmanabad,Maharashtra,0.15914436283377104,0.00477919303493266
873ceea49ffffff,Karbi Anglong,Assam,0.13283606692208022,0.011026516797227107
87608d01cffffff,Ratnagiri,Maharashtra,0.3183258369003489,0.05091764639962435
87609a36cffffff,Nandurbar,Maharashtra,0.15499952132837722,0.0038227215629163536
8742dc349ffffff,Bhavnagar,Gujarat,0.19862865448813485,0.06397860397287773
876094d1dffffff,Chandrapur,Maharashtra,0.12678450466848287,0.010432549366379818
87609d749ffffff,Ahmednagar,Maharashtra,0.14805711356817639,0.0009227668585221812
876010ccdffffff,Tumakuru,Karnataka,0.11902245756573128,0.013796669965865904
87619b14effffff,Guntur,Andhra Pradesh,0.06513568792161888,0.0
873ce42f4ffffff,Chirang,Assam,0.07175851771913223,0.02037996795045851
873cc1c1cffffff,Aizawl,Mizoram,0.07041583123512382,0.0
873db52d9ffffff,Tonk,Rajasthan,0.16900808701301295,0.03755633677523597
873d9521dffffff,Guna,Madhya Pradesh,0.10906203606670986,0.0777922487374887
873c94663ffffff,Bastar,Chhattisgarh,0.1230204942146716,0.06078288800951566
87611b6e9ffffff,Virudhunagar,Tamil Nadu,0.2759322890052899,0.0
873daed03ffffff,Mathura,Uttar Pradesh,0.13091458539717488,0.05456718950566465
873d9bd68ffffff,Jabalpur,Madhya Pradesh,0.013235002085616562,0.04994867162035174
8760a5974ffffff,Anantapur,Andhra Pradesh,0.09944747325442975,0.0
8742db86bffffff,Valsad,Gujarat,0.3353771819169737,0.08654510299467527
8760abd72ffffff,Belagavi,Karnataka,0.17112867733811915,0.0
8742eb034ffffff,Sirohi,Rajasthan,0.1866969248833784,0.06271547884549439
8742e9476ffffff,Jalore,Rajasthan,0.1823049145697192,0.19027593568683754
87609871affffff,Jalgaon,Maharashtra,0.17248316369998162,0.01015601294520007
876002cd9ffffff,Kannur,Kerala,0.3629245133461315,0.024785861958737585
8760a4893ffffff,Y.S.R. Kadapa,Andhra Pradesh,0.10753416031728132,0.0
873c5cce0ffffff,Upper Siang,Arunachal Pradesh,0.11225894454420754,0.0
876188275ffffff,Chittoor,Andhra Pradesh,0.1019948772618247,0.012213818874223315
8742c5591ffffff,Kutch,Gujarat,0.1935397574885091,0.04348678947500131
8760ad06affffff,Uttara Kannada,Karnataka,0.12386582202315362,0.01571331831471854
873d852e5ffffff,Agra,Uttar Pradesh,0.1498755766543869,0.02895206364621485
8760ab3b6ffffff,Kolhapur,Maharashtra,0.3585578704004255,0.05344014581404892
873d06a43ffffff,Leh,Ladakh,0.08514512041675412,0.013659240415488525
873c12ad0ffffff,Rohtas,Bihar,0.08012723774354255,0.0021962102249952972
873cb10e8ffffff,Mahasamund,Chhattisgarh,0.104366493316913,0.0425717382917466
873c32389ffffff,Siddharthnagar,Uttar Pradesh,0.15974594768307787,0.041961786853493686
87609234bffffff,Betul,Madhya Pradesh,0.12691441502566625,0.0
873c19aa8ffffff,Jalpaiguri,West Bengal,0.06583057535918617,0.0775794201451353
876199492ffffff,Prakasam,Andhra Pradesh,0.07544086225986678,0.0
873d9235effffff,Dewas,Madhya Pradesh,0.10696829727322758,0.018840573472214767
876096c9cffffff,Nagpur,Maharashtra,0.11974502060436674,0.0005383000620323851
873d26a8cffffff,Leh,Ladakh,0.08232046650754996,0.020736561723482868
873d83160ffffff,Niwari,Madhya Pradesh,0.12894873912191207,0.04109340970047828
873d85aacffffff,Agra,Uttar Pradesh,0.13765426984800977,0.02684223863756752
873c889b6ffffff,Balasore,Odisha,0.09693427380355311,0.050606154425289936
873d9a18dffffff,Chhindwara,Madhya Pradesh,0.10401616898406282,0.0001484641860334925
8760264c9ffffff,Tenkasi,Tamil Nadu,0.20992459855236728,0.008047018843664298
8742e3c20ffffff,Kutch,Gujarat,0.20994899384453708,0.015801890740607984
876098d72ffffff,Jalgaon,Maharashtra,0.15012315665817152,0.021948852907503636
873db3946ffffff,Bundi,Rajasthan,0.15190257044656605,0.03996436865038545
873d8e622ffffff,Chhatarpur,Madhya Pradesh,0.15806523333693417,0.37978415197487936
876014c4cffffff,Ramanagara,Karnataka,0.17651190134518194,0.017713873002258854
873c8d214ffffff,Purba Medinipur,West Bengal,0.1213390296770172,0.5385857914575635
873ced3a1ffffff,Sivasagar,Assam,0.07180605013010506,0.0025743363255554524
876012493ffffff,Anantapur,Andhra Pradesh,0.09039093494388967,0.0027947303802953174
8742c34e0ffffff,Amreli,Gujarat,0.19862865448813485,0.06683747016639013
873d9bc94ffffff,Seoni,Madhya Pradesh,0.33305292517803786,0.003389421754558805
8742cc103ffffff,Patan,Gujarat,0.19583169939558925,0.03944936726756569
873d23b08ffffff,Leh,Ladakh,0.10870729654865946,0.017706862744730427
8760b3492ffffff,Adilabad,Telangana,0.12387491360623709,0.024718483310981955
873da10c2ffffff,Faridabad,Haryana,0.11756941963932595,0.059271369049158085
873d8d236ffffff,Gonda,Uttar Pradesh,0.1325369696601545,0.041061927175230814
8760b2c36ffffff,Gadchiroli,Maharashtra,0.0798796302845563,0.0590337032894696
876086d6dffffff,Nizamabad,Telangana,0.10735378885192218,0.014427450286903622
876013972ffffff,Chikkamagaluru,Karnataka,0.15505467769279432,0.0
873c1a126ffffff,Bhagalpur,Bihar,0.10199075225998086,0.517107791251023
873dad74affffff,Nainital,Uttarakhand,0.19288906812764284,0.019900196168985657
87424d258ffffff,Tarn Taran,Punjab,0.344687472055274,0.02942026479817052
873c110e8ffffff,Sitamarhi,Bihar,0.09055071767558523,0.0
8761aba2affffff,Nagapattinam,Tamil Nadu,0.2701347038450263,0.1391722558472689
873da32d0ffffff,Mathura,Uttar Pradesh,0.11121776447422867,0.015380889479178494
8742ed621ffffff,Barmer,Rajasthan,0.17704456149019532,0.03604104988591686
873d993b1ffffff,Katni,Madhya Pradesh,0.09769084865151509,0.06606762248028429
873c588a8ffffff,Upper Dibang Valley,Arunachal Pradesh,0.08652286555709392,0.044923863422393934
87608c131ffffff,Satara,Maharashtra,0.1807203159766646,0.0
873c9caeeffffff,Ganjam,Odisha,0.11729771138208321,0.02999226039063504
873c85304ffffff,Sundargarh,Odisha,0.05277988125139984,0.028305407121253855
876035b92ffffff,Virudhunagar,Tamil Nadu,0.24098078339586085,0.0
876031c71ffffff,Coimbatore,Tamil Nadu,0.19855881012266435,0.010462700200245194
873cc5211ffffff,Pherzawl,Manipur,0.08728830627252222,0.0359771851867651
8742c8d6bffffff,Gandhinagar,Gujarat,0.1920213313467622,0.014599298305073399
876010cf1ffffff,Tumakuru,Karnataka,0.1157138804266276,0.0
876030b0effffff,Dindigul,Tamil Nadu,0.10376279065096133,0.009604647414284483
87208a792ffffff,Leh,Ladakh,0.16183640697839116,0.02958174561765822
873ca1585ffffff,Balrampur,Chhattisgarh,0.08229034853206663,0.03107459322423178
873d32734ffffff,Gurdaspur,Punjab,0.33717866981471506,0.030220771981283378
8742c85a3ffffff,Anand,Gujarat,0.19125319197231533,0.00869629526345403
8760968a6ffffff,Nagpur,Maharashtra,0.11523032937900907,0.009621510277545708
873c94b63ffffff,Kondagaon,Chhattisgarh,0.15314144698761367,0.01589843464781999
876188046ffffff,Chittoor,Andhra Pradesh,0.12234925328836936,0.0
8742591a3ffffff,Bikaner,Rajasthan,0.175352693187,0.0
87609971effffff,Nashik,Maharashtra,0.16915737490735996,0.0313087068962648
8742c1368ffffff,Surendranagar,Gujarat,0.19190587882030163,0.04769816438256161
8742c2c51ffffff,Porbandar,Gujarat,0.18715140235027855,0.021675099226824108
873d330ddffffff,Kangra,Himachal Pradesh,0.1509154293040929,0.029471601668595897
873da5830ffffff,Hisar,Haryana,0.15393682064969746,0.012753040043954226
876086b20ffffff,Bidar,Karnataka,0.10697552864864977,0.001693199153759737
873d12505ffffff,Panipat,Haryana,0.14842782578570368,0.05907063104607545
873cec8f6ffffff,Sonitpur,Assam,0.07265723921533147,0.00235767139953563
873dacc15ffffff,Meerut,Uttar Pradesh,0.27404401532758516,0.03047303957252978
873cb5a56ffffff,Mungeli,Chhattisgarh,0.08748047843246325,0.04732994277175095
873c165b5ffffff,Bhadohi,Uttar Pradesh,0.06824619641675789,0.0
876099529ffffff,Nashik,Maharashtra,0.17223670708527478,0.005459175007635478
873db00cbffffff,Bhilwara,Rajasthan,0.14921707324851238,0.03676191300303787
873d1e7b6ffffff,Bageshwar,Uttarakhand,0.18067686774353012,0.03106263259581732
873d9845bffffff,Narsinghpur,Madhya Pradesh,0.11729152229468298,0.027274981556916475
8742dd2c4ffffff,Bharuch,Gujarat,0.27009274729468263,0.019163186270928313
873cb5105ffffff,Kabeerdham,Chhattisgarh,0.16053771657476207,0.007991415737511961
8760a6db6ffffff,Guntur,Andhra Pradesh,0.11140685718962,0.0
873c1c788ffffff,Supaul,Bihar,0.08838693223323973,0.0
87425ab49ffffff,Jodhpur,Rajasthan,0.1756485657885884,0.02263116566709956
876092d85ffffff,Chhindwara,Madhya Pradesh,0.11331306642977643,0.0
873caba52ffffff,Bankura,West Bengal,0.05606627849168241,0.006862053064009638
873c12b44ffffff,Buxar,Bihar,0.11948940409037054,0.016012173210051606
87609c564ffffff,Jalna,Maharashtra,0.13101930376921164,0.001436330727374618
873d96875ffffff,Ratlam,Madhya Pradesh,0.1748382210014045,0.01029250022265232
873c1e061ffffff,Saharsa,Bihar,0.03681192037832403,0.0
873ce3c5dffffff,South West Khasi Hills,Meghalaya,0.20890185708872877,0.0
8742c95a5ffffff,Dahod,Gujarat,0.15435045328663255,0.0356801884378791
873d13845ffffff,Tehri Garhwal,Uttarakhand,0.19133121089798538,0.036383502007827494
873cedb9dffffff,Lakhimpur,Assam,0.1148500073843772,0.0
8742c6c4bffffff,Devbhumi Dwarka,Gujarat,0.2812175408764566,0.5443704007353717
87424adabffffff,Ganganagar,Rajasthan,0.17474196374019937,0.1580432800283832
873db5cf1ffffff,Ajmer,Rajasthan,0.16247657636507784,0.033529517930535914
873db3b19ffffff,Bundi,Rajasthan,0.16680258405863405,0.017953980981918798
876085c19ffffff,Kalaburagi,Karnataka,0.10298093576948629,0.01224644015032862
87609c95bffffff,Jalna,Maharashtra,0.1559740936049494,0.0094724550967504
8760b376effffff,Adilabad,Telangana,0.10565094642792905,0.04353244501586275
873ca8116ffffff,Ramgarh,Jharkhand,0.09695068822830673,0.043069684779542164
873cb0393ffffff,Balod,Chhattisgarh,0.06256714366991584,0.06319149083613514
873db3884ffffff,Bhilwara,Rajasthan,0.15159183195253526,0.010986866827372682
876199963ffffff,S.P.S. Nellore,Andhra Pradesh,0.0859241826175913,0.0
873ce38daffffff,East Khasi Hills,Meghalaya,0.09155653289390066,0.0005149865011998662
8760a022cffffff,Kurnool,Andhra Pradesh,0.11252767687620276,0.0
87609232bffffff,Betul,Madhya Pradesh,0.12354995101986622,0.0
8742c8c56ffffff,Kheda,Gujarat,0.18870143677629309,0.009198845368149758
8742c9ca1ffffff,Mahisagar,Gujarat,0.1674685726574076,0.034015718925803504
873c5352dffffff,East Kameng,Arunachal Pradesh,0.08753663139973841,0.003107627938019618
873cc5af5ffffff,Cachar,Assam,0.08784605542816322,0.04322649095405508
876083626ffffff,Ahmednagar,Maharashtra,0.15610319821654872,0.050317605986187015
87609d559ffffff,Aurangabad,Maharashtra,0.15211847493398167,0.004430294867968175
876015119ffffff,Mysuru,Karnataka,0.18222838878955874,0.010434622795253761
873dae974ffffff,Bulandshahr,Uttar Pradesh,0.12716725268569629,0.022682708662233358
873da4311ffffff,Churu,Rajasthan,0.16261259479151763,0.013773079421586898
876015612ffffff,Hassan,Karnataka,0.11056019451623979,0.020473726522418436
873ce1cabffffff,Kamrup,Assam,0.04851963040272264,0.0
873d9ca18ffffff,Lalitpur,Uttar Pradesh,0.11453801419598955,0.06112941165555013
873cc626dffffff,South Tripura,Tripura,0.08406629707488192,0.05538828602753697
8760981b4ffffff,Jalgaon,Maharashtra,0.15319947678096968,0.02040394669190988
873ca5d1dffffff,Mirzapur,Uttar Pradesh,0.10871445923214358,0.06458257194995051
87618a923ffffff,S.P.S. Nellore,Andhra Pradesh,0.1922219727665963,0.0
8760a5285ffffff,Anantapur,Andhra Pradesh,0.11316108125308734,0.0
873ced85affffff,Lakhimpur,Assam,0.12222283640094546,0.0
873d3376cffffff,Kangra,Himachal Pradesh,0.12795995968575458,0.01838053589939643
8760b52e4ffffff,Ranga Reddy,Telangana,0.11849225253250946,0.006474894152082739
873d1564effffff,Kinnaur,Himachal Pradesh,0.1268746244184336,0.02227427367147447
873ca56e8ffffff,Sonbhadra,Uttar Pradesh,0.09842678329704808,0.09925738650377865
873c93805ffffff,Visakhapatnam,Andhra Pradesh,0.09100629413767941,0.048226229639699116
87424970affffff,Barnala,Punjab,0.29831454824503456,0.0022210794378198367
873d8e218ffffff,Banda,Uttar Pradesh,0.09693342357682017,0.0
873c130aaffffff,Jehanabad,Bihar,0.09480608617110098,0.0
873c82270ffffff,Kandhamal,Odisha,0.05291637755112571,0.019096508888864158
8742db154ffffff,Palghar,Maharashtra,0.36400013995050384,0.08473638293844805
876006d12ffffff,Palakkad,Kerala,0.21035084034266638,0.03624071139791691
873cb32c8ffffff,Nuapada,Odisha,0.18896440187680785,0.06567370323111417
873c16b74ffffff,Azamgarh,Uttar Pradesh,0.11964083318268286,0.0
873d84d34ffffff,Sawai Madhopur,Rajasthan,0.12135371667239167,0.03199713890964133
87619b092ffffff,Suryapet,Telangana,0.08537824830105667,0.0
873d95890ffffff,Jhalawar,Rajasthan,0.10631071998014001,0.02254008929810438
876083d84ffffff,Beed,Maharashtra,0.11267627564779596,0.04741581134028652
873d9d6b3ffffff,Panna,Madhya Pradesh,0.13250941558831747,0.05657788863593069
87601472affffff,Tumakuru,Karnataka,0.12045258011096084,0.016428192014103997
8760150f4ffffff,Mysuru,Karnataka,0.18222838878955874,0.010980256809021665
873d8b711ffffff,Prayagraj,Uttar Pradesh,0.12034524339242379,0.03189104556877859
873cadab0ffffff,Jamui,Bihar,0.07580906424242531,0.01955914372307599
87609eb81ffffff,Jalgaon,Maharashtra,0.10718034502989682,0.02221316824214515
873d3241affffff,Tarn Taran,Punjab,0.3191902834563347,0.02730502116566572
873c109aaffffff,Deoria,Uttar Pradesh,0.12368670880690646,0.05182922602791895
873c820deffffff,Kandhamal,Odisha,0.04252380501857237,0.0388025798527871
873c1b425ffffff,Malda,West Bengal,0.03763242966065702,0.015511214289383403
872099680ffffff,Leh,Ladakh,0.14856463467418293,0.028135519209982824
873cb63b2ffffff,Gadchiroli,Maharashtra,0.07838532138401291,0.015551263373441386
87424a428ffffff,Bikaner,Rajasthan,0.17974568372203734,0.19400860139154746
873ce011cffffff,Goalpara,Assam,0.08937488655029419,0.0
873d9e0aeffffff,Raisen,Madhya Pradesh,0.10097185847536937,0.025515086436312315
873ca67a1ffffff,Anuppur,Madhya Pradesh,0.06535050113852464,0.01138752613880278
873c8564dffffff,Sundargarh,Odisha,0.06274010360718357,0.04176860688997101
8761196d1ffffff,Tirunelveli,Tamil Nadu,0.2803325214683414,0.0
873d84b8cffffff,Karauli,Rajasthan,0.11291118183889177,0.03931841670092352
873c5bd6cffffff,Lohit,Arunachal Pradesh,0.10248077910553333,0.004945860247086053
873da02e0ffffff,Rewari,Haryana,0.11553323990988715,0.07326236860779288
876022832ffffff,Kollam,Kerala,0.24763725958676072,0.05400790500479808
8760b0363ffffff,Siddipet,Telangana,0.11677988868531171,0.016412349149395447
8760b125affffff,Sangareddy,Telangana,0.10569134776892353,0.0020311257337056027
87618dc4cffffff,Tiruvannamalai,Tamil Nadu,0.23837833529208913,0.002401021171689337
876032245ffffff,Erode,Tamil Nadu,0.21648462438763028,0.007884994095446282
87608cb72ffffff,Sangli,Maharashtra,0.1836221459481491,0.0
873d1e951ffffff,Chamoli,Uttarakhand,0.14183033118027918,0.025330711343796962
873c36018ffffff,Bahraich,Uttar Pradesh,0.14510710125374826,0.08427268664055733
876015da2ffffff,Mysuru,Karnataka,0.24824011820968964,0.008054173368653368
8742e2342ffffff,Kutch,Gujarat,0.17873603497390586,0.020937300474131018
873ce4c89ffffff,Alipurduar,West Bengal,0.07251509617988472,0.00552673685799872
873cead1affffff,Cachar,Assam,0.08434540154720443,0.011358625240841231
873c10583ffffff,Ghazipur,Uttar Pradesh,0.10722457883925234,0.0075650891612139785
873da99a6ffffff,Champawat,Uttarakhand,0.15387114162963855,0.04542016256292315
873cec745ffffff,Karbi Anglong,Assam,0.07758489687080804,0.015539666451021414
8742cd4dcffffff,Aravalli,Gujarat,0.18833055528101664,0.039224442542580916
876015a1affffff,Kannur,Kerala,0.2605457212728614,0.009526682760130861
87601635bffffff,Tumakuru,Karnataka,0.11544909520216094,0.0
8760a0408ffffff,Wanaparthy,Telangana,0.1116977767740084,0.0
87618c6d8ffffff,Ranipet,Tamil Nadu,0.13575431136083552,0.0
87608a81cffffff,Pune,Maharashtra,0.17318836338387925,0.07150579592558477
873d86414ffffff,Baran,Rajasthan,0.12483998359473168,0.03982657550177492
87608c252ffffff,Satara,Maharashtra,0.1339426602155126,0.02798263372158537
873cae62cffffff,Gumla,Jharkhand,0.06621838654128284,0.023507646535850333
873ca4a94ffffff,Sidhi,Madhya Pradesh,0.09295495921191758,0.05955159873742396
8742ddc59ffffff,Bhavnagar,Gujarat,0.19862865448813485,0.1323121638319979
87619b896ffffff,Guntur,Andhra Pradesh,0.07544086225986678,0.00337841665474408
873d31b1effffff,Leh,Ladakh,0.05890524475328048,0.017295560260220163
8760902e0ffffff,Amravati,Maharashtra,0.1089083078738934,0.008259054072166256
873d8090affffff,Morena,Madhya Pradesh,0.1142662580219325,0.038143485859801186
873c12345ffffff,Arwal,Bihar,0.06700210482697014,0.0
873caa906ffffff,Khunti,Jharkhand,0.10490693848953803,0.028291471793083424
873cb1643ffffff,Mahasamund,Chhattisgarh,0.10265493554011036,0.0600680808411763
876080851ffffff,Osmanabad,Maharashtra,0.10552833977688124,0.0
873d15c06ffffff,Mandi,Himachal Pradesh,0.14486183221078444,0.02468752846581238
873db0275ffffff,Bhilwara,Rajasthan,0.16251113693706043,0.04151970936500457
87609432effffff,Yavatmal,Maharashtra,0.11796235534241656,0.023473428231124943
87609216dffffff,Betul,Madhya Pradesh,0.21773953306307117,0.0
87611a2f1ffffff,Ramanathapuram,Tamil Nadu,0.2932433395705947,0.0
873d06170ffffff,Leh,Ladakh,0.06552424478020158,0.011006812009577562
8742eac29ffffff,Kutch,Gujarat,0.18871371094964923,0.04634447739211994
874251421ffffff,Jaisalmer,Rajasthan,0.1401212741287744,0.0
873db3051ffffff,Kota,Rajasthan,0.15424840050950706,0.02022432766370719
8760ac468ffffff,Gadag,Karnataka,0.14531178803472422,0.0
8742c242affffff,Junagadh,Gujarat,0.19005238853189094,0.021677754493627337
873da9631ffffff,Lakhimpur Kheri,Uttar Pradesh,0.15782126594644402,0.04321102787419066
8742ccaa3ffffff,Mehsana,Gujarat,0.20150818007082216,0.06300105285654145
873c1050affffff,Ballia,Uttar Pradesh,0.1117747683833177,0.024965816292074696
8760a94b4ffffff,Kolhapur,Maharashtra,0.27360932867544924,0.0
876016d09ffffff,Chikkaballapura,Karnataka,0.1176680482888806,0.0
873cb1a8dffffff,Baloda Bazar,Chhattisgarh,0.10856604181134168,0.03272785124354971
873d8895bffffff,Unnao,Uttar Pradesh,0.13266676395207871,0.10903092576078166
8720982e1ffffff,Leh,Ladakh,0.13663016155222427,0.04299727996347346
873cb321affffff,Gariaband,Chhattisgarh,0.1456999715428785,0.037046992085909225
873db63b5ffffff,Rajsamand,Rajasthan,0.1652067077037978,0.030639543984415128
873d14368ffffff,Mandi,Himachal Pradesh,0.1308746142239057,0.01867905611330709
876090098ffffff,Amravati,Maharashtra,0.10406075705805226,0.016969968114293736
873c8dcddffffff,Jhargram,West Bengal,0.0859854840933801,0.0
873d89080ffffff,Sultanpur,Uttar Pradesh,0.12034524339242379,0.18041368478813916
873ca559dffffff,Singrauli,Madhya Pradesh,0.08650414105915648,0.08086152561900008
873d35785ffffff,Kishtwar,Jammu and Kashmir,0.10750451181372356,0.014170015870584425
873ca3d86ffffff,Surguja,Chhattisgarh,0.08767781562554947,0.04782878467964618
873c53b21ffffff,Kra Daadi,Arunachal Pradesh,0.09007371364383,0.012427657298369846
873ca8d4dffffff,Hazaribagh,Jharkhand,0.09095470436209534,0.04444660709844852
873cf4065ffffff,Murshidabad,West Bengal,0.058430930853919066,0.0
873dac0d6ffffff,Sambhal,Uttar Pradesh,0.25093650147459334,0.05066575382799306
876014c92ffffff,Bengaluru Urban,Karnataka,0.11158490564727264,0.01684526442788397
873c92365ffffff,Visakhapatnam,Andhra Pradesh,0.10120976227049758,0.07498199906451078
873da6c90ffffff,Nagaur,Rajasthan,0.15694912311558773,0.0
873ce4c73ffffff,Alipurduar,West Bengal,0.07852967567306977,0.05122064863887933
87609b356ffffff,Tapi,Gujarat,0.2805142986323228,0.062298352122708144
873c538c0ffffff,Kurung Kumey,Arunachal Pradesh,0.09186115750201049,0.008985516828440983
873da0b65ffffff,Charkhi Dadri,Haryana,0.11361248895775215,0.022768308465465997
873cee05cffffff,Dima Hasao,Assam,0.03983413308676275,0.04326923901332038
873d9b25bffffff,Dindori,Madhya Pradesh,0.1664763575687726,0.010216840930373549
876084b29ffffff,Kalaburagi,Karnataka,0.10436380515573966,0.0014508205127836148
873c16a4affffff,Mau,Uttar Pradesh,0.12831090155711847,0.0
873caad84ffffff,Simdega,Jharkhand,0.07824199656321366,0.04390997858475841
8742dd6e1ffffff,Surat,Gujarat,0.32910290385832563,0.28155674218871807
8742c8b04ffffff,Aravalli,Gujarat,0.19178406627372302,0.038700530677061556
873cabc85ffffff,Saraikela-Kharsawan,Jharkhand,0.10239117480123909,0.019294006755001022
873d10913ffffff,Solan,Himachal Pradesh,0.16038852792459082,0.022517365186326205
873cee9a6ffffff,West Karbi Anglong,Assam,0.03653421053829582,0.01020726183887085
873c82432ffffff,Rayagada,Odisha,0.06318635257981203,0.1713424771723645
873d8cb5dffffff,Hardoi,Uttar Pradesh,0.15391048593601947,0.06969631578722908
873da3326ffffff,Bharatpur,Rajasthan,0.10590830896419469,0.019621488398171422
87425a38bffffff,Jodhpur,Rajasthan,0.17280895457233122,0.0
873d33036ffffff,Chamba,Himachal Pradesh,0.14308369682429992,0.019506841002858457
873c5e692ffffff,Dibrugarh,Assam,0.13149939406057065,0.0
876032c53ffffff,Salem,Tamil Nadu,0.14761754299261468,0.009311899712643524
873dab09dffffff,Hardoi,Uttar Pradesh,0.16496843322555071,0.11374711660421975
873d35760ffffff,Kargil,Ladakh,0.11628950798191823,0.014325420606009817
874249671ffffff,Sangrur,Punjab,0.3218111020585285,0.0018556650733596042
876015b54ffffff,Wayanad,Kerala,0.2946106565620241,0.03238212891191854
873cc3915ffffff,Lunglei,Mizoram,0.08965940234827283,0.0
873d99965ffffff,Panna,Madhya Pradesh,0.09495394864777582,0.11815389713948693
873d9c798ffffff,Sagar,Madhya Pradesh,0.10667270956926622,0.002491784168148563
876030109ffffff,Dindigul,Tamil Nadu,0.2465719815641685,0.0
873cb1408ffffff,Raipur,Chhattisgarh,0.1017446864520342,0.056095082777123294
873d2359dffffff,Leh,Ladakh,0.07072275733045255,0.014002774417499569
87609ed96ffffff,Amravati,Maharashtra,0.10783147244847859,0.017797648073562555
873c8e8ebffffff,Jajpur,Odisha,0.1141645006456458,0.025223907941831703
873d9d996ffffff,Chhatarpur,Madhya Pradesh,0.09489334732704721,0.04108034288727365
873d22184ffffff,Leh,Ladakh,0.09400732191207739,0.022945029163918152
873cab4b2ffffff,Mayurbhanj,Odisha,0.04052585499998855,0.04293338949819789
873d93131ffffff,Sehore,Madhya Pradesh,0.10469311925408657,0.016851483962045503
8760ab914ffffff,Belagavi,Karnataka,0.17052049867410987,0.0
873d04724ffffff,Leh,Ladakh,0.06461935462866503,0.01415817915292496
873d9d346ffffff,Panna,Madhya Pradesh,0.09634054966090908,0.04215050397049848
873d94144ffffff,Mandsaur,Madhya Pradesh,0.15159183195253526,0.02542585172690953
87609eba3ffffff,Jalgaon,Maharashtra,0.1065357644589994,0.023778080122189404
873dad730ffffff,Nainital,Uttarakhand,0.2722757626664995,0.045192234616849326
8760914a4ffffff,Amravati,Maharashtra,0.10961921815301308,0.0033801321478550525
876036054ffffff,Tiruchirappalli,Tamil Nadu,0.2787551127061625,0.0
873c32d4cffffff,Balrampur,Uttar Pradesh,0.16456773060907665,0.062086516467105946
873d046acffffff,Leh,Ladakh,0.08946769516380021,0.013659240415488525
8760b238effffff,Komaram Bheem,Telangana,0.09099530675976654,0.020529290336799202
8742d992bffffff,Bharuch,Gujarat,0.26858225174720185,0.0
876085d61ffffff,Kalaburagi,Karnataka,0.12271754962048512,0.0
87424d673ffffff,Tarn Taran,Punjab,0.32784928781931905,0.027342395739564408
87609bc92ffffff,Barwani,Madhya Pradesh,0.15039282176530677,0.007080158340622198
876092382ffffff,Betul,Madhya Pradesh,0.13076295912077732,0.0
873cc110cffffff,Champhai,Mizoram,0.08934118892764766,0.005365141670117893
873d30bacffffff,Kishtwar,Jammu and Kashmir,0.11386053562774931,0.028135519209982824
8760ae32bffffff,Bagalkote,Karnataka,0.1468746104150607,0.0
8760aa0e4ffffff,Belagavi,Karnataka,0.15079977071850265,0.0
873d99124ffffff,Satna,Madhya Pradesh,0.08893460357555012,0.10242509607905942
8742cb6dcffffff,Barwani,Madhya Pradesh,0.16026075342641666,0.0054535677448215416
873c588c5ffffff,Upper Dibang Valley,Arunachal Pradesh,0.07074421660859517,0.03921933516136463
87209b2cdffffff,Leh,Ladakh,0.14204967976888605,0.02200285183847951
873c36001ffffff,Bahraich,Uttar Pradesh,0.14510710125374826,0.08427268664055733
873db291affffff,Chittorgarh,Rajasthan,0.14366424170059322,0.011762388457648397
873cad672ffffff,Giridih,Jharkhand,0.10202836136266469,0.06697742847498292
873cb1b11ffffff,Bilaspur,Chhattisgarh,0.10416420055633423,0.051144955745977765
87609e393ffffff,Jalgaon,Maharashtra,0.16548434470818693,0.0038985105820391404
873d00489ffffff,Leh,Ladakh,0.06836812143091407,0.013659240415488525
873ced9acffffff,Lakhimpur,Assam,0.05771349943495215,0.005636721662350788
876096543ffffff,Nagpur,Maharashtra,0.10516467731024327,0.01345057745723663
873ce135affffff,Nagaon,Assam,0.06312187431526087,0.00952798295797325
87618b4eaffffff,Y.S.R. Kadapa,Andhra Pradesh,0.10990469813694638,0.0
8760104aeffffff,Chitradurga,Karnataka,0.1201556952730935,0.0
873d247a2ffffff,Leh,Ladakh,0.09366907530954624,0.014345807867532194
873d06174ffffff,Leh,Ladakh,0.06592259618431164,0.016899033191608157
876086142ffffff,Nanded,Maharashtra,0.11667817446269031,0.02948383006949489
873da288affffff,Jaipur,Rajasthan,0.15173771532956662,0.026776318317865328
87601408cffffff,Ramanagara,Karnataka,0.17422010697416992,0.01711450432497668
876188486ffffff,Chittoor,Andhra Pradesh,0.13028869740982763,0.0
876030553ffffff,Karur,Tamil Nadu,0.26863814503215744,0.0
873db0bb6ffffff,Bhilwara,Rajasthan,0.16057975316514625,0.03914109496234866
873c91626ffffff,Srikakulam,Andhra Pradesh,0.10593597107964473,0.0
873c13822ffffff,Saran,Bihar,0.09825542096097775,0.4635453259591166
873ce39a5ffffff,West Khasi Hills,Meghalaya,0.08752348709324465,0.0
8760abcd6ffffff,Kolhapur,Maharashtra,0.15645877092718,0.0
87424a2cbffffff,Hanumangarh,Rajasthan,0.16080602878164754,0.0
876080806ffffff,Latur,Maharashtra,0.10588467964827857,0.0
873c81a0bffffff,Kendujhar,Odisha,0.10181849361831864,0.03023278726544601
8742e9776ffffff,Jalore,Rajasthan,0.17852084467150298,0.0
87618a995ffffff,S.P.S. Nellore,Andhra Pradesh,0.1310373024279794,0.0
873d950aaffffff,Rajgarh,Madhya Pradesh,0.10491155240623691,0.027367777818715522
873d95a33ffffff,Baran,Rajasthan,0.10662508099685859,0.046959383907776715
873d94c09ffffff,Mandsaur,Madhya Pradesh,0.16326609142660894,0.015307654729445359
8742c9971ffffff,Dungarpur,Rajasthan,0.16149290541494554,0.046257988268791045
8760ad355ffffff,Uttara Kannada,Karnataka,0.23393604107330163,0.009967501630016293
873d95a2affffff,Baran,Rajasthan,0.09829178608642053,0.046734758076878
873cb3c21ffffff,Uttar Bastar Kanker,Chhattisgarh,0.13385454358147714,0.07235918625004512
8742c664cffffff,Devbhumi Dwarka,Gujarat,0.19569761343743047,0.05108271476754197
8760a3152ffffff,Raichur,Karnataka,0.11486441190497707,0.07326128010580388
8760a3246ffffff,Yadgir,Karnataka,0.09908121559235618,0.0
87424b5a0ffffff,Hanumangarh,Rajasthan,0.15317882361058113,0.0
873c148f2ffffff,Gorakhpur,Uttar Pradesh,0.15391048593601947,0.04266935039021995
873d98015ffffff,Damoh,Madhya Pradesh,0.11474766227422954,0.02488260711926298
8742c070dffffff,Rajkot,Gujarat,0.20414090660906342,0.047405384233718685
873d1130bffffff,Uttarkashi,Uttarakhand,0.1328667892008969,0.019476837056375318
873ce8388ffffff,Phek,Nagaland,0.06961955655988475,0.0012487192424395282
87618b19cffffff,Y.S.R. Kadapa,Andhra Pradesh,0.10839372791249165,0.0
8742ccc2bffffff,Mehsana,Gujarat,0.1941604199148858,0.03906067436543784
873ca91a2ffffff,Jamtara,Jharkhand,0.09413821575182132,0.0135260585509634
8742c6275ffffff,Jamnagar,Gujarat,0.199982682658414,0.026662838648636892
8760b5a9cffffff,Yadadri Bhuvanagiri,Telangana,0.11580657608616493,0.0
873dada84ffffff,Almora,Uttarakhand,0.19589256055374046,0.022238611987187507
876031822ffffff,Idukki,Kerala,0.2972496908434447,0.011651096713963301
8742c8515ffffff,Anand,Gujarat,0.18857787797274367,0.00869629526345403
8742c9ab6ffffff,Pratapgarh,Rajasthan,0.16385009577151902,0.03416270636260596
873c80dabffffff,Subarnapur,Odisha,0.048908372969413486,0.047069371021237316
873c0ac95ffffff,East Sikkim,Sikkim,0.11519139014451119,0.07117222634213217
873d90629ffffff,Sehore,Madhya Pradesh,0.12763983847864743,0.01505711941200134
8760a14f0ffffff,Raichur,Karnataka,0.11358023102525082,0.0
873cc6b23ffffff,Sipahijala,Tripura,0.04132450025775194,0.0
873d8b62bffffff,Prayagraj,Uttar Pradesh,0.12034524339242379,0.033475454498598387
873d8a173ffffff,Satna,Madhya Pradesh,0.11489716089313957,0.06995586526534693
8742cac5affffff,Bharuch,Gujarat,0.18906676421739194,0.0030306114924268995
873cea194ffffff,Noney,Manipur,0.08999250085732641,0.0
873cacb52ffffff,Gaya,Bihar,0.0795839878925855,0.03179580011599467
873ca4c04ffffff,Satna,Madhya Pradesh,0.03247294823721665,0.11174381324152173
8760a5a72ffffff,Anantapur,Andhra Pradesh,0.09939199216661936,0.00783875382826774
873cadcc2ffffff,Koderma,Jharkhand,0.08288806918551565,0.05154511906843634
873d94522ffffff,Ratlam,Madhya Pradesh,0.16326609142660894,0.00949596435239463
87609ed82ffffff,Burhanpur,Madhya Pradesh,0.10915605466919931,0.0019736216938029843
873ce4ce2ffffff,Alipurduar,West Bengal,0.05169785382329704,0.0025121316763419234
876014a05ffffff,Mysuru,Karnataka,0.24792296478064302,0.007534867591312507
873cadb72ffffff,Lakhisarai,Bihar,0.12522677589391773,0.0
873c51a4affffff,Upper Siang,Arunachal Pradesh,0.14053134268019948,0.003111040999481947
873daad4bffffff,Mainpuri,Uttar Pradesh,0.15817545073549483,0.0
873c0ac65ffffff,North Sikkim,Sikkim,0.10445434434970503,0.030513261179289666
87609b48affffff,Nandurbar,Maharashtra,0.1622669418029918,0.0018264744347545603
873ca3a81ffffff,Jashpur,Chhattisgarh,0.15120676534855715,0.0318660738959462
876199b6cffffff,S.P.S. Nellore,Andhra Pradesh,0.1355931682886226,0.0
87603090dffffff,Dindigul,Tamil Nadu,0.10508843983713545,0.00869038520985611
873dab64affffff,Sitapur,Uttar Pradesh,0.15391048593601947,0.10788933188222975
873d91892ffffff,Bhopal,Madhya Pradesh,0.11114763319393471,0.008916362745122888
873d35852ffffff,Leh,Ladakh,0.14652355063018346,0.02200285183847951
873c9c10bffffff,Ganjam,Odisha,0.09680758758974788,0.0466936489372775
87608e843ffffff,Pune,Maharashtra,0.14880505780834385,0.0024006225447426375
873d23119ffffff,Leh,Ladakh,0.06738608240192276,0.017706862744730427
873d83db2ffffff,Shivpuri,Madhya Pradesh,0.11708870206752946,0.031825860637331956
873db481affffff,Jodhpur,Rajasthan,0.16978591820358824,0.04989151153557229
873d104a2ffffff,Yamunanagar,Haryana,0.35598202907847304,0.041674895688305236
8760b610bffffff,Bijapur,Chhattisgarh,0.10038496443597962,0.07637208177852492
87608e42cffffff,Ahmednagar,Maharashtra,0.15184689487779485,0.04080906012941712
873c36d0affffff,Lakhimpur Kheri,Uttar Pradesh,0.141517742941759,0.04965671197733959
876095861ffffff,Nanded,Maharashtra,0.10601412688438554,0.05657408922740212
873da2c80ffffff,Jaipur,Rajasthan,0.16217934736815648,0.03546792959241289
873c1a0acffffff,Godda,Jharkhand,0.07384670861148712,0.37994805756948713
8742c2cf3ffffff,Porbandar,Gujarat,0.16617374117700034,0.021088530947862703
8761a94d1ffffff,Nagapattinam,Tamil Nadu,0.27192568183026483,0.0
87609082bffffff,Yavatmal,Maharashtra,0.12588656362511136,0.009725363695515422
8742eca70ffffff,Barmer,Rajasthan,0.17683364702538393,0.04416628061070765
873c92195ffffff,East Godavari,Andhra Pradesh,0.10280217144135173,0.03724555080713408
873db4290ffffff,Pali,Rajasthan,0.15293563077863903,0.05912878967119425
873c5b016ffffff,Changlang,Arunachal Pradesh,0.08612860798775408,0.01678714140924243
873d99c49ffffff,Katni,Madhya Pradesh,0.08661594512631364,0.06936253355848246
873dab755ffffff,Sitapur,Uttar Pradesh,0.16456773060907665,0.06576008036346402
876086a74ffffff,Latur,Maharashtra,0.10697552864864977,0.005141856022030022
873d04316ffffff,Leh,Ladakh,0.07222502254067234,0.01415817915292496
873c804e5ffffff,Boudh,Odisha,0.03322168797274129,0.06442746191519252
8760a6101ffffff,Prakasam,Andhra Pradesh,0.0943813332124211,0.0
873d84721ffffff,Karauli,Rajasthan,0.11399554347245013,0.039119145642119775
873d21630ffffff,Leh,Ladakh,0.07178228319304618,0.013659240415488525
873d902ceffffff,Sehore,Madhya Pradesh,0.12242037750193847,0.007305749199674137
873cad435ffffff,Koderma,Jharkhand,0.10139111131091379,0.07273290975057672
873c8c619ffffff,Balasore,Odisha,0.10960990600638923,0.061543854375353715
8742eb70bffffff,Banaskantha,Gujarat,0.19189943646896312,0.04812188875094549
876084b8effffff,Kalaburagi,Karnataka,0.10565094642792905,0.010955870933036143
873d892f2ffffff,Ambedkar Nagar,Uttar Pradesh,0.13039906343860835,0.0
8760b0d70ffffff,Jayashankar Bhupalapally,Telangana,0.16897073685458225,0.006851019383246218
8742ce8a9ffffff,Ahmedabad,Gujarat,0.19194641659688289,0.022292605242441817
876030421ffffff,Karur,Tamil Nadu,0.2638074104259104,0.0
873d8306affffff,Jhansi,Uttar Pradesh,0.15102918818589423,0.01461920521406459
8760acd65ffffff,Ballari,Karnataka,0.10835097161377097,0.0
873d92488ffffff,Khargone,Madhya Pradesh,0.10735165401724077,0.018309442748277054
873ca3042ffffff,Jashpur,Chhattisgarh,0.13825238257629166,0.03912392491086965
873d90686ffffff,Sehore,Madhya Pradesh,0.11593022115130577,0.003889446054431235
873cc5a9affffff,Cachar,Assam,0.08786997357268392,0.04843365308719963
873d0485cffffff,Leh,Ladakh,0.07695150750972365,0.015010873921621853
873d908e2ffffff,Shajapur,Madhya Pradesh,0.12488766219376396,0.003563913814316616
873da2ab3ffffff,Jaipur,Rajasthan,0.10600993233527506,0.026440030249357472
873c0e6cdffffff,North Sikkim,Sikkim,0.08027709196826882,0.011822580725670261
873d158b1ffffff,Kullu,Himachal Pradesh,0.13213867281640496,0.019448579784820397
873d83a72ffffff,Jhansi,Uttar Pradesh,0.10947751279128434,0.4072923704296146
873da40a1ffffff,Churu,Rajasthan,0.16221452879613402,0.0
873c8d9aaffffff,Paschim Medinipur,West Bengal,0.08522783504592718,0.018995900083762493
873cebd89ffffff,Ukhrul,Manipur,0.0873597211608126,0.0
87425eb19ffffff,Jaisalmer,Rajasthan,0.17572326576007546,0.0
8742ce098ffffff,Ahmedabad,Gujarat,0.195557521531599,0.03333969384629782
873ca475affffff,Sidhi,Madhya Pradesh,0.09047189720510215,0.07562018913915487
873d318eaffffff,Kargil,Ladakh,0.06140173176745422,0.018347250464454967
873d362adffffff,Jammu,Jammu and Kashmir,0.1780555486555556,0.03906378517528965
876189b22ffffff,Krishnagiri,Tamil Nadu,0.18556974943602192,0.007454823347762352
8742ca201ffffff,Chhota Udaipur,Gujarat,0.18767864653560162,0.019928013468752503
876098261ffffff,Nashik,Maharashtra,0.1552009269807266,0.005634659648375597
873c9c325ffffff,Ganjam,Odisha,0.1154574610186012,0.026223305534805882
876094021ffffff,Yavatmal,Maharashtra,0.11563322877301978,0.017004854118379098
873d146c1ffffff,Panchkula,Haryana,0.26913839492397207,0.02369583442167195
87208a4b6ffffff,Leh,Ladakh,0.16833054289748925,0.028135519209982824
87609a316ffffff,Barwani,Madhya Pradesh,0.15482347874174515,0.015736933592662112
873d058aaffffff,Leh,Ladakh,0.08966710648396262,0.017752054705412308
8742c18a3ffffff,Kutch,Gujarat,0.1916253104666935,0.02874788454222117
8760a4699ffffff,Kurnool,Andhra Pradesh,0.11655599437887108,0.0
87425e825ffffff,Jaisalmer,Rajasthan,0.16268518557775333,0.0
87619aa02ffffff,Krishna,Andhra Pradesh,0.07501480697805898,0.012423415938880585
873c81380ffffff,Kendujhar,Odisha,0.05847826090000008,0.0738650199856587
873d33291ffffff,Kullu,Himachal Pradesh,0.145563803983238,0.020164134488577075
873d852dbffffff,Bhind,Madhya Pradesh,0.1399518051827756,0.03276725319695095
873ca4d53ffffff,Satna,Madhya Pradesh,0.09731066471419048,0.08362640400646523
8760990c1ffffff,Nashik,Maharashtra,0.2913097405997098,0.035989182670717094
8760a3a40ffffff,Raichur,Karnataka,0.10032969512582258,0.0
873c818d3ffffff,Sundargarh,Odisha,0.08375380621834766,0.046032489421694855
873cc5702ffffff,Kolasib,Mizoram,0.07671782838678508,0.03454337520531498
87609bb51ffffff,Dhule,Maharashtra,0.2707709469331781,0.029299227976412098
873d81340ffffff,Jalaun,Uttar Pradesh,0.2644798523828394,0.0
87618a60effffff,S.P.S. Nellore,Andhra Pradesh,0.10643834733206152,0.0
876086605ffffff,Nanded,Maharashtra,0.10606960797219593,0.06621544409389173
8742587b1ffffff,Jodhpur,Rajasthan,0.17142083313044323,0.0
87601420bffffff,Mandya,Karnataka,0.11000817859231647,0.018138481375970242
876099933ffffff,Ahmednagar,Maharashtra,0.15219424645177088,0.00508211280039899
8742c5632ffffff,Kutch,Gujarat,0.1941604199148858,0.04348678947500131
876012193ffffff,Chitradurga,Karnataka,0.10649042536661545,0.0031663600903979725
873d88244ffffff,Pratapgarh,Uttar Pradesh,0.05550752691544995,0.06752782893110619
873d826abffffff,Ashoknagar,Madhya Pradesh,0.09953043529999317,0.037128118239885884
8760a5466ffffff,Anantapur,Andhra Pradesh,0.10970230285300699,0.0
873c86c34ffffff,Nuapada,Odisha,0.10204942757194163,0.06817505362170366
873c16905ffffff,Azamgarh,Uttar Pradesh,0.13330004962022074,0.007178099802850387
873d860e3ffffff,Baran,Rajasthan,0.09866067184576698,0.050426787904334365
87424b2d2ffffff,Fatehabad,Haryana,0.15490495262782045,0.013399735145114416
873ca0c5cffffff,Koriya,Chhattisgarh,0.10112819476841262,0.015083659630522625
873d84ab2ffffff,Karauli,Rajasthan,0.11399554347245013,0.04129891587092471
873d3124bffffff,Leh,Ladakh,0.0669351613670076,0.011006812009577562
873c15454ffffff,West Champaran,Bihar,0.11486521134015858,0.0
873d1e45effffff,Chamoli,Uttarakhand,0.13445131946937455,0.03024411625635906
873d90ac0ffffff,Rajgarh,Madhya Pradesh,0.11507602342175892,0.01891370657034118
876011c49ffffff,Dakshina Kannada,Karnataka,0.31820402426299527,0.021861738105427176
873c90ceeffffff,Malkangiri,Odisha,0.052282994709524806,0.1147774562140609
8760983a9ffffff,Dhule,Maharashtra,0.15308922220983331,0.017744744340215887
873ca0adaffffff,Surajpur,Chhattisgarh,0.09376458250098677,0.04935273785473697
874253499ffffff,Jaisalmer,Rajasthan,0.17662310882379276,0.0
873cae141ffffff,Lohardaga,Jharkhand,0.08113707374103522,0.020371909651086133
873ca06f4ffffff,Surajpur,Chhattisgarh,0.09322654851019736,0.0406905976098042
873ca9a8affffff,Dumka,Jharkhand,0.09458681549584863,0.056318358697814465
87618b8b5ffffff,Chittoor,Andhra Pradesh,0.11218065910306398,0.0
874269253ffffff,Mirpur,Jammu and Kashmir,0.1958484223584597,0.05217569872738838
873d2365affffff,Leh,Ladakh,0.0876166900616411,0.017576262708464546
873d9425bffffff,Agar Malwa,Madhya Pradesh,0.10497873596721763,0.01843870799403646
87618d40effffff,Tiruvannamalai,Tamil Nadu,0.16696727185662807,0.011547896700845361
8742eca66ffffff,Barmer,Rajasthan,0.17516368573078603,0.04416628061070765
8742e83a1ffffff,Barmer,Rajasthan,0.17237935864662224,0.0
873ca9012ffffff,Paschim Bardhaman,West Bengal,0.05157810685853527,0.03271342662021024
876030140ffffff,Dindigul,Tamil Nadu,0.24131072389155492,0.0
87609c2dcffffff,Aurangabad,Maharashtra,0.19883355108528913,0.0
8742ea6c3ffffff,Patan,Gujarat,0.19329968210134124,0.07630893079268146
8760b2a0cffffff,Mancherial,Telangana,0.11232031950702075,0.062028467065461945
8742eaa86ffffff,Vav-Tharad,Gujarat,0.19183863870713036,0.0
8742c68abffffff,Devbhumi Dwarka,Gujarat,0.30954273852721736,0.14210354457453395
873cc31a5ffffff,Saiha,Mizoram,0.07352839156855048,0.006927340713893764
876031cf1ffffff,Coimbatore,Tamil Nadu,0.19930597621277896,0.012868080048430264
8760ae396ffffff,Bagalkote,Karnataka,0.155343655973873,0.0
8760b3214ffffff,Nirmal,Telangana,0.10565094642792905,0.0571049104728175
8760abc81ffffff,Kolhapur,Maharashtra,0.15624052396480326,0.0
8742dc090ffffff,Gir Somnath,Gujarat,0.19422500781016142,0.06491768498957044
8760aa4c8ffffff,Solapur,Maharashtra,0.1621983020964861,0.0
8760aab44ffffff,Belagavi,Karnataka,0.15264984293062667,0.0
8760a6742ffffff,Nagarkurnool,Telangana,0.11261068793523793,0.0
873db26eaffffff,Mandsaur,Madhya Pradesh,0.15159183195253526,0.025528977440458994
873d9a62effffff,Seoni,Madhya Pradesh,0.12945331098071505,0.0
873cb200dffffff,Uttar Bastar Kanker,Chhattisgarh,0.1094731441829662,0.05948772832828916
873d1021affffff,Tehri Garhwal,Uttarakhand,0.31181069739474815,0.03569828472621616
873d30a1dffffff,Kishtwar,Jammu and Kashmir,0.13565472477841384,0.022816650874348813
87609cd48ffffff,Buldhana,Maharashtra,0.10847330540285222,0.004721912237071211
873c10a31ffffff,Gopalganj,Bihar,0.12546024380961704,0.0
8760b4840ffffff,Khammam,Telangana,0.09111127637753719,0.028340519833010693
873da1536ffffff,Rewari,Haryana,0.11665722347297647,0.07007176542947986
8742c06d9ffffff,Rajkot,Gujarat,0.19814789812900643,0.04726527411428915
876084ce9ffffff,Sangareddy,Telangana,0.1156672318234734,0.0
873d81026ffffff,Bhind,Madhya Pradesh,0.12615899005063824,0.4281185895413926
87425c2e5ffffff,Bikaner,Rajasthan,0.15775276595795612,0.13273857831740365
873c5c701ffffff,Upper Siang,Arunachal Pradesh,0.08956542458707395,0.029746565693805217
873c86c43ffffff,Nuapada,Odisha,0.10715625792341718,0.06095230751220947
873cb04b3ffffff,Rajnandgaon,Chhattisgarh,0.12352135572324369,0.06084471302969447
873d03d35ffffff,Leh,Ladakh,0.07455372076960515,0.018705696134990814
87609b58effffff,Nandurbar,Maharashtra,0.1662879196277193,0.0011348619745973443
873d30d4bffffff,Udhampur,Jammu and Kashmir,0.12421094917678747,0.025894571193784813
873d808f4ffffff,Morena,Madhya Pradesh,0.10866191953747775,0.051290651743425134
873db6602ffffff,Udaipur,Rajasthan,0.15677900761545427,0.032628136342148596
873d9d84cffffff,Chhatarpur,Madhya Pradesh,0.2640009978682287,0.05921877713645091
8742ca48affffff,Bharuch,Gujarat,0.19311893994357132,0.006771828047691857
87425e330ffffff,Jodhpur,Rajasthan,0.16152832715564924,0.0
873ca54dbffffff,Sonbhadra,Uttar Pradesh,0.11906106251269755,0.05078137556389449
873cae959ffffff,Latehar,Jharkhand,0.1350248546875424,0.041585824139001054
873ced90cffffff,Lakhimpur,Assam,0.03751603500061783,0.014337651720510214
873d8a029ffffff,Chitrakoot,Uttar Pradesh,0.11284192144317694,0.06995586526534693
873d99b82ffffff,Satna,Madhya Pradesh,0.10436175000495893,0.10989689900808046
873c8ad04ffffff,Jagatsinghpur,Odisha,0.11768424400402192,0.16727840915464906
8742e816cffffff,Barmer,Rajasthan,0.17303557639137096,0.03915811884002186
873ce044effffff,East Garo Hills,Meghalaya,0.028552575992792113,0.01103103024562498
873d9e831ffffff,Raisen,Madhya Pradesh,0.12027252188631116,0.008801463624956424
87608648affffff,Nanded,Maharashtra,0.10637046675578286,0.047524979785174004
873d847b0ffffff,Sheopur,Madhya Pradesh,0.1125918863872848,0.04238284873479595
873cea5b5ffffff,Pherzawl,Manipur,0.0656778406668329,0.003327876713398218
873d8bae9ffffff,Jaunpur,Uttar Pradesh,0.12789740778145398,0.15435953032841343
8760132e3ffffff,Shivamogga,Karnataka,0.1496135785539437,0.019148430263571235
8760ab46affffff,Kolhapur,Maharashtra,0.2776291139959781,0.0
876030472ffffff,Erode,Tamil Nadu,0.26322638929432784,0.0
8760150b1ffffff,Mysuru,Karnataka,0.18289299494550187,0.011062195593713358
873ca8da4ffffff,Ranchi,Jharkhand,0.08299234728709809,0.020684642235112155
8742e8b5effffff,Barmer,Rajasthan,0.17154864574026993,0.039123664344911616
873d8b041ffffff,Prayagraj,Uttar Pradesh,0.08591795473675379,0.0
873d95a54ffffff,Baran,Rajasthan,0.09960133060330766,0.03714007851276254
873d930cbffffff,Hoshangabad,Madhya Pradesh,0.10469311925408657,0.021134558692333123
876033758ffffff,Chamarajanagara,Karnataka,0.2658039954016938,0.007339107599672384
876198518ffffff,Krishna,Andhra Pradesh,0.0913003989699361,0.0
873d04d5effffff,Leh,Ladakh,0.07697678315873469,0.014047639633074198
873c152b6ffffff,East Champaran,Bihar,0.15363887405917082,0.0
873ca50c4ffffff,Sonbhadra,Uttar Pradesh,0.1275874210107173,0.08506599979768621
8742c02b4ffffff,Morbi,Gujarat,0.19121899350894528,0.04413509319780254
873da10ebffffff,Faridabad,Haryana,0.13357799813139343,0.05143289664193314
873d91108ffffff,Vidisha,Madhya Pradesh,0.11135132432737023,0.010598542612432602
873d810b3ffffff,Bhind,Madhya Pradesh,0.12615899005063824,0.5902073424350778
876015830ffffff,Mysuru,Karnataka,0.15464785019766178,0.009467451107782238
873cb12c4ffffff,Mahasamund,Chhattisgarh,0.10695545789576583,0.06304453650153197
873d0499effffff,Leh,Ladakh,0.0713494723164977,0.011006812009577562
873ca3864ffffff,Balrampur,Chhattisgarh,0.06507579660591073,0.033887924183928414
876092545ffffff,Chhindwara,Madhya Pradesh,0.22405573587016892,0.0
8760a3660ffffff,Kalaburagi,Karnataka,0.10999347177659985,0.0
87425ad66ffffff,Jodhpur,Rajasthan,0.1776033654987517,0.003803850824403255
873c8691bffffff,Nuapada,Odisha,0.10432860499858342,0.06108936827329908
8760abb51ffffff,Sindhudurg,Maharashtra,0.14928023903775875,0.045468188683894996
873cec45affffff,Karbi Anglong,Assam,0.08518973994174188,0.0
873c9672dffffff,Malkangiri,Odisha,0.08498824074678686,0.02470731159552483
8760a8334ffffff,Belagavi,Karnataka,0.17112867733811915,0.0
8742ea8a0ffffff,Kutch,Gujarat,0.18769055659162487,0.04553367564257198
873d9b6edffffff,Mandla,Madhya Pradesh,0.26457275918438183,0.0062499087858468826
873d0018affffff,Leh,Ladakh,0.06850711368868832,0.01415817915292496
8760a0604ffffff,Jogulamba Gadwal,Telangana,0.11114396143939478,0.0
8760a0b1bffffff,Kurnool,Andhra Pradesh,0.10588685898940321,0.0
873c13051ffffff,Nalanda,Bihar,0.09524586723376191,0.0
873da4584ffffff,Churu,Rajasthan,0.16192519540670397,0.005993122199771355
873cf42c3ffffff,Murshidabad,West Bengal,0.06556796937099904,0.0
876088c32ffffff,Pune,Maharashtra,0.17213742379569616,0.0335125397633189
873ce4ce8ffffff,Alipurduar,West Bengal,0.08347666126978495,0.0056682763357909696
873c84a0affffff,Raigarh,Chhattisgarh,0.09223443652813454,0.05743373697157255
873d20cc0ffffff,Leh,Ladakh,0.070419507883885,0.02278962442849276
876036691ffffff,Salem,Tamil Nadu,0.15642041799188422,0.00907139018312674
873d9569effffff,Rajgarh,Madhya Pradesh,0.10061792421556147,0.014019007909026892
873d96518ffffff,Dhar,Madhya Pradesh,0.16389046979389574,0.012657080496542492
873caa612ffffff,Kendujhar,Odisha,0.05972914867393972,0.04398960119620033
876086684ffffff,Nanded,Maharashtra,0.10846689418636664,0.0625408892806708
874253859ffffff,Jaisalmer,Rajasthan,0.16676405050531598,0.0
874258a36ffffff,Bikaner,Rajasthan,0.20073007781509505,0.0
873c9125affffff,Gajapati,Odisha,0.08951586398566007,0.009024500983225579
873d90498ffffff,Dewas,Madhya Pradesh,0.12802030845187737,0.0024071763493922543
873ca2152ffffff,Korba,Chhattisgarh,0.10335281968443152,0.015591568570909752
873c18acdffffff,Kishanganj,Bihar,0.035759233234074615,0.052236283962770975
873db20e4ffffff,Pratapgarh,Rajasthan,0.15055680638284397,0.018739617022801847
8760146caffffff,Tumakuru,Karnataka,0.12068709374984538,0.023313583385933295
876013154ffffff,Shivamogga,Karnataka,0.16984264480532776,0.0
87619955bffffff,Prakasam,Andhra Pradesh,0.13899119773915242,0.0
8760a465cffffff,Kurnool,Andhra Pradesh,0.10983209714493124,0.0
876084805ffffff,Kalaburagi,Karnataka,0.10137678185202029,0.007716957676179207
873c80534ffffff,Balangir,Odisha,0.14215039525222956,0.04825238637759856
8760a6798ffffff,Nalgonda,Telangana,0.12538801768998695,0.0
8742e9941ffffff,Barmer,Rajasthan,0.18024285528559247,0.15355257150829751
874249a36ffffff,Jalandhar,Punjab,0.3626908756135571,0.02912952480413149
873d84522ffffff,Sawai Madhopur,Rajasthan,0.11947827820710874,0.04245591023056485
873c15622ffffff,West Champaran,Bihar,0.12279748848877842,0.0
8764e6cc9ffffff,North and Middle Andaman,Andaman and Nicobar Islands,0.07368552611512379,0.04361430418494386
8742ed085ffffff,Barmer,Rajasthan,0.17818863519634065,0.04835659513120596
873c8ccdeffffff,Kendujhar,Odisha,0.11687750100046919,0.037376125297241374
873c84193ffffff,Raigarh,Chhattisgarh,0.12633564487028082,0.05432357568521436
873c88da8ffffff,Bhadrak,Odisha,0.11191526654186364,0.019171851397255586
8742c58c2ffffff,Kutch,Gujarat,0.19126129824940424,0.045585443110382026
8760869a4ffffff,Kamareddy,Telangana,0.10697552864864977,0.013604886496947436
876090a34ffffff,Amravati,Maharashtra,0.12997590435636672,0.0027397369665313107
873d06c89ffffff,Lahaul and Spiti,Himachal Pradesh,0.07568202491465803,0.013194944864377302
873c9e96effffff,Srikakulam,Andhra Pradesh,0.13510094984282164,0.0
87208ac85ffffff,Leh,Ladakh,0.1687286088928729,0.028135519209982824
873d8e711ffffff,Chhatarpur,Madhya Pradesh,0.15806523333693417,0.0
873d8e269ffffff,Fatehpur,Uttar Pradesh,0.1198259002790346,0.4366915399085737
8760b64a1ffffff,Bijapur,Chhattisgarh,0.0878719265300063,0.09772550573078435
873ce3116ffffff,South West Khasi Hills,Meghalaya,0.20856658172452208,0.0
873d046edffffff,Leh,Ladakh,0.0889521474819866,0.011814641562699832
873cae398ffffff,Ranchi,Jharkhand,0.09486301294725978,0.02248282323349186
873c81494ffffff,Angul,Odisha,0.07354276023453811,0.050256687549404024
873c1b482ffffff,Malda,West Bengal,0.04047803233773862,0.004857897174024401
8742c2c1dffffff,Porbandar,Gujarat,0.30413488832096397,0.021925435732030537
876083202ffffff,Beed,Maharashtra,0.17527673577199318,0.039782977683424536
873db4490ffffff,Pali,Rajasthan,0.18331422048643675,0.04238688414829178
87618db58ffffff,Kallakurichi,Tamil Nadu,0.2385087315759573,0.00837933046591219
876096024ffffff,Nagpur,Maharashtra,0.11481166783474218,0.008042544933955367
873cf201bffffff,South 24 Parganas,West Bengal,0.09682989729164711,0.4687772798784889
87609c803ffffff,Jalna,Maharashtra,0.1010526647302313,0.02387120625562408
873d91958ffffff,Vidisha,Madhya Pradesh,0.12141873538922321,0.04961989698773902
8742dd9a2ffffff,Bhavnagar,Gujarat,0.20046343901754243,0.020374445074658062
876082d89ffffff,Hingoli,Maharashtra,0.10569134776892353,0.051014196709387866
8742d9923ffffff,Bharuch,Gujarat,0.26858225174720185,0.04467676498931445
876013d2affffff,Chitradurga,Karnataka,0.11472865961247429,0.0
8742cba46ffffff,Jhabua,Madhya Pradesh,0.15387418439835138,0.016270025734999503
873d050f0ffffff,Leh,Ladakh,0.0949765619939966,0.011990433559647594
873db3371ffffff,Kota,Rajasthan,0.11499727850936188,0.03195597221531627
873d154c0ffffff,Shimla,Himachal Pradesh,0.13166664614589338,0.021643506037095306
873d98581ffffff,Narsinghpur,Madhya Pradesh,0.11428274073131559,0.02716006597836231
873ce4d84ffffff,Alipurduar,West Bengal,0.06391840484165168,0.09184112093067086
873db24b1ffffff,Pratapgarh,Rajasthan,0.1617854531392875,0.04920804263690242
873cb0346ffffff,Durg,Chhattisgarh,0.14197527375308994,0.05757614370213507
87425adb3ffffff,Jaisalmer,Rajasthan,0.17876245131232396,0.006418068814529805
8742c1294ffffff,Surendranagar,Gujarat,0.1941843380594065,0.04065110276137583
87608c4f5ffffff,Satara,Maharashtra,0.15793310516884834,0.0062979639853866475
873db1349ffffff,Sawai Madhopur,Rajasthan,0.12116311650258771,0.0359979175838955
87609380dffffff,Amravati,Maharashtra,0.10470533762894965,0.01207973567839355
873d31d66ffffff,Kishtwar,Jammu and Kashmir,0.06587876060262263,0.014325420606009817
8742c9865ffffff,Dungarpur,Rajasthan,0.16131035979882868,0.04065598264021358
876084389ffffff,Bidar,Karnataka,0.10411379263308572,0.0
873d14a28ffffff,Mandi,Himachal Pradesh,0.18032193891088877,0.019309557413200767
8760ac595ffffff,Koppal,Karnataka,0.09205650965799857,0.0
876086aeaffffff,Latur,Maharashtra,0.10697552864864977,0.006615400663577526
873cea859ffffff,Kangpokpi,Manipur,0.09461322717896056,0.0
873d1384bffffff,Tehri Garhwal,Uttarakhand,0.17715559675561474,0.035809310022391745
8760a3676ffffff,Kalaburagi,Karnataka,0.10999347177659985,0.00926233410056082
873c8502affffff,Sundargarh,Odisha,0.13674593054451456,0.0679181243646246
8742eb003ffffff,Sirohi,Rajasthan,0.19730549137387282,0.06219156697997504
8760b2269ffffff,Komaram Bheem,Telangana,0.2769956268205741,0.04679391517553682
873d1ead8ffffff,Pithoragarh,Uttarakhand,0.10266553926747166,0.031847960103123164
873c9149affffff,Vizianagaram,Andhra Pradesh,0.1020536723554227,0.06027173592500321
873c9548cffffff,Koraput,Odisha,0.0963564821125372,0.12330482990167727
873c820e9ffffff,Kandhamal,Odisha,0.1866737501743329,0.04179842949507862
873cb66caffffff,Gadchiroli,Maharashtra,0.06158573239665271,0.05733683597849998
8760943b2ffffff,Yavatmal,Maharashtra,0.12729102411783463,0.022117460415228486
873cb61b5ffffff,Chandrapur,Maharashtra,0.13791735322681653,0.012992592271159377
873d90c12ffffff,Dewas,Madhya Pradesh,0.1263366052131498,0.0037272790590527176
8742e8c28ffffff,Barmer,Rajasthan,0.1844582162109103,0.019827831668363466
873d02c94ffffff,Kinnaur,Himachal Pradesh,0.1529509206208175,0.019910715537770404
873d96775ffffff,Indore,Madhya Pradesh,0.17396427032067563,0.006869682019047329
8760ac09effffff,Gadag,Karnataka,0.14531178803472422,0.0
873ce139dffffff,Morigaon,Assam,0.08272865292380632,0.02485255022833873
873c11482ffffff,Vaishali,Bihar,0.07044804210756637,0.0
8742c1b04ffffff,Kutch,Gujarat,0.19190587882030163,0.044892733974911045
8742cad63ffffff,Bharuch,Gujarat,0.19543433514061886,0.020867579789400594
87608c876ffffff,Sangli,Maharashtra,0.17524972547352824,0.0
873c9dc60ffffff,Puri,Odisha,0.11942624180557705,0.04654584509092371
873ce4211ffffff,Kokrajhar,Assam,0.07175851771913223,0.027606254817061793
873d34353ffffff,Shopiyan,Jammu and Kashmir,0.12394491811580181,0.016600532331244883
873c860abffffff,Balangir,Odisha,0.11753869275606817,0.05277237474752482
873dad616ffffff,Udham Singh Nagar,Uttarakhand,0.36837193193053913,0.04094650817532352
873db4a6effffff,Nagaur,Rajasthan,0.16504738233622296,0.03200725364820539
876090859ffffff,Yavatmal,Maharashtra,0.13164198413720013,0.0035475665196535795
873d33b96ffffff,Chamba,Himachal Pradesh,0.06433211859281403,0.012537651378658685
873dabda1ffffff,Hardoi,Uttar Pradesh,0.30629026916821056,0.026368561422797854
873db0aeaffffff,Bhilwara,Rajasthan,0.15982563973900676,0.04855407696740648
8760148d3ffffff,Mandya,Karnataka,0.24957032611682578,0.009570093042529907
876013088ffffff,Davanagere,Karnataka,0.16772630540999592,0.0
8760846e2ffffff,Bidar,Karnataka,0.10562702828340836,0.0
873ca4660ffffff,Sidhi,Madhya Pradesh,0.08886332442782705,0.07318422570832389
87609844cffffff,Jalgaon,Maharashtra,0.17294519865476216,0.004348165897821504
873d98295ffffff,Jabalpur,Madhya Pradesh,0.09680096803570704,0.028179177798991803
8760ae1a5ffffff,Bagalkote,Karnataka,0.10120498929591468,0.0
87619a8b1ffffff,West Godavari,Andhra Pradesh,0.08544435191149986,0.0
873d81b93ffffff,Bhind,Madhya Pradesh,0.12932351927480018,0.45748649574668104
8760add36ffffff,Haveri,Karnataka,0.17227549671766315,0.0
873c9504dffffff,Kalahandi,Odisha,0.059327429509988656,0.09284005116220229
8760ab84cffffff,Kolhapur,Maharashtra,0.3160491679049181,0.01674297161076296
873d12629ffffff,Muzaffarnagar,Uttar Pradesh,0.2739149107159859,0.040257787026123405
873c94366ffffff,Bastar,Chhattisgarh,0.10641493979055244,0.07511557126347508
8742eb20cffffff,Sirohi,Rajasthan,0.17286699631040606,0.03458085122606974
873ced8d2ffffff,Lakhimpur,Assam,0.09859129875116136,0.0
876030440ffffff,Erode,Tamil Nadu,0.2638939080738733,0.0
87609534cffffff,Hingoli,Maharashtra,0.10565094642792905,0.013526047863273008
8760a5a8affffff,Anantapur,Andhra Pradesh,0.11887243687771241,0.0
873c14a99ffffff,Kushinagar,Uttar Pradesh,0.13110628263610347,0.04404416961794777
876094450ffffff,Wardha,Maharashtra,0.14724110009633068,0.010993062299707574
876083110ffffff,Beed,Maharashtra,0.1488239257266861,0.04212155784661298
874259923ffffff,Bikaner,Rajasthan,0.1699548494189591,0.17162125094485556
873c82c99ffffff,Kalahandi,Odisha,0.05291637755112571,0.07768162963579926
8761998daffffff,Prakasam,Andhra Pradesh,0.1833860406945585,0.0
873d96023ffffff,Ujjain,Madhya Pradesh,0.17436968301713915,0.008189784728707794
873d880ceffffff,Rae Bareli,Uttar Pradesh,0.12256319956583793,0.0
872098a0effffff,Leh,Ladakh,0.1718098712698854,0.05002339835838892
873d81116ffffff,Bhind,Madhya Pradesh,0.11750375048112334,0.0908526433058367
873db2905ffffff,Udaipur,Rajasthan,0.14328566791346628,0.010348487496513126
876094674ffffff,Yavatmal,Maharashtra,0.14816310889151507,0.008637920141101985
873c1562affffff,East Champaran,Bihar,0.12567182944245417,0.0
873da598cffffff,Hisar,Haryana,0.1550340572394197,0.015724364717703925
873ceea2effffff,Karbi Anglong,Assam,0.036586518645455486,0.007620331677882716
873daa270ffffff,Hardoi,Uttar Pradesh,0.20403901414879277,0.02756848643704148
8760a3cf1ffffff,Yadgir,Karnataka,0.11188019252632124,0.0
873d89023ffffff,Sultanpur,Uttar Pradesh,0.05772548308886409,0.0
873d8e69effffff,Chhatarpur,Madhya Pradesh,0.1366789594220552,0.1291984760996035
873da10c1ffffff,Faridabad,Haryana,0.11756941963932595,0.059271369049158085
873cf250dffffff,South 24 Parganas,West Bengal,0.08692388660074672,0.6304597844744189
873d932abffffff,Hoshangabad,Madhya Pradesh,0.11836953968440184,0.004335861297880156
8760a3a63ffffff,Raichur,Karnataka,0.10059185688059745,0.0
873ca42a5ffffff,Singrauli,Madhya Pradesh,0.08872209723257062,0.07536999522518519
873d9ec58ffffff,Raisen,Madhya Pradesh,0.10012745865830402,0.04770966405985999
873cb08f2ffffff,Rajnandgaon,Chhattisgarh,0.08070429881580711,0.06237920300902228
8742e3c64ffffff,Kutch,Gujarat,0.20827462220988935,0.015853542378645537
873d8e2a9ffffff,Banda,Uttar Pradesh,0.07560841082956596,0.4394687615806775
873dabdaaffffff,Hardoi,Uttar Pradesh,0.3470280530563943,0.026368561422797854
873c81a54ffffff,Kendujhar,Odisha,0.10181849361831864,0.03023278726544601
873ca34a2ffffff,Raigarh,Chhattisgarh,0.08081173269592495,0.05169795701912386
8742ec8f4ffffff,Barmer,Rajasthan,0.17264250312353813,0.0
8760b4b5effffff,Khammam,Telangana,0.07814493942800235,0.0
8760aa154ffffff,Belagavi,Karnataka,0.15610319821654872,0.0
873d85861ffffff,Agra,Uttar Pradesh,0.13354671453210154,0.015088884691843857
873d13b9effffff,Tehri Garhwal,Uttarakhand,0.12741346211620894,0.030680993894787387
8760a5329ffffff,Anantapur,Andhra Pradesh,0.09939199216661936,0.005562620731156011
8742c1a4effffff,Patan,Gujarat,0.1916253104666935,0.029017293393934673
876015a85ffffff,Kodagu,Karnataka,0.20671315180583,0.008897881583499084
873db16c6ffffff,Bundi,Rajasthan,0.12264233348635267,0.03129506957019355
8760b4c20ffffff,Bhadradri Kothagudem,Telangana,0.13797725308146458,0.01407774395190983
874248776ffffff,Fazilka,Punjab,0.3059028534514244,0.0
87619b644ffffff,Nalgonda,Telangana,0.11799811858985815,0.0
876094b92ffffff,Yavatmal,Maharashtra,0.11326634711574271,0.024718483310981955
873ca225cffffff,Korba,Chhattisgarh,0.1732760689778822,0.035456511635327856
873ce6320ffffff,South Salmara Mankachar,Assam,0.05679563195726148,0.0
873c86376ffffff,Balangir,Odisha,0.10316000456507422,0.0553761532234698
8760b00f5ffffff,Peddapalli,Telangana,0.1281273417876007,0.007396181246812924
873c18d83ffffff,Madhepura,Bihar,0.0257075720237909,0.0
873ca47a1ffffff,Sidhi,Madhya Pradesh,0.10417541174706091,0.036998167846520956
876082505ffffff,Hingoli,Maharashtra,0.10565094642792905,0.02181098415712066
873d326d6ffffff,Jalandhar,Punjab,0.3611034545255602,0.030867637786148348
873c8499affffff,Janjgir Champa,Chhattisgarh,0.1030373198031173,0.054594421578810275
8760a064effffff,Raichur,Karnataka,0.09576364536646556,0.01114855394084488
876015392ffffff,Kodagu,Karnataka,0.23300310961140977,0.01125561786308823
8742c8b5dffffff,Aravalli,Gujarat,0.1891720014745386,0.04757005512212867
872099110ffffff,Leh,Ladakh,0.1759174727959575,0.029094956312004868
876092b40ffffff,Betul,Madhya Pradesh,0.12581864320628017,0.0
873c80adbffffff,Sambalpur,Odisha,0.09880561809880069,0.04445772570219022
873d9918cffffff,Katni,Madhya Pradesh,0.09436112480144221,0.06676295389006032
8760a30e2ffffff,Yadgir,Karnataka,0.12151622836480554,0.0
873d9b0b3ffffff,Mandla,Madhya Pradesh,0.07442303885956408,0.011147986631913505
876006724ffffff,Kozhikode,Kerala,0.2833932429508833,0.014374282492581731
874259934ffffff,Bikaner,Rajasthan,0.169832616821351,0.1556480921801524
876031c94ffffff,Tiruppur,Tamil Nadu,0.21847223232973267,0.009215552327036363
873c952c2ffffff,Rayagada,Odisha,0.03932524683197301,0.1321541583206032
873cec75effffff,Karbi Anglong,Assam,0.06315972772156205,0.0
873d16002ffffff,Patiala,Punjab,0.28309633400784806,0.02821877667887465
873d1e990ffffff,Rudraprayag,Uttarakhand,0.1736210670979146,0.02419541072224303
873c961adffffff,Sukma,Chhattisgarh,0.07007369428491922,0.056745256677024875
8742edac5ffffff,Jaisalmer,Rajasthan,0.17771883906384853,0.0063664171764922515
873d9560affffff,Rajgarh,Madhya Pradesh,0.10775991655929322,0.027139699136259236
876092cd3ffffff,Chhindwara,Madhya Pradesh,0.1265478078426206,0.0
8764e619effffff,North and Middle Andaman,Andaman and Nicobar Islands,0.08889167588999897,0.011598258378177444
873db30e2ffffff,Chittorgarh,Rajasthan,0.15589885399963407,0.02022432766370719
873c53a36ffffff,Kra Daadi,Arunachal Pradesh,0.06951241452680204,0.0396825187334702
873da4b2dffffff,Hanumangarh,Rajasthan,0.16585882019407372,0.0
8742d9a36ffffff,Surat,Gujarat,0.19192648524428832,0.04593810839328185
87608392cffffff,Osmanabad,Maharashtra,0.15352126651244255,0.00043763935402913926
873d005a1ffffff,Leh,Ladakh,0.09135496614057115,0.01415817915292496
876012d85ffffff,Anantapur,Andhra Pradesh,0.09939199216661936,0.0
876035924ffffff,Thoothukkudi,Tamil Nadu,0.2326196078134732,0.0
87602295effffff,Kollam,Kerala,0.2714489300096938,0.023231940869237057
87618d51bffffff,Tiruvannamalai,Tamil Nadu,0.16661992028265205,0.013983351293752909
8742c3430ffffff,Rajkot,Gujarat,0.19862865448813485,0.14191662323753926
873d23c8affffff,Leh,Ladakh,0.0936408237576504,0.013350349599802691
873d31d2bffffff,Kishtwar,Jammu and Kashmir,0.06958193266184699,0.014170015870584425
87609c25affffff,Aurangabad,Maharashtra,0.17770958768432857,0.005141428764108962
873d116c1ffffff,Rudraprayag,Uttarakhand,0.2017187453204602,0.024310850780065285
873c8c569ffffff,Mayurbhanj,Odisha,0.040782805028680195,0.021013944022701
8760acb8bffffff,Haveri,Karnataka,0.14470979281703514,0.0
8742ca640ffffff,Narmada,Gujarat,0.1772177901156301,0.050940642212463964
873d93423ffffff,Harda,Madhya Pradesh,0.10469311925408657,0.019001343273331646
873db1a03ffffff,Tonk,Rajasthan,0.12070913610149428,0.03121748316077989
8760a8995ffffff,Dharwad,Karnataka,0.15254314522256118,0.0
876083d95ffffff,Beed,Maharashtra,0.11267627564779596,0.04741581134028652
873da0940ffffff,Bhiwani,Haryana,0.1525763612967756,0.037033418857258714
873d232e4ffffff,Leh,Ladakh,0.09771925468613793,0.019525806769880628
873da8c04ffffff,Budaun,Uttar Pradesh,0.29941634420101876,0.06841727515886586
873d1e15cffffff,Chamoli,Uttarakhand,0.17414108830278402,0.029112302405943404
8742ccd4bffffff,Patan,Gujarat,0.1941604199148858,0.03944936726756569
8742ddc5bffffff,Bhavnagar,Gujarat,0.19862865448813485,0.1323121638319979
873c18ac8ffffff,Kishanganj,Bihar,0.035759233234074615,0.052236283962770975
8760361b4ffffff,Perambalur,Tamil Nadu,0.2647036049240522,0.0
873d9dd06ffffff,Chhatarpur,Madhya Pradesh,0.08841990732449977,0.035153687080855325
87425d204ffffff,Bikaner,Rajasthan,0.17426126729046462,0.1558344045502829
8761aba88ffffff,Cuddalore,Tamil Nadu,0.26550632646093186,0.14765693682615713
873d95b81ffffff,Baran,Rajasthan,0.1148532940472498,0.06178601093631393
873ce28d8ffffff,South Garo Hills,Meghalaya,0.06988282946048711,0.004125461801318808
873c940f3ffffff,Bastar,Chhattisgarh,0.04949832226525561,0.05353355244573111
8760b4772ffffff,Mahabubabad,Telangana,0.04657698313204998,0.013353131034067475
873c8da54ffffff,Purba Medinipur,West Bengal,0.09702602153233698,0.0
873c52224ffffff,West Kameng,Arunachal Pradesh,0.12062342199326466,0.011838787243058065
8760aeb9cffffff,Bagalkote,Karnataka,0.1652071307768773,0.0
873da97b3ffffff,Lakhimpur Kheri,Uttar Pradesh,0.15782126594644402,0.04267828245765272
873cf460dffffff,Murshidabad,West Bengal,0.06026507743550176,0.5963879421635465
87609e6ddffffff,Khargone,Madhya Pradesh,0.15314910710709745,0.01772102592738597
873d9e4ecffffff,Hoshangabad,Madhya Pradesh,0.10976127770084179,0.022896014781553342
87424bce0ffffff,Sirsa,Haryana,0.17052092297589255,0.0
874249228ffffff,Ludhiana,Punjab,0.38098349412227944,0.0015020143849639473
87424b963ffffff,Bathinda,Punjab,0.3201553574311364,0.0
873c32288ffffff,Siddharthnagar,Uttar Pradesh,0.15974594768307787,0.01912264000080743
873cee774ffffff,Dima Hasao,Assam,0.07667059682088304,0.029966861595776707
873d8ed06ffffff,Jhansi,Uttar Pradesh,0.1377200461794194,0.010685495231963289
873c8215cffffff,Kandhamal,Odisha,0.1445124405575296,0.0385624398243019
873d9e6c9ffffff,Chhindwara,Madhya Pradesh,0.12726292671493092,0.0037740845508896265
8742e351affffff,Kutch,Gujarat,0.18734564602040982,0.01958830753456732
873cee9adffffff,Nagaon,Assam,0.04345089047177057,0.0
873c9285cffffff,Visakhapatnam,Andhra Pradesh,0.098330627992646,0.03942417947597855
8742e828dffffff,Jalore,Rajasthan,0.18024285528559247,0.013111282986987674
873d26615ffffff,Leh,Ladakh,0.08302730209319997,0.020302683242087772
873cb04a5ffffff,Rajnandgaon,Chhattisgarh,0.1658626893540427,0.06098088779583314
876026492ffffff,Tenkasi,Tamil Nadu,0.23314782801882314,0.0
873d222a2ffffff,Leh,Ladakh,0.0932761709289044,0.01422343163002196
873d14c89ffffff,Shahid Bhagat Singh Nagar,Punjab,0.29990345564492993,0.030960021874590616
873ceed1affffff,West Jaintia Hills,Meghalaya,0.0932476814856582,0.015438222055699237
873d0641effffff,Lahaul and Spiti,Himachal Pradesh,0.1297578627043708,0.012851410862366255
87619a28affffff,Khammam,Telangana,0.08912766837974319,0.009909075275405018
873d8cd40ffffff,Auraiya,Uttar Pradesh,0.2733308029164123,0.07437730600085311
873c88c2affffff,Bhadrak,Odisha,0.0974131244979964,0.5362265587970964
873d12b28ffffff,Saharanpur,Uttar Pradesh,0.34555767817025745,0.04317308860955444
8742dc218ffffff,Bhavnagar,Gujarat,0.21822554034730185,0.052535772806237675
876093052ffffff,Amravati,Maharashtra,0.10514995746869431,0.0
8760b4299ffffff,Warangal Rural,Telangana,0.14168904816333894,0.0
876016533ffffff,Anantapur,Andhra Pradesh,0.11086721527698794,0.0
873c16b23ffffff,Azamgarh,Uttar Pradesh,0.1310820934468066,0.0
8742c2659ffffff,Junagadh,Gujarat,0.19743154087544423,0.05495955584625749
8742c8575ffffff,Kheda,Gujarat,0.1894895724166642,0.008954015916684103
873cb0866ffffff,Rajnandgaon,Chhattisgarh,0.08005406658790802,0.06369637361383315
873c85b73ffffff,Simdega,Jharkhand,0.1037951686635147,0.04078264316268782
8742531b4ffffff,Jaisalmer,Rajasthan,0.16697917594425463,0.001258141734681628
873d06759ffffff,Lahaul and Spiti,Himachal Pradesh,0.06980168018766189,0.01415817915292496
873c81b5cffffff,Kendujhar,Odisha,0.09908922058772919,0.029753131264524033
8760aa973ffffff,Bagalkote,Karnataka,0.14610936473922204,0.0
873da5669ffffff,Rohtak,Haryana,0.13903286392565495,0.05379095763799543
8760acd6cffffff,Ballari,Karnataka,0.10835097161377097,0.0
8742c4cc9ffffff,Kutch,Gujarat,0.3100789843075476,0.08383991671041825
873d1095affffff,Shimla,Himachal Pradesh,0.12880773855482514,0.020169042287050094
8760906c6ffffff,Amravati,Maharashtra,0.10470533762894965,0.016461757087383354
876080b8bffffff,Osmanabad,Maharashtra,0.1046187521292703,0.0
873c9d94dffffff,Puri,Odisha,0.11320822691481904,0.021574640081802737
8760b5b12ffffff,Nalgonda,Telangana,0.12686768388673048,0.0
8760b0060ffffff,Karimnagar,Telangana,0.11895327647816635,0.0085203160737901
8760a18ceffffff,Ballari,Karnataka,0.0943371594344553,0.019398063328022318
8760a1a25ffffff,Ballari,Karnataka,0.12064662351505775,0.0
873d9ba6affffff,Dindori,Madhya Pradesh,0.2572722267462723,0.034416083709028204
873d31551ffffff,Kishtwar,Jammu and Kashmir,0.06433211859281403,0.012537651378658685
87608dd09ffffff,Kolhapur,Maharashtra,0.27197679135354763,0.056172250029231596
873d2e0c9ffffff,Leh,Ladakh,0.135076368322506,0.014002774417499569
87424bc24ffffff,Hanumangarh,Rajasthan,0.18047741852688393,0.0
87424a435ffffff,Bikaner,Rajasthan,0.1794483962620409,0.19217991004957835
8760aeb28ffffff,Gadag,Karnataka,0.1452536797849306,0.0
8742ed421ffffff,Barmer,Rajasthan,0.17814285107944264,0.047222252239769016
87603441effffff,Pudukkottai,Tamil Nadu,0.2467579401003748,0.0
873d92743ffffff,Khandwa,Madhya Pradesh,0.10671835389331585,0.01814409193404639
873c81b55ffffff,Kendujhar,Odisha,0.09908922058772919,0.029753131264524033
873c16da8ffffff,Jaunpur,Uttar Pradesh,0.12256319956583793,0.0
873da8d96ffffff,Budaun,Uttar Pradesh,0.25254408974393533,0.05690446269910542
876086d96ffffff,Nizamabad,Telangana,0.10735378885192218,0.05594126515959604
8760b6d64ffffff,Bijapur,Chhattisgarh,0.08851636005503233,0.06439900290832014
873d82d40ffffff,Guna,Madhya Pradesh,0.10870232087847223,0.020556053537653756
876081d6dffffff,Solapur,Maharashtra,0.15767954711370513,0.0012290083048527708
8742eb511ffffff,Banaskantha,Gujarat,0.19768406516099973,0.13858789549883535
8760a401dffffff,Kurnool,Andhra Pradesh,0.11931580462380532,0.0
873c11294ffffff,Darbhanga,Bihar,0.0912009499034843,0.0
873c964caffffff,East Godavari,Andhra Pradesh,0.06189116105072032,0.009115353632445655
8742536caffffff,Jaisalmer,Rajasthan,0.17723199842949403,0.04320511815053135
873c0ad8effffff,South Sikkim,Sikkim,0.17269224758141813,0.01980661771085875
873d98c29ffffff,Sagar,Madhya Pradesh,0.11205463304969217,0.012771602949639764
873db4802ffffff,Jodhpur,Rajasthan,0.17333961484161792,0.02892933466220266
8760956c3ffffff,Washim,Maharashtra,0.1255881816938415,0.021161328278560092
8742c9025ffffff,Banswara,Rajasthan,0.1666063811133097,0.03548975621911899
873ca1836ffffff,Garhwa,Jharkhand,0.09564625999001587,0.09356468924694071
876090a98ffffff,Amravati,Maharashtra,0.10910971352624278,0.0027397369665313107
873d98453ffffff,Narsinghpur,Madhya Pradesh,0.11567212796571816,0.02543566580178808
873d34756ffffff,Rajouri,Jammu and Kashmir,0.1700275673546062,0.027546167113933314
873da6605ffffff,Sikar,Rajasthan,0.1549186894847735,0.09909529344067772
873d9aa9affffff,Seoni,Madhya Pradesh,0.3393503606664745,0.0029762630234420498
873cf05a9ffffff,Nadia,West Bengal,0.0678132198304165,0.0
873ce1272ffffff,Nagaon,Assam,0.0667701250255667,0.0
873c900e1ffffff,Visakhapatnam,Andhra Pradesh,0.09685813226201881,0.07125665251145467
8760a2059ffffff,Vikarabad,Telangana,0.09909397998991942,0.0
87618eb45ffffff,Thiruvallur,Tamil Nadu,0.09342583300475252,0.0
87619b5b6ffffff,Khammam,Telangana,0.0882096005155998,0.010948184725425403
8760b58f0ffffff,Nalgonda,Telangana,0.1287259646151891,0.0
873cf604affffff,Purba Bardhaman,West Bengal,0.07045824045151777,0.02705272187692392
8742e2746ffffff,Kutch,Gujarat,0.3055047182715199,0.18711541959321185
87619b268ffffff,Guntur,Andhra Pradesh,0.2913629625052858,0.0
873d98d56ffffff,Sagar,Madhya Pradesh,0.11527210950279773,0.010348645118571967
873d9216dffffff,Dewas,Madhya Pradesh,0.09397603933579783,0.01015420861985912
8760a97aaffffff,Sindhudurg,Maharashtra,0.19046172213744425,0.07218049113540986
87618a88bffffff,S.P.S. Nellore,Andhra Pradesh,0.17573424432622922,0.0
873dac79affffff,Sambhal,Uttar Pradesh,0.252620335450805,0.0519026499887679
873c1ccb5ffffff,Madhubani,Bihar,0.09000129445306122,0.0
8742c9373ffffff,Pratapgarh,Rajasthan,0.16326609142660894,0.014570365955974492
876199070ffffff,Prakasam,Andhra Pradesh,0.1302532529971125,0.02379467128356226
873ca6058ffffff,Anuppur,Madhya Pradesh,0.11277346700330747,0.021154528060245086
87609521affffff,Hingoli,Maharashtra,0.10565094642792905,0.023653661619581632
873cb0d5dffffff,Rajnandgaon,Chhattisgarh,0.057444872960927616,0.06255956703278186
873da1ae4ffffff,Ghaziabad,Uttar Pradesh,0.14701390155312416,0.04923814133918469
873d969b1ffffff,Ratlam,Madhya Pradesh,0.1506738179740392,0.015483982586162078
8760aacc3ffffff,Sangli,Maharashtra,0.1505815237561259,0.0
873d9c250ffffff,Chhatarpur,Madhya Pradesh,0.12519525331511483,0.02582901226645405
873d33c44ffffff,Chamba,Himachal Pradesh,0.14497950769658638,0.024215169666415366
873d9b8e5ffffff,Mandla,Madhya Pradesh,0.10441496923292232,0.01294497531343755
8760b3a05ffffff,Nizamabad,Telangana,0.11667817446269031,0.0252299843395866
873da4c11ffffff,Churu,Rajasthan,0.16080602878164754,0.0
8742ccd6dffffff,Patan,Gujarat,0.19329968210134124,0.056187189011380444
8742c56c4ffffff,Kutch,Gujarat,0.19332360024586193,0.04692876518268864
8760b62d8ffffff,Mancherial,Telangana,0.1292419698742171,0.04192971012188673
874249789ffffff,Barnala,Punjab,0.31087924834728525,0.0
873c1589affffff,West Champaran,Bihar,0.1543830999655038,0.0007606805444477292
873d120a4ffffff,Shamli,Uttar Pradesh,0.3057579324770292,0.051059154720016674
8742c8025ffffff,Mahisagar,Gujarat,0.18796602955092007,0.02590872393723414
87609e276ffffff,Jalgaon,Maharashtra,0.16776568300114436,0.0060827736526792965
873dacca2ffffff,Hapur,Uttar Pradesh,0.27404401532758516,0.025968124625593884
874259919ffffff,Bikaner,Rajasthan,0.17354662661318027,0.18441431521655854
873ca6841ffffff,Shahdol,Madhya Pradesh,0.1110014000544951,0.03131054114482511
873d99798ffffff,Umaria,Madhya Pradesh,0.09737229316462899,0.011589732910180041
876429d34ffffff,Nicobars,Andaman and Nicobar Islands,0.1432447360883389,0.12066931024180368
873daa298ffffff,Kannauj,Uttar Pradesh,0.2757091416317937,0.07380108933956604
8760120e3ffffff,Davanagere,Karnataka,0.12033824088921037,0.0
873ca4404ffffff,Shahdol,Madhya Pradesh,0.09658331598311895,0.06628114475204286
8742c24a8ffffff,Junagadh,Gujarat,0.27148323792881424,0.09229917646369644
873dac8a5ffffff,Meerut,Uttar Pradesh,0.2739149107159859,0.033545546462077976
873c9db50ffffff,Puri,Odisha,0.1154574610186012,0.0
87209d1a3ffffff,Leh,Ladakh,0.1942176365626594,0.04958951987699382
87425816effffff,Bikaner,Rajasthan,0.15381018355163179,0.0
873c1a2c4ffffff,Sahibganj,Jharkhand,0.09183384947321148,0.02513366497195557
873d10b43ffffff,Shimla,Himachal Pradesh,0.12592781990083704,0.023240098660208243
873db12a8ffffff,Sawai Madhopur,Rajasthan,0.12120720789345008,0.0342566303234705
876034500ffffff,Pudukkottai,Tamil Nadu,0.2447599449968141,0.0
873cf6015ffffff,Purba Bardhaman,West Bengal,0.07017176469028358,0.00040779812750759304
876094c0dffffff,Chandrapur,Maharashtra,0.14800592081412156,0.00985307121723965
873ca116affffff,Garhwa,Jharkhand,0.0896040364315233,0.07540688078080231
8760a4135ffffff,Y.S.R. Kadapa,Andhra Pradesh,0.11518051414414864,0.0
873c90080ffffff,Visakhapatnam,Andhra Pradesh,0.03613629784267112,0.07863028545981281
876189b34ffffff,Krishnagiri,Tamil Nadu,0.25020881323925426,0.006789799764324454
8742e8a0effffff,Barmer,Rajasthan,0.1709887811916823,0.03915811884002186
876012094ffffff,Chitradurga,Karnataka,0.10622826361184058,0.0
87601e793ffffff,Uttara Kannada,Karnataka,0.23024243094783847,0.006975335269202185
873c5c658ffffff,Upper Dibang Valley,Arunachal Pradesh,0.08585298376622126,0.0841647580116369
873d23212ffffff,Leh,Ladakh,0.08970357008927135,0.019525806769880628
87603425cffffff,Madurai,Tamil Nadu,0.2604215821099453,0.0
873c1372bffffff,Nalanda,Bihar,0.09524586723376191,0.0
87618c06cffffff,Chengalpattu,Tamil Nadu,0.1957020836485738,0.042996884559572096
873c5a86bffffff,Tinsukia,Assam,0.08766539767981903,0.02039420424577431
8760b2cdeffffff,Gadchiroli,Maharashtra,0.09083554834902667,0.011890302703332746
873d85309ffffff,Agra,Uttar Pradesh,0.14943579559172598,0.023076813940912787
87608a50effffff,Ahmednagar,Maharashtra,0.17492938419801718,0.03532692055823095
876092ce8ffffff,Chhindwara,Madhya Pradesh,0.12775779341566929,0.0
873d8e030ffffff,Mahoba,Uttar Pradesh,0.16291236685165122,0.0
8742ce70bffffff,Anand,Gujarat,0.19419596576716985,0.06862175540722293
8742c1c19ffffff,Morbi,Gujarat,0.194947043437524,0.057569616384219764
873ca9264ffffff,Birbhum,West Bengal,0.05164197669867027,0.06103477330222855
873d9b352ffffff,Dindori,Madhya Pradesh,0.2621454509225471,0.010147675775862603
8742e8c9affffff,Barmer,Rajasthan,0.18142183085311542,0.057052516411467864
8742db86cffffff,Valsad,Gujarat,0.37099758080981504,0.06876954025217923
876099493ffffff,Dhule,Maharashtra,0.16402387457904813,0.005115294557461832
876088c55ffffff,Pune,Maharashtra,0.27741003553534727,0.03283601416818518
87608cd02ffffff,Sangli,Maharashtra,0.1501718507909185,0.0
873da4542ffffff,Churu,Rajasthan,0.16058241897589998,0.021234487966621522
873c96093ffffff,Sukma,Chhattisgarh,0.10667092111144377,0.046911342960095026
876011ad2ffffff,Dakshina Kannada,Karnataka,0.2199337921593717,0.019853051991219353
873ce4741ffffff,Kokrajhar,Assam,0.06676256160093129,0.0
876006693ffffff,Kozhikode,Kerala,0.4114294413499688,0.033729086976349104
87611b6ceffffff,Virudhunagar,Tamil Nadu,0.3044087411127669,0.0
873d994b4ffffff,Jabalpur,Madhya Pradesh,0.08748589624621696,0.08858295997158619
873db5ac4ffffff,Jaipur,Rajasthan,0.1645649619275693,0.0
876014155ffffff,Mandya,Karnataka,0.24957032611682578,0.008096643429182574
87424a2a1ffffff,Hanumangarh,Rajasthan,0.1602461642330599,0.0
873d042b3ffffff,Leh,Ladakh,0.07214059863645178,0.011814641562699832
8760b1c4affffff,Medak,Telangana,0.12157979008729396,0.0011573215956482367
873c18ce0ffffff,Araria,Bihar,0.0227531684139167,0.0
876014d19ffffff,Krishnagiri,Tamil Nadu,0.1054846510341197,0.017085191954371984
873c94421ffffff,Dakshin Bastar Dantewada,Chhattisgarh,0.10283425791531003,0.10636238042882186
87618bcd6ffffff,Y.S.R. Kadapa,Andhra Pradesh,0.1128538743262467,0.0
873c12882ffffff,Kaimur,Bihar,0.07722625156193014,0.02598804015753362
873db1663ffffff,Bundi,Rajasthan,0.11909999270265254,0.03904934962723707
876031c29ffffff,Coimbatore,Tamil Nadu,0.19512129814002083,0.0
873d862e0ffffff,Baran,Rajasthan,0.10866191953747775,0.04985317646471139
873d12680ffffff,Meerut,Uttar Pradesh,0.2739149107159859,0.044252062399644486
873c12a43ffffff,Bhojpur,Bihar,0.11036753136027391,0.0
873c11931ffffff,East Champaran,Bihar,0.13478167887955064,0.0
8760a8b35ffffff,Dharwad,Karnataka,0.17118678558791278,0.0
873d304e3ffffff,Kathua,Jammu and Kashmir,0.15050311554680015,0.031098453438459416
873cc0831ffffff,Dhalai,Tripura,0.08763600671510872,0.058006460308318415
87209d722ffffff,Leh,Ladakh,0.20165566857422945,0.0499758275632629
873cb0d93ffffff,Gondia,Maharashtra,0.14262555697173324,0.06145501459113574
873d8d5a3ffffff,Lucknow,Uttar Pradesh,0.13110628263610347,0.11215634789429157
8742c2319ffffff,Rajkot,Gujarat,0.20178214323302152,0.018375493635567848
873ced72effffff,Jorhat,Assam,0.05016027663468736,0.01339065421797483
873cf4cb3ffffff,Dumka,Jharkhand,0.05287404499545789,0.061731618184359335
873ce1535ffffff,Kamrup,Assam,0.04261429275531644,0.00017839577790376357
873c5c505ffffff,Upper Siang,Arunachal Pradesh,0.06473874115450104,0.028157572216473338
873d3556affffff,Kishtwar,Jammu and Kashmir,0.14865196540170741,0.02856939769137792
87618a16dffffff,Y.S.R. Kadapa,Andhra Pradesh,0.1073484311932728,0.001463051986809129
873d1368affffff,Pauri Garhwal,Uttarakhand,0.2859618990076737,0.030555173519949706
873c534d9ffffff,Papum Pare,Arunachal Pradesh,0.09032541972084217,0.002491711706786623
87609e42bffffff,Burhanpur,Madhya Pradesh,0.10735165401724077,0.0018327782619655094
876035708ffffff,Theni,Tamil Nadu,0.231776369641384,0.0
873daddb6ffffff,Moradabad,Uttar Pradesh,0.25182787845045246,0.05261432543663535
8742cc4caffffff,Gandhinagar,Gujarat,0.19858798473737993,0.027858003923814083
873c8214effffff,Kandhamal,Odisha,0.1505980250122222,0.03895585541547184
8760b664cffffff,Gadchiroli,Maharashtra,0.09133259659211598,0.058672676647146586
873cae618ffffff,Gumla,Jharkhand,0.1172834119898091,0.0268662086165553
8742cc684ffffff,Gandhinagar,Gujarat,0.19858798473737993,0.023752579254438112
8760acaf4ffffff,Haveri,Karnataka,0.14511946578224252,0.0
8760b38edffffff,Jagtial,Telangana,0.11796235534241656,0.029170794828716116
873cab524ffffff,East Singhbhum,Jharkhand,0.05179841731291754,0.04282473249506388
873c8e40cffffff,Khordha,Odisha,0.13442964306045774,0.023943132773765443
873d9544dffffff,Rajgarh,Madhya Pradesh,0.1049373904363813,0.026419553323051598
873d36a05ffffff,Jammu,Jammu and Kashmir,0.1448170015668415,0.03168723680043377
873c80d9bffffff,Balangir,Odisha,0.10091077046129207,0.05950558062241675
873dab96dffffff,Shahjahanpur,Uttar Pradesh,0.1542836639001715,0.05007136800839876
873d1651bffffff,Sangrur,Punjab,0.25771480919875434,0.01427241709356997
873d15951ffffff,Kullu,Himachal Pradesh,0.13716888142927938,0.02023627684421442
8760b0940ffffff,Warangal Urban,Telangana,0.11895327647816635,0.0
873db1169ffffff,Tonk,Rajasthan,0.16836350644211556,0.034242593342173354
8761980ddffffff,Guntur,Andhra Pradesh,0.07040267504456385,0.01891247762867673
876011c6dffffff,Dakshina Kannada,Karnataka,0.15360051297967384,0.03415081589742867
873c90cc4ffffff,Malkangiri,Odisha,0.052282994709524806,0.10252526145735623
873ce3aacffffff,East Khasi Hills,Meghalaya,0.0873496067904027,0.0
87609672bffffff,Chhindwara,Madhya Pradesh,0.10514075916572256,0.01682479149568344
873c364a0ffffff,Sitapur,Uttar Pradesh,0.1625402711441981,0.13904169628262883
873d96608ffffff,Indore,Madhya Pradesh,0.17219528249931976,0.002522697041965392
873c1aad6ffffff,Sahibganj,Jharkhand,0.08263833121206872,0.021467575318718943
87209b904ffffff,Leh,Ladakh,0.1492442509086565,0.05002339835838892
876016a14ffffff,Tumakuru,Karnataka,0.11593618115283676,0.01498517588480783
87609900dffffff,Nashik,Maharashtra,0.29116898405644037,0.03613396976681003
874249918ffffff,Tarn Taran,Punjab,0.35731157607127473,0.03174454171429687
873d00866ffffff,Leh,Ladakh,0.08891674499751935,0.014203083258840538
873c8e0f5ffffff,Cuttack,Odisha,0.13556670487247302,0.02938187553701014
876082989ffffff,Parbhani,Maharashtra,0.10676405176237351,0.0625408892806708
8742ced01ffffff,Surendranagar,Gujarat,0.19760368812028595,0.022879410037109995
87618a144ffffff,S.P.S. Nellore,Andhra Pradesh,0.11385134985128724,0.0
873c90d92ffffff,Malkangiri,Odisha,0.17268041976672094,0.06417780979662122
87609bd85ffffff,Nandurbar,Maharashtra,0.15136943069313777,0.006174570265882894
8742ec398ffffff,Barmer,Rajasthan,0.17601823172130274,0.04714703973497587
873d31463ffffff,Kishtwar,Jammu and Kashmir,0.06315879511745563,0.012194117376647641
873cac6e6ffffff,Hazaribagh,Jharkhand,0.08147586093807536,0.025526302341977298
873cab71effffff,East Singhbhum,Jharkhand,0.07960806389399427,0.03170563367263214
8742e3cb5ffffff,Kutch,Gujarat,0.1868097515507045,0.061152591777562014
8760a1a5bffffff,Ballari,Karnataka,0.10249627319720939,0.0
87611b624ffffff,Thoothukkudi,Tamil Nadu,0.3463472179907951,0.0
87208a4b2ffffff,Leh,Ladakh,0.14272901059463322,0.028135519209982824
873da34a0ffffff,Dausa,Rajasthan,0.11762889461414419,0.03296969698673928
8742c28c9ffffff,Jamnagar,Gujarat,0.19881607768135967,0.035247780195195554
873d9bb90ffffff,Mandla,Madhya Pradesh,0.24468438714768054,0.012398394850272979
873d95dadffffff,Jhalawar,Rajasthan,0.10633381215025833,0.027814432351936983
873cae4f0ffffff,Simdega,Jharkhand,0.09497332739699255,0.029418632869876445
873d22a69ffffff,Leh,Ladakh,0.092307928579581,0.013370736861325068
873c82103ffffff,Kandhamal,Odisha,0.10286553584567805,0.06982598953147943
8760ae420ffffff,Vijayapura,Karnataka,0.10504289229195654,0.0
873cf2a15ffffff,North 24 Parganas,West Bengal,0.06175973285050308,0.5857967926729786
873d98b65ffffff,Damoh,Madhya Pradesh,0.11267497205184343,0.0665332370614518
876084db5ffffff,Sangareddy,Telangana,0.10072360782247963,0.00551076533247295
873caeb12ffffff,Lohardaga,Jharkhand,0.13622264399352257,0.018554713987787276
876083b56ffffff,Ahmednagar,Maharashtra,0.15316492664104522,0.008624254922432103
873c502f0ffffff,Kurung Kumey,Arunachal Pradesh,0.06832823570263888,0.0
873dabc8dffffff,Hardoi,Uttar Pradesh,0.16496843322555071,0.05305206938218874
876084ca0ffffff,Sangareddy,Telangana,0.11469898947415,0.0
873d058c5ffffff,Leh,Ladakh,0.07231607006079344,0.01998197446996549
873c1135cffffff,Madhubani,Bihar,0.09097377416600032,0.0
876085b02ffffff,Vijayapura,Karnataka,0.1087409958933576,0.0
873d12908ffffff,Kurukshetra,Haryana,0.3579954715266709,0.040004147333029906
874253349ffffff,Jaisalmer,Rajasthan,0.17723199842949403,0.0388053320558976
873da6a8affffff,Sikar,Rajasthan,0.1535902942523571,0.0
873cee258ffffff,Peren,Nagaland,0.08105425070149215,0.004644948680026946
873ca8261ffffff,Bokaro,Jharkhand,0.09434190688525684,0.008791747585810685
8761994a3ffffff,Prakasam,Andhra Pradesh,0.07509351068589076,0.0
873d98663ffffff,Jabalpur,Madhya Pradesh,0.09680096803570704,0.028694396828795744
8742c3951ffffff,Morbi,Gujarat,0.23417306250687941,0.04593871807100926
873ce18d0ffffff,Darrang,Assam,0.07556862026441499,0.0
873d312eaffffff,Leh,Ladakh,0.06653680996289754,0.011006812009577562
8760b22ecffffff,Chandrapur,Maharashtra,0.12059336113757751,0.05709217611437585
873d8d7a5ffffff,Barabanki,Uttar Pradesh,0.13175146883169891,0.07486888064518496
873db611affffff,Udaipur,Rajasthan,0.18491656225011693,0.029683512847028814
876030c44ffffff,Dindigul,Tamil Nadu,0.2449551762622823,0.0
873c12026ffffff,Rohtas,Bihar,0.08843815422829979,0.055012102885657874
873c5cd29ffffff,Upper Siang,Arunachal Pradesh,0.09413681803017179,0.0
87608d514ffffff,Satara,Maharashtra,0.3990952108181954,0.02663339719119172
873db5c6dffffff,Nagaur,Rajasthan,0.16504984775314774,0.041399427334588165
8742c2976ffffff,Jamnagar,Gujarat,0.1962346915223421,0.04726527411428915
873cc621bffffff,South Tripura,Tripura,0.06952577640476347,0.06465911929365989
873db0db6ffffff,Rajsamand,Rajasthan,0.14749603454292445,0.05941527531956431
873dab8e4ffffff,Lakhimpur Kheri,Uttar Pradesh,0.16496843322555071,0.0855875132066531
873ce1a81ffffff,Darrang,Assam,0.054335378945023854,0.0015566578668545277
87425a945ffffff,Jodhpur,Rajasthan,0.17481785288223609,0.0
873c53148ffffff,Kra Daadi,Arunachal Pradesh,0.11888162302751915,0.0
87603040affffff,Namakkal,Tamil Nadu,0.2488691579958365,0.0
873c12441ffffff,Rohtas,Bihar,0.03247294823721665,0.13368561786824879
876096cacffffff,Nagpur,Maharashtra,0.1110772355740638,0.017969107491455975
8742c6691ffffff,Porbandar,Gujarat,0.3076983391895984,0.07580882748668252
873ce1018ffffff,Darrang,Assam,0.15600952884849859,0.0937878224129059
873c1012effffff,Siwan,Bihar,0.1315293391265186,0.058340125816310005
8760abc25ffffff,Belagavi,Karnataka,0.17112867733811915,0.0
873c5e52dffffff,Upper Subansiri,Arunachal Pradesh,0.08729147303978091,0.009283526061314948
873da9cd4ffffff,Pilibhit,Uttar Pradesh,0.182774710053423,0.051393634665016695
873c80856ffffff,Sambalpur,Odisha,0.09987993324716825,0.06000353614027417
873c1852affffff,Purnia,Bihar,0.0873144092064081,0.0
873d82d49ffffff,Guna,Madhya Pradesh,0.10870232087847223,0.020556053537653756
873d00010ffffff,Leh,Ladakh,0.09102121507526595,0.014178566414447338
87425e812ffffff,Jaisalmer,Rajasthan,0.1653491656956197,0.0
87609cc60ffffff,Buldhana,Maharashtra,0.10882964527424954,0.0017594215877718583
876011928ffffff,Kodagu,Karnataka,0.24037576497569826,0.011675817906224194
8760b091affffff,Warangal Rural,Telangana,0.27861828330749716,0.0
873d85508ffffff,Morena,Madhya Pradesh,0.10923021591019948,0.034491824776265965
873da66ddffffff,Jaipur,Rajasthan,0.15526604105874953,0.10040212424536418
873db5481ffffff,Ajmer,Rajasthan,0.16122433373604367,0.03815519509602275
873cb120bffffff,Baloda Bazar,Chhattisgarh,0.10357894601329967,0.05926796864707289
873da958bffffff,Shahjahanpur,Uttar Pradesh,0.1542836639001715,0.051134685759363974
876036ab4ffffff,Tiruchirappalli,Tamil Nadu,0.2840227634652473,0.034955815921770515
873c82453ffffff,Rayagada,Odisha,0.057655049894478276,0.11801486912872892
873d8b4abffffff,Rewa,Madhya Pradesh,0.1146404867104687,0.0648178496988577
87424b36effffff,Mansa,Punjab,0.30230956588616714,0.013274280886287806
8760a9d6effffff,Uttara Kannada,Karnataka,0.4132880815144518,0.017524519349337093
873ca6d64ffffff,Umaria,Madhya Pradesh,0.09840969115637374,0.06548767279394135
87619aa9affffff,Krishna,Andhra Pradesh,0.07558168397916996,0.008768679652092055
8742c9694ffffff,Jhabua,Madhya Pradesh,0.15405322428971116,0.016558280377812668
87608e6b4ffffff,Ahmednagar,Maharashtra,0.1730629436319832,0.03758039505670612
873c52d69ffffff,Tawang,Arunachal Pradesh,0.07812944067655546,0.0
873d2e42cffffff,Leh,Ladakh,0.07317965830836619,0.01415817915292496
876099058ffffff,Nashik,Maharashtra,0.29225104993640844,0.035989182670717094
873d1e6f3ffffff,Pithoragarh,Uttarakhand,0.13465760650385092,0.0342842109775675
8742ed186ffffff,Barmer,Rajasthan,0.18352442435068064,0.04714703973497587
873d15131ffffff,Kullu,Himachal Pradesh,0.13213867281640496,0.019591005072824096
873da2231ffffff,Dausa,Rajasthan,0.1201850355189272,0.021966275520634918
873c836b6ffffff,Ganjam,Odisha,0.06452120625877297,0.03095995258311817
873d80826ffffff,Morena,Madhya Pradesh,0.13451273028689675,0.038015253691975864
8760924a2ffffff,Hoshangabad,Madhya Pradesh,0.09929467304260409,0.000845129904934858
87619e6daffffff,West Godavari,Andhra Pradesh,0.10926663156637541,0.014822915012047529
87609981affffff,Nashik,Maharashtra,0.16499317317357756,0.004670029613402253
873cc03a8ffffff,Mamit,Mizoram,0.0918553082128733,0.0
873da2b34ffffff,Sikar,Rajasthan,0.1531299442543543,0.0255430945033854
873d84d80ffffff,Sawai Madhopur,Rajasthan,0.1154016226066179,0.027251090347554782
8742482a8ffffff,Sri Muktsar Sahib,Punjab,0.31484590192110234,0.0
8760a6a31ffffff,Kurnool,Andhra Pradesh,0.09922343632830502,0.0071129156659756575
873dab082ffffff,Hardoi,Uttar Pradesh,0.16496843322555071,0.11374711660421975
87425ac49ffffff,Jodhpur,Rajasthan,0.17771883906384853,0.03919330031484039
8760add1bffffff,Haveri,Karnataka,0.17389489104662798,0.0
873d9d26bffffff,Panna,Madhya Pradesh,0.09571452400848329,0.07484846764124652
873d86228ffffff,Shivpuri,Madhya Pradesh,0.09868603548292786,0.049564921821898214
873ca4a5affffff,Sidhi,Madhya Pradesh,0.08157182558787181,0.0642491222056712
873d8b86effffff,Pratapgarh,Uttar Pradesh,0.12034524339242379,0.05779830710281634
873cc50d5ffffff,Hailakandi,Assam,0.08927559592146767,0.03345001279328053
873d92581ffffff,Khargone,Madhya Pradesh,0.15688353936777583,0.0021344412541124793
873c8596effffff,Jashpur,Chhattisgarh,0.09083498506386409,0.08117338927825152
873d232a6ffffff,Leh,Ladakh,0.08970357008927135,0.019525806769880628
876026d53ffffff,Tirunelveli,Tamil Nadu,0.32070538452492975,0.07468849022383962
876188c49ffffff,Thiruvallur,Tamil Nadu,0.12230022164944147,0.0
873d34b10ffffff,Baramulla,Jammu and Kashmir,0.1512713063739709,0.028334728532017055
873c95253ffffff,Kalahandi,Odisha,0.10431788243269945,0.11507559947523968
873c1e849ffffff,Madhubani,Bihar,0.08035925378649067,0.0
873ca1962ffffff,Garhwa,Jharkhand,0.12112955858869524,0.09694495795840422
8760b6b53ffffff,Mulugu,Telangana,0.09474981952920118,0.05322742821489215
873d9d76cffffff,Panna,Madhya Pradesh,0.06586697684785404,0.0855498085505787
876089d85ffffff,Ratnagiri,Maharashtra,0.3069229658556109,0.052439339655132144
873db5915ffffff,Nagaur,Rajasthan,0.16740799617750446,0.05760794082830121
876031c08ffffff,Coimbatore,Tamil Nadu,0.08340602025303054,0.009374325882760659
873d9cba0ffffff,Lalitpur,Uttar Pradesh,0.10551388886712822,0.0422274504878928
873ca808effffff,Ranchi,Jharkhand,0.0985632208058659,0.0302670737394971
876035110ffffff,Virudhunagar,Tamil Nadu,0.22615767106036178,0.00973744649568733
873c80ad2ffffff,Sambalpur,Odisha,0.09759103701986861,0.06337107497832713
873da4996ffffff,Hanumangarh,Rajasthan,0.16477839263690056,0.0
873cee4a4ffffff,East Jaintia Hills,Meghalaya,0.08772954331012277,0.006175957136226347
876036718ffffff,Perambalur,Tamil Nadu,0.22756045642232892,0.0027964670235673408
873d2664effffff,Leh,Ladakh,0.09125179557408014,0.01950687467949458
873d83000ffffff,Niwari,Madhya Pradesh,0.11062351828044957,0.06231177112289005
873ce0aa5ffffff,Barpeta,Assam,0.0704657481649032,0.0
8760a6575ffffff,Nalgonda,Telangana,0.11698829352186531,0.0
87609c218ffffff,Aurangabad,Maharashtra,0.16499317317357756,0.003974102888933179
8760b471cffffff,Mahabubabad,Telangana,0.1426863412507708,0.018711219834101223
8742e9990ffffff,Barmer,Rajasthan,0.171634062189836,0.18115382706200567
873c5b825ffffff,Anjaw,Arunachal Pradesh,0.08423634385863842,0.03422244367982269
873ced636ffffff,Mokokchung,Nagaland,0.13084290386159092,0.0
873db5211ffffff,Tonk,Rajasthan,0.16320250172618078,0.033974959678033864
873db04eaffffff,Chittorgarh,Rajasthan,0.14440994467867932,0.004585694550255261
873c53a00ffffff,Kra Daadi,Arunachal Pradesh,0.10140088936628468,0.0
873cb5703ffffff,Kabeerdham,Chhattisgarh,0.08224479508098725,0.07014310367891013
876030a29ffffff,Dindigul,Tamil Nadu,0.10433401787025226,0.011244023912122772
873c1a870ffffff,Bhagalpur,Bihar,0.08932829960514851,0.5081329351817055
8760a0429ffffff,Wanaparthy,Telangana,0.1116977767740084,0.0
8760a8634ffffff,Belagavi,Karnataka,0.14500435094844583,0.0
8760a5d14ffffff,Y.S.R. Kadapa,Andhra Pradesh,0.11576070529312661,0.0
873da5a60ffffff,Kaithal,Haryana,0.1548279076158266,0.05190283139265991
873da8b90ffffff,Bareilly,Uttar Pradesh,0.29766461823136114,0.053375504166329905
8742c66c6ffffff,Porbandar,Gujarat,0.3076618606616636,0.06256929713477438
873d8c021ffffff,Kanpur Nagar,Uttar Pradesh,0.1330074541965151,0.07618447674388623
873cf6722ffffff,Purba Bardhaman,West Bengal,0.07307275087189602,0.018186696416678746
872098ac8ffffff,Leh,Ladakh,0.15411618776533753,0.05002339835838892
873c15635ffffff,West Champaran,Bihar,0.12279748848877842,0.0
872099568ffffff,Leh,Ladakh,0.15992141359483167,0.02630500844195849
873d90298ffffff,Sehore,Madhya Pradesh,0.12242037750193847,0.004099999567236622
873cea30cffffff,Kamjong,Manipur,0.09316751514704959,0.0
873c14c96ffffff,Ambedkar Nagar,Uttar Pradesh,0.08073982810005843,0.6378142800084943
873dabd6bffffff,Shahjahanpur,Uttar Pradesh,0.16496843322555071,0.046568005992064725
873c19d0cffffff,Darjeeling,West Bengal,0.05933672318553749,0.1066313360253258
8760a166affffff,Koppal,Karnataka,0.09886296862997944,0.001212314279682734
8760a6b1cffffff,Kurnool,Andhra Pradesh,0.12235848325249464,0.0
873d8d463ffffff,Barabanki,Uttar Pradesh,0.13046728795197268,0.07569669388471892
87619b61bffffff,Suryapet,Telangana,0.1195910057472236,0.0
87618c55dffffff,Chengalpattu,Tamil Nadu,0.0454730224075591,0.1780177046179501
873cc50dbffffff,Kolasib,Mizoram,0.08163908109899506,0.058463309421040666
8742c1280ffffff,Surendranagar,Gujarat,0.19329968210134124,0.025004019609857774
87608c6c1ffffff,Satara,Maharashtra,0.17413132165126372,0.034843607976190565
873ca6414ffffff,Dindori,Madhya Pradesh,0.15086133866472473,0.00855562850975238
873c90d82ffffff,Malkangiri,Odisha,0.13198644747210467,0.11466126342361763
87608380bffffff,Beed,Maharashtra,0.1622129696872662,0.007732601579874592
873cb066effffff,Balod,Chhattisgarh,0.11198872336273,0.05683323552667645
876082b0dffffff,Parbhani,Maharashtra,0.10860470454304343,0.04395814162126818
8742cc112ffffff,Mehsana,Gujarat,0.19580778125106857,0.03906067436543784
873cb1753ffffff,Mahasamund,Chhattisgarh,0.10265493554011036,0.037413217761200955
873ca4cb0ffffff,Shahdol,Madhya Pradesh,0.02919808168785803,0.09053644646053383
873d86c4cffffff,Baran,Rajasthan,0.1202116062106374,0.055503529780842296
873da3664ffffff,Bharatpur,Rajasthan,0.11121776447422867,0.013528013141697392
873da6d73ffffff,Nagaur,Rajasthan,0.15440331786257394,0.019059339912234612
87425a6e4ffffff,Jodhpur,Rajasthan,0.1970139295431698,0.0
873d26769ffffff,Leh,Ladakh,0.08174459608895823,0.020736561723482868
876013915ffffff,Chikkamagaluru,Karnataka,0.16213018436138021,0.0
873d04c9dffffff,Leh,Ladakh,0.07226283123405988,0.011006812009577562
8760360d1ffffff,Tiruchirappalli,Tamil Nadu,0.2099039903498863,0.006958613426159592
873c188a2ffffff,Araria,Bihar,0.050412877473189906,0.0
87425aa93ffffff,Jodhpur,Rajasthan,0.18297820243931434,0.03996394876054934
876083550ffffff,Beed,Maharashtra,0.15610319821654872,0.05069476453571297
873dae65dffffff,Etah,Uttar Pradesh,0.15563232223932344,0.032321795421347985
8760a66ceffffff,Nagarkurnool,Telangana,0.10436380515573966,0.012172066869617876
87424b936ffffff,Sri Muktsar Sahib,Punjab,0.31902663987720004,0.0
873c8c6c3ffffff,Balasore,Odisha,0.10629521111869139,0.04831102230922398
873d14329ffffff,Mandi,Himachal Pradesh,0.15979720525856522,0.02363662634932024
8760a80f3ffffff,Belagavi,Karnataka,0.16945430570347145,0.0
876091293ffffff,Buldhana,Maharashtra,0.10956441153747712,0.011420564631775956
873c146ceffffff,Deoria,Uttar Pradesh,0.11920105212002192,0.0
8760b5b96ffffff,Nalgonda,Telangana,0.1254027375315359,0.0
8742c5814ffffff,Kutch,Gujarat,0.19126129824940424,0.062403220691661966
873d98969ffffff,Damoh,Madhya Pradesh,0.11584867184711418,0.035573398171658006
873c84d4dffffff,Janjgir Champa,Chhattisgarh,0.1030373198031173,0.054594421578810275
8760980d1ffffff,Dhule,Maharashtra,0.15644620623153027,0.008557989236196167
8742db22affffff,Palghar,Maharashtra,0.4154600374566867,0.0658996256369195
873c96705ffffff,Sukma,Chhattisgarh,0.06366322799953268,0.02530553719648819
8742c1898ffffff,Kutch,Gujarat,0.1916253104666935,0.029128668209033325
873d1285affffff,Saharanpur,Uttar Pradesh,0.3576599129243834,0.04952984312919364
8742c9a66ffffff,Pratapgarh,Rajasthan,0.15587439801399208,0.020991306277589855
873c112eeffffff,Madhubani,Bihar,0.09211119899156046,0.0
873dad88cffffff,Nainital,Uttarakhand,0.3210226838453631,0.02255542959172483
8742c880cffffff,Aravalli,Gujarat,0.18961313122021362,0.02427702850546375
873d12a22ffffff,Saharanpur,Uttar Pradesh,0.3500800690439457,0.05901300194745256
876035d32ffffff,Virudhunagar,Tamil Nadu,0.29267906285398054,0.0
873c8e075ffffff,Jajpur,Odisha,0.1150104868688926,0.05154545638529412
873d85290ffffff,Bhind,Madhya Pradesh,0.1397692595666587,0.06862481959368393
876092334ffffff,Betul,Madhya Pradesh,0.21820807104733653,0.0
873d96810ffffff,Ratlam,Madhya Pradesh,0.15936552114886282,0.013359037323482665
873cb6d13ffffff,Nagpur,Maharashtra,0.1366325336058363,0.010578549728894826
873ca3316ffffff,Jashpur,Chhattisgarh,0.07467301174898928,0.03960011228655228
873c956f0ffffff,Koraput,Odisha,0.09509016080901872,0.12182373993876526
876189326ffffff,Krishnagiri,Tamil Nadu,0.1160976886111965,0.01602426511571501
873cf6712ffffff,Hooghly,West Bengal,0.07307275087189602,0.017053727601542324
8760b4205ffffff,Mahabubabad,Telangana,0.16297237322871078,0.06117655698133409
874251541ffffff,Jaisalmer,Rajasthan,0.14460610819510628,0.0
87609a6f2ffffff,Dhar,Madhya Pradesh,0.16184459239847973,0.008678937365937472
873cb2955ffffff,Gadchiroli,Maharashtra,0.1223694704143359,0.0622268692754281
873c90100ffffff,Malkangiri,Odisha,0.08380386320304693,0.14041403802243538
8742ca682ffffff,Narmada,Gujarat,0.17446892519470036,0.05028490265471052
8760954dbffffff,Yavatmal,Maharashtra,0.1309336489013015,0.019489962586972998
8760b3b69ffffff,Nizamabad,Telangana,0.11288808691247033,0.010133196201422083
873c18194ffffff,Araria,Bihar,0.07915640091601996,0.0
873d90c21ffffff,Ujjain,Madhya Pradesh,0.1280109768477975,0.00464297936678874
8742db1acffffff,Palghar,Maharashtra,0.2360156207263189,0.09425242295833676
873db376bffffff,Kota,Rajasthan,0.10806967794755983,0.0354781541564404
8760a364dffffff,Kalaburagi,Karnataka,0.11174580267353425,0.0
8760886c5ffffff,Raigad,Maharashtra,0.17692392562715747,0.08488022341185499
873cb2d6affffff,Gadchiroli,Maharashtra,0.14411075489270497,0.0642116601748302
873c80c4dffffff,Bargarh,Odisha,0.10091077046129207,0.06144484886031276
874249029ffffff,Moga,Punjab,0.3591700200237047,0.0
873c5ab25ffffff,Lohit,Arunachal Pradesh,0.045367903527556534,0.043398959619094714
873c5e041ffffff,Lower Siang,Arunachal Pradesh,0.21395637967757325,0.035060298018994906
87601ec96ffffff,Shivamogga,Karnataka,0.2659907308081659,0.018379298214037273
8742c30c2ffffff,Rajkot,Gujarat,0.1863727266614577,0.06367858725169816
876088b0bffffff,Ratnagiri,Maharashtra,0.25736437038222076,0.06910148245777414
8742ca412ffffff,Bharuch,Gujarat,0.18172121225524274,0.002686767520891503
8761aba41ffffff,Thanjavur,Tamil Nadu,0.27175814703668827,0.0
873d96b48ffffff,Ujjain,Madhya Pradesh,0.17269531138249145,0.0023678676415536714
873d895a2ffffff,Pratapgarh,Uttar Pradesh,0.05550752691544995,0.06242548502269664
87425ba6cffffff,Churu,Rajasthan,0.15750898766417537,0.023160242315711104
873d9a936ffffff,Narsinghpur,Madhya Pradesh,0.2389763539496579,0.019501619071546857
873c5132cffffff,Shi Yomi,Arunachal Pradesh,0.09001379034143285,0.006414835128017949
87209a05affffff,Muzaffarabad,Jammu and Kashmir,0.15826603921188806,0.05268267143871805
8742d9a2cffffff,Surat,Gujarat,0.18166527032776994,0.05571472867601636
873ca5c9bffffff,Singrauli,Madhya Pradesh,0.0927498692081153,0.09265359914392271
873ce3da3ffffff,South West Khasi Hills,Meghalaya,0.07632122782361875,0.010636390251909345
8742c1128ffffff,Kutch,Gujarat,0.1916253104666935,0.02865279506584929
873c3291effffff,Shrawasti,Uttar Pradesh,0.1745476145397491,0.10435384099551444
87425a2a0ffffff,Jodhpur,Rajasthan,0.17280895457233122,0.0
873ca6935ffffff,Umaria,Madhya Pradesh,0.1000945746525741,0.01842233033357919
876089db5ffffff,Ratnagiri,Maharashtra,0.40703432251961424,0.04276149820967998
873d81b5cffffff,Etawah,Uttar Pradesh,0.27534942644355614,0.0371228648897344
873d8e534ffffff,Mahoba,Uttar Pradesh,0.3030571715018271,0.0
8760a446dffffff,Kurnool,Andhra Pradesh,0.1028014254643741,0.012996249312046956
87208a69dffffff,Leh,Ladakh,0.1665745698548954,0.02700448040224413
873d86418ffffff,Baran,Rajasthan,0.12483998359473168,0.03982657550177492
873ca4170ffffff,Sidhi,Madhya Pradesh,0.10078191742843823,0.08575990882437134
876091268ffffff,Buldhana,Maharashtra,0.13952565585466356,0.001955695581472484
873db5470ffffff,Ajmer,Rajasthan,0.16604177989802116,0.03499933855179183
873d10976ffffff,Shimla,Himachal Pradesh,0.13367967541150608,0.01955636489262886
87618bb58ffffff,Chikkaballapura,Karnataka,0.1234029949473993,0.0
87425a858ffffff,Jodhpur,Rajasthan,0.17671580142532003,0.0
87609d153ffffff,Ahmednagar,Maharashtra,0.14509104801651454,0.00461498543264365
876016745ffffff,Anantapur,Andhra Pradesh,0.12067321399398868,0.0
873d96330ffffff,Indore,Madhya Pradesh,0.17344441772036492,0.002345505748262551
873d003b1ffffff,Leh,Ladakh,0.09332703805112015,0.014178566414447338
873da16d5ffffff,Aligarh,Uttar Pradesh,0.14002847079772057,0.05415121371846848
873c53c93ffffff,East Kameng,Arunachal Pradesh,0.07973776786970174,0.03538976070265994
873ce82cdffffff,Kiphire,Nagaland,0.04427869654180988,0.006350393481222144
873d1ab35ffffff,Pithoragarh,Uttarakhand,0.1177572616670038,0.03457822521839559
87425119dffffff,Jaisalmer,Rajasthan,0.14697518139490334,0.0
873ca06ddffffff,Surguja,Chhattisgarh,0.10162311271629286,0.04040759631747057
873d1a91dffffff,Pithoragarh,Uttarakhand,0.12195901169759167,0.030930333145854604
8760b0b0effffff,Jangaon,Telangana,0.23504755553572312,0.02164216412873455
873c93c48ffffff,Visakhapatnam,Andhra Pradesh,0.14409967684823555,0.07096178702171586
873d1396affffff,Tehri Garhwal,Uttarakhand,0.1796112314374252,0.03664579613320539
8760acaeeffffff,Haveri,Karnataka,0.16908397605427156,0.0
873ca49a4ffffff,Rewa,Madhya Pradesh,0.08157182558787181,0.06623260832439586
873d9924effffff,Shahdol,Madhya Pradesh,0.09833603484711054,0.06741879098875357
873cf2da6ffffff,Howrah,West Bengal,0.11672316874273356,0.0
876013933ffffff,Chikkamagaluru,Karnataka,0.16213018436138021,0.0
873d992c9ffffff,Shahdol,Madhya Pradesh,0.09725554510081981,0.0667067130496998
8742c3b9cffffff,Surendranagar,Gujarat,0.1879921319234399,0.09041966981510131
8760ac2e5ffffff,Dharwad,Karnataka,0.17118678558791278,0.0
873c842e8ffffff,Jharsuguda,Odisha,0.046713800308455664,0.025818029403171617
873d10a41ffffff,Uttarkashi,Uttarakhand,0.1263963578851024,0.026810361493231145
873ca6d25ffffff,Umaria,Madhya Pradesh,0.09844945375611422,0.019961988201793592
873da4a68ffffff,Hisar,Haryana,0.16109172557848722,0.0009675988848331513
873c966a2ffffff,East Godavari,Andhra Pradesh,0.09111173909632475,0.06383294450095318
876091489ffffff,Akola,Maharashtra,0.1106111502978865,0.00128889860114385
873c5e264ffffff,East Siang,Arunachal Pradesh,0.05320403895700079,0.1598960377097557
873c91aeaffffff,Rayagada,Odisha,0.049292805699203225,0.14473977929673282
873d33453ffffff,Kangra,Himachal Pradesh,0.1813538694255672,0.02083604453485008
8760981a0ffffff,Jalgaon,Maharashtra,0.15739680754254792,0.02040394669190988
8742c8069ffffff,Mahisagar,Gujarat,0.18356238287294663,0.02657959479350451
876093220ffffff,Burhanpur,Madhya Pradesh,0.10744905363235603,0.017576360852300774
8742e92d4ffffff,Pali,Rajasthan,0.18386708209569286,0.012737603614281317
873dab961ffffff,Shahjahanpur,Uttar Pradesh,0.14826967430666105,0.05692612209895674
873cb6188ffffff,Chandrapur,Maharashtra,0.1819693089869323,0.01853571622342953
873c91d5affffff,Koraput,Odisha,0.09824035418960463,0.11537320384072049
8760b60adffffff,Bijapur,Chhattisgarh,0.09670587878066077,0.04803224433655856
873ca9a1cffffff,Dumka,Jharkhand,0.09349030028522055,0.03346833516470465
873ca6cc4ffffff,Dindori,Madhya Pradesh,0.15286219003308266,0.013887395110978352
8742ea89dffffff,Kutch,Gujarat,0.18769055659162487,0.045093848478020004
8760ae8a9ffffff,Bagalkote,Karnataka,0.09301377124116045,0.0
87609eb46ffffff,Jalgaon,Maharashtra,0.155498155977648,0.02561988910047673
873ca28e6ffffff,Korba,Chhattisgarh,0.11420700542847995,0.003322743711741814
873c1eb6bffffff,Supaul,Bihar,0.07991947272382975,0.0
8760a2a42ffffff,Narayanpet,Telangana,0.11114396143939478,0.0
8742dc973ffffff,Amreli,Gujarat,0.19633671258105467,0.059535546504400044
873d8d229ffffff,Gonda,Uttar Pradesh,0.13097648834417924,0.046752295132414384
873c84c98ffffff,Baloda Bazar,Chhattisgarh,0.10891991747494556,0.05916492522593439
873cab510ffffff,East Singhbhum,Jharkhand,0.0545921470861217,0.044802521008521556
873d8284cffffff,Shivpuri,Madhya Pradesh,0.10943547615389984,0.019254126729024806
873c528f3ffffff,Tawang,Arunachal Pradesh,0.08036958028908094,0.0
873cea0daffffff,Thoubal,Manipur,0.06317152927298932,0.0
876013d15ffffff,Chitradurga,Karnataka,0.12025448068549154,0.0
873cae211ffffff,Ranchi,Jharkhand,0.08770634258312417,0.020266389277357143
873c136adffffff,Nawada,Bihar,0.07753301783924015,0.01184545512209825
8760a3af4ffffff,Raichur,Karnataka,0.10229469930459055,0.008167864353357035
8742c62b6ffffff,Devbhumi Dwarka,Gujarat,0.19379201069997487,0.04083841762269044
873d33ccaffffff,Kangra,Himachal Pradesh,0.32778692775199075,0.019737899732860793
87619ab0cffffff,Krishna,Andhra Pradesh,0.0513576937234526,0.0
873db5d73ffffff,Nagaur,Rajasthan,0.16558224616667927,0.032987036348102086
87608354dffffff,Beed,Maharashtra,0.15019886108938343,0.04766850509322603
876099660ffffff,Dang,Gujarat,0.3036417513394481,0.03292942990411271
8760808d0ffffff,Latur,Maharashtra,0.10588467964827857,0.0
8760a96a4ffffff,Sindhudurg,Maharashtra,0.16548590723426052,0.04063345877003864
873c8c968ffffff,Mayurbhanj,Odisha,0.030141677263934408,0.049948879327730726
873da2c13ffffff,Jaipur,Rajasthan,0.16780238703887174,0.03428366902019902
876010343ffffff,Hassan,Karnataka,0.1617430963809593,0.015078069848255368
876014d26ffffff,Krishnagiri,Tamil Nadu,0.1818520043023917,0.007231175134132839
873d3076cffffff,Chamba,Himachal Pradesh,0.12691432712975223,0.02126212034410983
873ca9123ffffff,Jamtara,Jharkhand,0.12931538074980645,0.1281849177403541
873c100c8ffffff,Saran,Bihar,0.12255925762800463,0.0
8742ec119ffffff,Barmer,Rajasthan,0.17681136621252916,0.0325934161708
873dac092ffffff,Amroha,Uttar Pradesh,0.25054964248213624,0.050838184439017144
873c8dc30ffffff,Jhargram,West Bengal,0.09072672063847449,0.02244879941390939
87609101affffff,Akola,Maharashtra,0.13311883285207687,0.02167253768161003
873c81a66ffffff,Kendujhar,Odisha,0.102287031602584,0.03023278726544601
8760b0890ffffff,Jayashankar Bhupalapally,Telangana,0.12738005900821808,0.0004432916973789156
873d11165ffffff,Kinnaur,Himachal Pradesh,0.29489693472098166,0.019009929915343907
8760b2064ffffff,Komaram Bheem,Telangana,0.12292888599751513,0.047573988528323646
873db00d4ffffff,Bhilwara,Rajasthan,0.14886972167453635,0.03678416035889489
8742c326effffff,Ahmedabad,Gujarat,0.19556343975221813,0.02050405735035615
873c914daffffff,Vizianagaram,Andhra Pradesh,0.10811031585536213,0.0
8761ab261ffffff,Ariyalur,Tamil Nadu,0.26507688035230725,0.0
87209b044ffffff,Leh,Ladakh,0.1742431011613098,0.02856939769137792
8760aecf5ffffff,Yadgir,Karnataka,0.10069287558227907,0.0
873d81a1affffff,Auraiya,Uttar Pradesh,0.304814109489218,0.37583260874222474
873d8c866ffffff,Hardoi,Uttar Pradesh,0.1647525224574809,0.07536291571275353
8760945a9ffffff,Wardha,Maharashtra,0.14724110009633068,0.011614360370042575
876013073ffffff,Shivamogga,Karnataka,0.16853056272842257,0.0
8760227a6ffffff,Kottayam,Kerala,0.20556721889452123,0.015680844681667753
873d84362ffffff,Dholpur,Rajasthan,0.11547558225969255,0.038571294633881516
873c8d35bffffff,Purba Medinipur,West Bengal,0.11122496607392879,0.0
873ce431cffffff,Kokrajhar,Assam,0.07667351772745681,0.0245478968893802
873cae79cffffff,Gumla,Jharkhand,0.07051024215723144,0.020849552443875517
873c9166dffffff,Srikakulam,Andhra Pradesh,0.13510094984282164,0.0
87608052cffffff,Latur,Maharashtra,0.10892704488936483,0.017736349358259126
873cb459affffff,Bhandara,Maharashtra,0.16014333058889946,0.015104636449860152
87618e394ffffff,S.P.S. Nellore,Andhra Pradesh,0.17989237529242438,0.0
87609208cffffff,Betul,Madhya Pradesh,0.1328508914340075,0.0034531516365303694
873d856cbffffff,Bhind,Madhya Pradesh,0.11808489007968333,0.04255851076681652
8742c10c9ffffff,Surendranagar,Gujarat,0.19329968210134124,0.03744787460291873
87619805affffff,Guntur,Andhra Pradesh,0.05032863956337935,0.02726307715108517
8760a1694ffffff,Raichur,Karnataka,0.10229469930459055,0.0
873d1e084ffffff,Chamoli,Uttarakhand,0.15101815230706497,0.026106147590990197
87425e2f6ffffff,Jodhpur,Rajasthan,0.17295407743016303,0.14627663228351462
8742eaba1ffffff,Vav-Tharad,Gujarat,0.19211920706073848,0.045093848478020004
873ce12c0ffffff,Nagaon,Assam,0.0680784582074067,0.0
873c83124ffffff,Nayagarh,Odisha,0.06067419938770355,0.04677293415041875
873c5c0a1ffffff,Upper Siang,Arunachal Pradesh,0.06921723888084116,0.014519867632689311
873c5c3a3ffffff,Upper Dibang Valley,Arunachal Pradesh,0.08525356394430764,0.08527956651446587
873c14c89ffffff,Sant Kabir Nagar,Uttar Pradesh,0.12300298062849885,0.05709534635720334
87608d16dffffff,Ratnagiri,Maharashtra,0.31845563119227316,0.0509042046881704
87609ba66ffffff,Dhule,Maharashtra,0.1654555877865825,0.03613431509640279
873d818c1ffffff,Bhind,Madhya Pradesh,0.14973323690167462,0.4306507068753227
874249240ffffff,Ludhiana,Punjab,0.3326902754651851,0.03532744047503544
87425ec6bffffff,Jaisalmer,Rajasthan,0.17088639037334918,0.0
873c5ad6dffffff,Tinsukia,Assam,0.0783169951042738,0.01591492235042309
873c942c0ffffff,Bastar,Chhattisgarh,0.1672520685555604,0.08700860784935883
873d93856ffffff,Sehore,Madhya Pradesh,0.12242037750193847,0.007051658992892682
873c91ba5ffffff,Rayagada,Odisha,0.03251191231391863,0.1430572873702135
87425e70cffffff,Jaisalmer,Rajasthan,0.16687040914128026,0.0
873d9c204ffffff,Sagar,Madhya Pradesh,0.12426741230678588,0.02216547080456755
87424a765ffffff,Hanumangarh,Rajasthan,0.16226178613821426,0.0016957663533898005
873c5c504ffffff,Upper Siang,Arunachal Pradesh,0.064388123695889,0.011193935407276695
873daa333ffffff,Farrukhabad,Uttar Pradesh,0.158926102321564,0.06537612607327181
87425a136ffffff,Jodhpur,Rajasthan,0.17771883906384853,0.005707561250076391
873c9454affffff,Dakshin Bastar Dantewada,Chhattisgarh,0.08088568868837412,0.10780492016951453
873d9b501ffffff,Seoni,Madhya Pradesh,0.09533940324773137,0.004238327745508976
87608821effffff,Raigad,Maharashtra,0.25224561728330797,0.08113514667024974
873c94c45ffffff,Dakshin Bastar Dantewada,Chhattisgarh,0.11567452369692147,0.048059021439535686
8742cd021ffffff,Udaipur,Rajasthan,0.17006165490415337,0.03936843236100767
8760b08f5ffffff,Warangal Urban,Telangana,0.09921656223930739,0.0
873d88756ffffff,Kaushambi,Uttar Pradesh,0.12197970862676115,0.5897359733415636
8761a9509ffffff,Nagapattinam,Tamil Nadu,0.2792496776726202,0.0
873db336affffff,Kota,Rajasthan,0.12080286379619405,0.01892700131731535
873d9ac2effffff,Chhindwara,Madhya Pradesh,0.2834729539913388,0.0006842247594510248
873db1898ffffff,Tonk,Rajasthan,0.1680518562143994,0.039750256161778415
873ca4655ffffff,Sidhi,Madhya Pradesh,0.09956721904396872,0.006976514243209898
873dae710ffffff,Etah,Uttar Pradesh,0.14626863376139287,0.00704670760888817
873caa104ffffff,West Singhbhum,Jharkhand,0.11506545581639496,0.021138981234249562
873cb0136ffffff,Rajnandgaon,Chhattisgarh,0.057444872960927616,0.06267236674093264
87618824dffffff,Chittoor,Andhra Pradesh,0.1019948772618247,0.012830043749027702
8760928d9ffffff,Betul,Madhya Pradesh,0.21773953306307117,0.0
87619a655ffffff,Bhadradri Kothagudem,Telangana,0.09114253589884708,0.04138135134714005
873da4301ffffff,Churu,Rajasthan,0.16205273024293,0.021486052661424157
873d9c79cffffff,Sagar,Madhya Pradesh,0.10667270956926622,0.002491784168148563
873da0baaffffff,Mahendragarh,Haryana,0.10713572212245888,0.05533819352088257
8742cc014ffffff,Mehsana,Gujarat,0.19583169939558925,0.04090673820062066
873ca5d19ffffff,Mirzapur,Uttar Pradesh,0.10871445923214358,0.06188313684820874
873cc075effffff,Lunglei,Mizoram,0.0756578453257476,0.005932631333293923
873d33a2dffffff,Lahaul and Spiti,Himachal Pradesh,0.08245849172521577,0.013350349599802691
87425c2c3ffffff,Bikaner,Rajasthan,0.15775276595795612,0.13222717393612538
873c36674ffffff,Shrawasti,Uttar Pradesh,0.16456773060907665,0.05591190527439276
874253271ffffff,Jaisalmer,Rajasthan,0.17723199842949403,0.0388053320558976
876091001ffffff,Akola,Maharashtra,0.1259257782419338,0.021541649790577842
873ce0072ffffff,Goalpara,Assam,0.08526609635261802,0.0
873d2e4e9ffffff,Leh,Ladakh,0.06922709364063075,0.013659240415488525
8742e9771ffffff,Jalore,Rajasthan,0.1898628014500235,0.19892117577786045
873ca0228ffffff,Surajpur,Chhattisgarh,0.0840593363534225,0.03815238659521695
874258d4cffffff,Bikaner,Rajasthan,0.151930852909268,0.0
8760364f2ffffff,Kallakurichi,Tamil Nadu,0.24433967882281227,0.0
873cee084ffffff,Dima Hasao,Assam,0.12148924918247458,0.0
8760a25a8ffffff,Ranga Reddy,Telangana,0.10565094642792905,0.005879864322892733
873d90552ffffff,Dewas,Madhya Pradesh,0.12675134951369316,0.00779692227159205
874248595ffffff,Ganganagar,Rajasthan,0.3258483707622549,0.0
873d80c25ffffff,Shivpuri,Madhya Pradesh,0.1008855114830339,0.05155787345106948
873da4cf3ffffff,Churu,Rajasthan,0.1712296531204474,0.003297352715246782
873d30465ffffff,Udhampur,Jammu and Kashmir,0.16285601687259638,0.02870630847923392
8760ab308ffffff,Sindhudurg,Maharashtra,0.22327603185615197,0.049561724208453825
8742eba70ffffff,Sirohi,Rajasthan,0.19878553016111522,0.08474312581920304
873ca2a76ffffff,Surajpur,Chhattisgarh,0.09846163375507422,0.07279325224385721
873cae21cffffff,Khunti,Jharkhand,0.0856192001842805,0.01736416897291527
8742c8da0ffffff,Ahmedabad,Gujarat,0.19910586439235722,0.06281852897074089
87609ea13ffffff,Jalgaon,Maharashtra,0.15635501217839431,0.02312886854988118
8760a032cffffff,Kurnool,Andhra Pradesh,0.10777464573841865,0.0
873ce3820ffffff,West Khasi Hills,Meghalaya,0.05809648598098388,0.0368507544588938
873ca40f0ffffff,Sidhi,Madhya Pradesh,0.08883748639768266,0.08108974798833882
87609d320ffffff,Ahmednagar,Maharashtra,0.15100360628033513,0.04268429019207987
873cf4135ffffff,Birbhum,West Bengal,0.04664288257377304,0.01493605063143747
873cb2d65ffffff,Gadchiroli,Maharashtra,0.06158573239665271,0.05733683597849998
873ca09b6ffffff,Sidhi,Madhya Pradesh,0.09956721904396872,0.007767245902840192
8760305b5ffffff,Namakkal,Tamil Nadu,0.24937923705486756,0.0
873c8595affffff,Simdega,Jharkhand,0.07993649068523609,0.07256215951187378
873daad74ffffff,Firozabad,Uttar Pradesh,0.1361657534444991,0.0
873da548effffff,Charkhi Dadri,Haryana,0.10545188814624727,0.020319830898346256
873d9d488ffffff,Damoh,Madhya Pradesh,0.11267497205184343,0.035573398171658006
873c8315cffffff,Nayagarh,Odisha,0.12221848227267697,0.04662092192948695
87209a69dffffff,Punch,Jammu and Kashmir,0.15651241149391543,0.053292929839327915
873d9a0a5ffffff,Chhindwara,Madhya Pradesh,0.20230958934562002,0.00016722422217270785
873c94034ffffff,Bastar,Chhattisgarh,0.10381835411279428,0.05217676787828679
873ca04cbffffff,Koriya,Chhattisgarh,0.09023430936436902,0.0612690076589931
873d9e005ffffff,Raisen,Madhya Pradesh,0.09672161204398129,0.03282807762681188
873db60c4ffffff,Rajsamand,Rajasthan,0.18241405719761503,0.03036437758003949
873d9cadeffffff,Sagar,Madhya Pradesh,0.11291861986702473,0.06498836644898962
873c96145ffffff,Sukma,Chhattisgarh,0.06019348659346938,0.08923674118349773
873dad89cffffff,Nainital,Uttarakhand,0.13497288188619125,0.019202292662792518
873c9406dffffff,Bastar,Chhattisgarh,0.07628439834851986,0.07233482923775522
87601105effffff,Dakshina Kannada,Karnataka,0.1537626046846123,0.04003617227278005
8742cc399ffffff,Gandhinagar,Gujarat,0.20946697699819755,0.055787799374297994
873ca0722ffffff,Koriya,Chhattisgarh,0.14274457100340715,0.03913366861106572
873c85058ffffff,Sundargarh,Odisha,0.10402433950475971,0.038697504957772015
873db2cb4ffffff,Udaipur,Rajasthan,0.16386207514225284,0.07761191490605297
87209b55cffffff,Kupwara,Jammu and Kashmir,0.14008179603220336,0.01745322709994177
873d99404ffffff,Katni,Madhya Pradesh,0.10020231075696795,0.05563079881964281
873da2ce5ffffff,Jaipur,Rajasthan,0.16780238703887174,0.03544908117874442
873ca11b5ffffff,Balrampur,Chhattisgarh,0.08084447685680028,0.05034025611086115
8760912ceffffff,Buldhana,Maharashtra,0.12843604047778243,0.021152855314566274
873ce8840ffffff,Golaghat,Assam,0.052341238113437785,0.0
873c83435ffffff,Ganjam,Odisha,0.09760685423820081,0.046309049872219094
873cf6a04ffffff,Purba Bardhaman,West Bengal,0.07094166275592775,0.021689256849992043
873c84195ffffff,Raigarh,Chhattisgarh,0.12115162314520486,0.0515623247592102
873cf4d11ffffff,Dumka,Jharkhand,0.08440034746951548,0.07598535067513436
8760b5db5ffffff,Suryapet,Telangana,0.16174094367317715,0.0
874251c68ffffff,Jaisalmer,Rajasthan,0.14708174086161022,0.0
873ce6b58ffffff,Kokrajhar,Assam,0.07637652006204904,0.0
873c13189ffffff,Patna,Bihar,0.08035925378649067,0.0
873d1661cffffff,Kaithal,Haryana,0.28986434890900725,0.05009423114790902
873cb2376ffffff,Uttar Bastar Kanker,Chhattisgarh,0.09140952857627885,0.08768937339913452
8760811a0ffffff,Solapur,Maharashtra,0.15600517547905746,0.00661294646262456
876098b4bffffff,Nashik,Maharashtra,0.17751389784697133,0.005672881393758229
87619a295ffffff,Khammam,Telangana,0.07896945518055576,0.010265802587945915
873ca4195ffffff,Sidhi,Madhya Pradesh,0.1067348591418983,0.0766316207049854
876098d0bffffff,Jalgaon,Maharashtra,0.15012315665817152,0.021948852907503636
873d3321affffff,Kullu,Himachal Pradesh,0.1499179007240451,0.02706374870803817
87619e40dffffff,East Godavari,Andhra Pradesh,0.06598167010292913,0.0
8760b44c1ffffff,Mulugu,Telangana,0.054259217803673494,0.060742529775596285
8760a68d4ffffff,Prakasam,Andhra Pradesh,0.09602869454860384,0.0
8742c2c0dffffff,Porbandar,Gujarat,0.18715140235027855,0.021675099226824108
873c85cb3ffffff,Sundargarh,Odisha,0.06543143867743022,0.05561197475947552
873c82c5bffffff,Rayagada,Odisha,0.033561076772718565,0.08098149158886594
876188669ffffff,Chittoor,Andhra Pradesh,0.1019948772618247,0.0
873d13581ffffff,Bijnor,Uttar Pradesh,0.23635039276389372,0.05335428051950235
873d9c0b5ffffff,Sagar,Madhya Pradesh,0.10839294545937804,0.04838434887691736
876011aceffffff,Kasaragod,Kerala,0.24640528445202903,0.027708321096361073
873c82d48ffffff,Kalahandi,Odisha,0.06167551056543754,0.11155100161290918
873da0548ffffff,Sikar,Rajasthan,0.16645936162309485,0.03631973385404851
872098ab2ffffff,Leh,Ladakh,0.15594520738949422,0.03927608481341918
873d8601cffffff,Baran,Rajasthan,0.10699396675620504,0.03582550977570562
873c13480ffffff,Gaya,Bihar,0.07668300171097307,0.025981851000635856
873cacccaffffff,Chatra,Jharkhand,0.07998337921432185,0.05425132995527367
873dab21dffffff,Sitapur,Uttar Pradesh,0.1625402711441981,0.1109315709123617
873c82d69ffffff,Kalahandi,Odisha,0.09728392914142409,0.10851863331139594
873c5e8d6ffffff,West Siang,Arunachal Pradesh,0.0719509134132639,0.045544905593290275
87618ca4affffff,Viluppuram,Tamil Nadu,0.27901951024231886,0.07260265794988757
873c8d5adffffff,Mayurbhanj,Odisha,0.11177938239931028,0.020534886033410183
873d950ccffffff,Jhalawar,Rajasthan,0.1029535005346881,0.037384582855304015
873c12475ffffff,Rohtas,Bihar,0.09254350656166396,0.10995765087323771
8760a9c84ffffff,Belagavi,Karnataka,0.2740147884992189,0.0
873d96013ffffff,Dhar,Madhya Pradesh,0.17120798497888495,0.0092850033017127
873ce4662ffffff,Kokrajhar,Assam,0.13047372156073947,0.0
873dab619ffffff,Sitapur,Uttar Pradesh,0.15391048593601947,0.06841163069503482
876012b4affffff,Chitradurga,Karnataka,0.11937078216218362,0.0
873cf2560ffffff,South 24 Parganas,West Bengal,0.08692388660074672,0.6115259192381085
8760146e0ffffff,Tumakuru,Karnataka,0.1224267340088136,0.017647905244347447
873c86c86ffffff,Nuapada,Odisha,0.06676614452316777,0.04719375268458988
873daa914ffffff,Etah,Uttar Pradesh,0.15563232223932344,0.032321795421347985
876084084ffffff,Bidar,Karnataka,0.10600728629932638,0.0
873caa16bffffff,West Singhbhum,Jharkhand,0.0861038238135572,0.03874911209552855
8742e9998ffffff,Barmer,Rajasthan,0.1773418691039801,0.0
87618d56bffffff,Tiruvannamalai,Tamil Nadu,0.26027445632863155,0.0031847838252122454
873da8b03ffffff,Bareilly,Uttar Pradesh,0.29745926791289223,0.04559355044211861
876082d03ffffff,Hingoli,Maharashtra,0.10676405176237351,0.06458505075081326
873d05124ffffff,Leh,Ladakh,0.08966710648396262,0.017752054705412308
873ce54e9ffffff,Baksa,Assam,0.07768476423049739,0.0
873c85449ffffff,Sambalpur,Odisha,0.10519899001820378,0.06340951713956117
8742c5caeffffff,Kutch,Gujarat,0.19126129824940424,0.028829098816885817
873cc5661ffffff,Aizawl,Mizoram,0.06847993543359099,0.02004439654000823
873d9208bffffff,Khandwa,Madhya Pradesh,0.11264241992297065,0.007675778781869493
873ced48cffffff,Jorhat,Assam,0.06549831718300532,0.0005360955126033999
873ce445affffff,Dhubri,Assam,0.0809177884766064,0.0
873ca4048ffffff,Sidhi,Madhya Pradesh,0.09352202408183079,0.0743133379431279
873d0698dffffff,Leh,Ladakh,0.060214789270167594,0.016442865491523274
873daac8affffff,Firozabad,Uttar Pradesh,0.1481503061780185,0.0010205506218365877
873cc1c5dffffff,Champhai,Mizoram,0.09182394892069844,0.0
873c93942ffffff,Visakhapatnam,Andhra Pradesh,0.09068695460943538,0.08701501463227321
873cb6320ffffff,Gondia,Maharashtra,0.1303813107797827,0.017734851355227836
876098808ffffff,Aurangabad,Maharashtra,0.17747505553654125,0.02235226620250062
8760a35b0ffffff,Kalaburagi,Karnataka,0.10472310541960013,0.0
873d05850ffffff,Leh,Ladakh,0.07228640664464203,0.019851374433699605
873d9ad64ffffff,Chhindwara,Madhya Pradesh,0.22444283447114613,0.0033799744393589013
8760b6a94ffffff,Jayashankar Bhupalapally,Telangana,0.08230516445104015,0.06317938874803156
87619b2e2ffffff,Nalgonda,Telangana,0.12580106028905597,0.0
873d86d4dffffff,Kota,Rajasthan,0.12308339930019953,0.04204191642659854
873c1609bffffff,Varanasi,Uttar Pradesh,0.12187050569704073,0.026674894329535747
873dae795ffffff,Etah,Uttar Pradesh,0.14629255190591356,0.005902900947710116
873c88cdbffffff,Bhadrak,Odisha,0.10079221828536827,0.5536523078807943
87425189affffff,Jaisalmer,Rajasthan,0.14708174086161022,0.0
873c5e94bffffff,Siang,Arunachal Pradesh,0.1265757491163902,0.025625162719565966
876088c19ffffff,Pune,Maharashtra,0.17291098041211825,0.03303752382714129
873ca924bffffff,Birbhum,West Bengal,0.048004715776090265,0.0528457584346427
873d88a11ffffff,Rae Bareli,Uttar Pradesh,0.1316216745397747,0.0888693898251694
873c516e5ffffff,Upper Subansiri,Arunachal Pradesh,0.08173067437143573,0.0
8742e9672ffffff,Jalore,Rajasthan,0.18585048132222898,0.009356941584311294
876095b95ffffff,Yavatmal,Maharashtra,0.10601412688438554,0.06304406154700085
87618a865ffffff,Chittoor,Andhra Pradesh,0.1326012650028958,0.012639140458949979
873daa342ffffff,Farrukhabad,Uttar Pradesh,0.163301230260609,0.027163007984787504
873d90170ffffff,Shajapur,Madhya Pradesh,0.11512980019738693,0.005128247426709244
873c8400dffffff,Raigarh,Chhattisgarh,0.12023632802482506,0.052618982041267484
87424b0eeffffff,Mansa,Punjab,0.15573391984631407,0.0
87209b05cffffff,Leh,Ladakh,0.15411618776533753,0.02856939769137792
873c92d03ffffff,East Godavari,Andhra Pradesh,0.06821473475954169,0.05720689293091526
873c5e42cffffff,Lower Siang,Arunachal Pradesh,0.18982056649792345,0.0076968508491213495
8760b3a43ffffff,Nizamabad,Telangana,0.11027932381202336,0.010877423400781893
873c1e0c6ffffff,Khagaria,Bihar,0.08418686700691401,0.4998328228936571
8760a38c0ffffff,Raichur,Karnataka,0.1158454623484386,0.07326128010580388
873d83d02ffffff,Shivpuri,Madhya Pradesh,0.09781972339248321,0.019646543666709714
8742cec5dffffff,Surendranagar,Gujarat,0.19192249845236214,0.05680749794024659
8742c94e0ffffff,Jhabua,Madhya Pradesh,0.15435045328663255,0.030045740325892512
873da264cffffff,Dausa,Rajasthan,0.11235118447535555,0.0451430604300159
873d99626ffffff,Umaria,Madhya Pradesh,0.10806378097887169,0.014600068940135725
873ca2453ffffff,Bilaspur,Chhattisgarh,0.1417636881202528,0.04720104957124117
87425e09dffffff,Jaisalmer,Rajasthan,0.15726988096514746,0.0
874251784ffffff,Jaisalmer,Rajasthan,0.1697225806287562,0.0
8742e2601ffffff,Kutch,Gujarat,0.26115590077348283,0.0
873ce4466ffffff,Alipurduar,West Bengal,0.13506651351481114,0.0
873d16d73ffffff,Sangrur,Punjab,0.315826645441812,0.002338360634847345
873d94580ffffff,Ratlam,Madhya Pradesh,0.17501426358803654,0.007263606496409455
873c586e1ffffff,Lohit,Arunachal Pradesh,0.05370063968394531,0.05506663993922031
873c91cc9ffffff,Vizianagaram,Andhra Pradesh,0.09593335140713592,0.0650313359291963
873cb0196ffffff,Rajnandgaon,Chhattisgarh,0.059216939909739995,0.062492002717173076
873cc0646ffffff,Lunglei,Mizoram,0.07807941779073144,0.0
873c15658ffffff,East Champaran,Bihar,0.12279748848877842,0.0
87425a8aeffffff,Jodhpur,Rajasthan,0.17229390998871771,0.0039801545754397805
873c8cb1affffff,Mayurbhanj,Odisha,0.07033567013773907,0.03757467273720425
873db57a4ffffff,Ajmer,Rajasthan,0.16670092203875625,0.03538844489922275
876012841ffffff,Chitradurga,Karnataka,0.09766542453419548,0.0
87425101cffffff,Jaisalmer,Rajasthan,0.14548188708258894,0.0
8760918c8ffffff,Washim,Maharashtra,0.12571546679464243,0.0035293929003999184
87618dc8effffff,Viluppuram,Tamil Nadu,0.2610615889652685,0.003821165554046984
8760a4241ffffff,Kurnool,Andhra Pradesh,0.11167234750841322,0.0
874253442ffffff,Jaisalmer,Rajasthan,0.17303906637264618,0.0382751565094635
8761980ccffffff,Guntur,Andhra Pradesh,0.07040267504456385,0.01891247762867673
873ca5469ffffff,Sonbhadra,Uttar Pradesh,0.10357451857950577,0.0999226560556727
873ca9d4bffffff,Jamtara,Jharkhand,0.12556701462529082,0.05708520500566774
8760f6499ffffff,Ratnagiri,Maharashtra,0.33687854169441056,0.05144662867536283
873d92ba4ffffff,Dewas,Madhya Pradesh,0.12945708878546608,0.0007358530013593777
87424a4daffffff,Bikaner,Rajasthan,0.15596195049396994,0.18458715205097076
873c14c48ffffff,Gorakhpur,Uttar Pradesh,0.13139954483459432,0.0
873da1da0ffffff,Rewari,Haryana,0.11512243725117714,0.040148913695874235
8742eaa8effffff,Vav-Tharad,Gujarat,0.19183863870713036,0.06118704627267226
87608242bffffff,Hingoli,Maharashtra,0.1085707050179675,0.0366953946146548
874248770ffffff,Fazilka,Punjab,0.30954608764610175,0.0
876094595ffffff,Nagpur,Maharashtra,0.11144793821816155,0.011614360370042575
8742c0624ffffff,Rajkot,Gujarat,0.20414090660906342,0.047330171728925535
8742c04aeffffff,Jamnagar,Gujarat,0.19650053679282367,0.04630823466294003
873c50788ffffff,Kurung Kumey,Arunachal Pradesh,0.06843126120854504,0.0
873ca3c1bffffff,Surguja,Chhattisgarh,0.10673829818760273,0.04629245019687447
873cf2716ffffff,South 24 Parganas,West Bengal,0.07995346723419736,0.6020157490496414
873c5070affffff,Kurung Kumey,Arunachal Pradesh,0.06762853929794768,0.0
873c5288effffff,Tawang,Arunachal Pradesh,0.08036958028908094,0.0
873caea46ffffff,Ranchi,Jharkhand,0.08299099825357413,0.017637181230733105
873c83824ffffff,Angul,Odisha,0.05965983977680672,0.0504978551684222
873ced88dffffff,Lakhimpur,Assam,0.10678397076059949,0.0
873c9c573ffffff,Ganjam,Odisha,0.06564616112751552,0.05388096596325471
8742cc4f3ffffff,Mehsana,Gujarat,0.19583169939558925,0.030223491664954173
87609e4e2ffffff,Khandwa,Madhya Pradesh,0.10735165401724077,0.014081493985669671
873cad8d1ffffff,Nawada,Bihar,0.07854968641751402,0.04895435095804012
8760a54ecffffff,Anantapur,Andhra Pradesh,0.10259878827187692,0.0
8742ec343ffffff,Barmer,Rajasthan,0.17958085122629855,0.04714703973497587
87609e89cffffff,Jalgaon,Maharashtra,0.10673660725403383,0.02146146066111089
873ce676dffffff,South West Garo Hills,Meghalaya,0.05380290446490329,0.0
8760b0a45ffffff,Siddipet,Telangana,0.2709346070780725,0.016062098769718768
8742e8ba6ffffff,Barmer,Rajasthan,0.17679436647851446,0.04615069579998104
873ca035effffff,Surajpur,Chhattisgarh,0.09286336805374086,0.04902921284497493
87608e034ffffff,Ahmednagar,Maharashtra,0.15045241914452662,0.011185497604541865
873d9e0eeffffff,Narsinghpur,Madhya Pradesh,0.10097185847536937,0.02381445783464949
873db5d53ffffff,Nagaur,Rajasthan,0.16446412492910706,0.032987036348102086
873ca4220ffffff,Singrauli,Madhya Pradesh,0.08419867848505422,0.07287388844921495
87640d095ffffff,Nicobars,Andaman and Nicobar Islands,0.1277177323239076,0.3585938547835577
873d35a03ffffff,Kargil,Ladakh,0.11504146782741337,0.014170015870584425
873da5010ffffff,Bhiwani,Haryana,0.10649833985331085,0.019216237158723955
873c8382effffff,Angul,Odisha,0.05593039061103887,0.08135781197888603
876026542ffffff,Tirunelveli,Tamil Nadu,0.2278177402573758,0.04864214367001677
873d94153ffffff,Jhalawar,Rajasthan,0.15159183195253526,0.026929057131006524
873d9c432ffffff,Sagar,Madhya Pradesh,0.10920346871174291,0.010814255024227747
87618baa6ffffff,Chittoor,Andhra Pradesh,0.1234029949473993,0.0
873c18cc3ffffff,Araria,Bihar,0.025285268836182664,0.0
873d8b08effffff,Prayagraj,Uttar Pradesh,0.12210203830163434,0.0013756849013041527
873c586e0ffffff,Lohit,Arunachal Pradesh,0.06604454443958932,0.0703489503849677
873d9019dffffff,Dewas,Madhya Pradesh,0.1273776767238726,0.003889446054431235
873cb3295ffffff,Gariaband,Chhattisgarh,0.11176214088648884,0.06709811065523882
873cf652bffffff,Bankura,West Bengal,0.10535543700246551,0.025900489313238274
873d06690ffffff,Lahaul and Spiti,Himachal Pradesh,0.12580123692558984,0.018705696134990814
873da4003ffffff,Churu,Rajasthan,0.16440323051410022,0.0
873d90d55ffffff,Ujjain,Madhya Pradesh,0.12672679596807127,0.00464297936678874
873c58358ffffff,Anjaw,Arunachal Pradesh,0.10513920835820921,0.07012740957168676
873c1230dffffff,Rohtas,Bihar,0.07722625156193014,0.0
873d82523ffffff,Guna,Madhya Pradesh,0.10961761599885203,0.04703390210000522
87618b096ffffff,Y.S.R. Kadapa,Andhra Pradesh,0.11402519604497284,0.0
8760ac823ffffff,Davanagere,Karnataka,0.11903627653302686,0.0
87619b16cffffff,Guntur,Andhra Pradesh,0.06987692446671326,0.0
873c82141ffffff,Kandhamal,Odisha,0.1578449949853668,0.03865855947264247
873ceab8effffff,Kangpokpi,Manipur,0.09382355867503393,0.0
873d1a84cffffff,Pithoragarh,Uttarakhand,0.11884311558332382,0.03356183345101322
873da3344ffffff,Mathura,Uttar Pradesh,0.13091458539717488,0.02400216800795262
873c5a993ffffff,Tinsukia,Assam,0.08853504364765676,0.02207489167555049
873cb64b4ffffff,Chandrapur,Maharashtra,0.11652328975196449,0.013063019849214349
87619bc01ffffff,Krishna,Andhra Pradesh,0.0791663641940326,0.012944772785200405
873db1109ffffff,Tonk,Rajasthan,0.16900808701301295,0.034242593342173354
87609912cffffff,Nashik,Maharashtra,0.19617471848817655,0.011247930411517284
873c1055affffff,Ballia,Uttar Pradesh,0.12539596239246956,0.018180918544012246
873d352b5ffffff,Kargil,Ladakh,0.07232510348238312,0.014256994741019761
87609ac1bffffff,Khargone,Madhya Pradesh,0.15923096236266637,0.008585033273118884
873d34924ffffff,Muzaffarabad,Jammu and Kashmir,0.13337958702826527,0.04610713450379952
876090cc8ffffff,Wardha,Maharashtra,0.10470533762894965,0.016095640270997087
873c1d2c6ffffff,Darjeeling,West Bengal,0.23857358928307404,0.021158742262285243
873cb5b31ffffff,Dindori,Madhya Pradesh,0.15062185919065474,0.009509699855241
8760316f3ffffff,Palakkad,Kerala,0.22658661615313513,0.0054078362519495975
873c5b85effffff,Anjaw,Arunachal Pradesh,0.07781340310740355,0.04596886775754919
8760264c3ffffff,Tenkasi,Tamil Nadu,0.22120183496026058,0.0
87618c255ffffff,Tiruvannamalai,Tamil Nadu,0.16661992028265205,0.017266265731412055
873c95b8dffffff,Kalahandi,Odisha,0.10072005540811207,0.10679830282264774
873c5304bffffff,Lower Subansiri,Arunachal Pradesh,0.08762288582504678,0.0
87425d02dffffff,Ganganagar,Rajasthan,0.17786712466228607,0.166799212026768
873c51064ffffff,Shi Yomi,Arunachal Pradesh,0.06703149346620149,0.0
8760adb59ffffff,Uttara Kannada,Karnataka,0.19291137533253935,0.037357306499990015
873d842ecffffff,Morena,Madhya Pradesh,0.11058529209324018,0.03441593438435084
873d8ca75ffffff,Hardoi,Uttar Pradesh,0.13175651486400258,0.06973788617593549
876036cc0ffffff,Perambalur,Tamil Nadu,0.2431521389157476,0.3353728394142865
873d32036ffffff,Gurdaspur,Punjab,0.34604093741035613,0.032711574458798846
873d8a05bffffff,Satna,Madhya Pradesh,0.09524598602421795,0.048492538278986766
874258900ffffff,Bikaner,Rajasthan,0.1663567746927613,0.11991750005837898
876088962ffffff,Satara,Maharashtra,0.4016356309180309,0.051223478894127886
873c36c06ffffff,Lakhimpur Kheri,Uttar Pradesh,0.15315187335659491,0.07464500700171392
873c523b3ffffff,West Kameng,Arunachal Pradesh,0.09287881735263928,0.0037649304628706325
873c1032bffffff,Siwan,Bihar,0.11302526859634898,0.0
8760326d4ffffff,Krishnagiri,Tamil Nadu,0.23664459202265373,0.007833414704047702
873caa2d3ffffff,Mayurbhanj,Odisha,0.05381933327761369,0.06751599755961911
873d8e0e9ffffff,Mahoba,Uttar Pradesh,0.07444503064210384,0.41251184621805737
8742cb349ffffff,Dhar,Madhya Pradesh,0.16292222744457235,0.012389858788898159
873c1e246ffffff,Madhepura,Bihar,0.02655197184085623,0.0
873cb6db6ffffff,Wardha,Maharashtra,0.13660851479229874,0.009621510277545708
873d9216cffffff,Dewas,Madhya Pradesh,0.09399429269651581,0.01015420861985912
8742e2200ffffff,Kutch,Gujarat,0.32467989718976553,0.2804378640632067
873c16b1dffffff,Azamgarh,Uttar Pradesh,0.11920105212002192,0.0
873c168f3ffffff,Azamgarh,Uttar Pradesh,0.12831090155711847,0.0
873d9b319ffffff,Dindori,Madhya Pradesh,0.2659041819901617,0.012439965238979387
876083369ffffff,Beed,Maharashtra,0.15100360628033513,0.005850625277970723
873d82906ffffff,Baran,Rajasthan,0.09960133060330766,0.020966503472110765
873c8131cffffff,Kendujhar,Odisha,0.20287593514973254,0.018439414717700005
87609e19effffff,Burhanpur,Madhya Pradesh,0.11108608627791915,0.00984534377939494
873ce074affffff,West Khasi Hills,Meghalaya,0.11505467070745386,0.022818324008280974
873d22d05ffffff,Kargil,Ladakh,0.07715100075968337,0.014325420606009817
873d85003ffffff,Dholpur,Rajasthan,0.11191509636931873,0.10162801102988804
8760b1adaffffff,Sangareddy,Telangana,0.10697552864864977,0.0
8742c9829ffffff,Banswara,Rajasthan,0.1629847314334764,0.046338992119712284
8742dcbacffffff,Amreli,Gujarat,0.19641227293191554,0.04101560515985144
873c8dd81ffffff,Mayurbhanj,Odisha,0.0739063843435517,0.02244879941390939
873c10cb6ffffff,Mau,Uttar Pradesh,0.12210203830163434,0.0
873d8c742ffffff,Kanpur Nagar,Uttar Pradesh,0.13049932118920943,0.10917937070125029
876198776ffffff,Guntur,Andhra Pradesh,0.04907766229730967,0.0
873cf4931ffffff,Sahibganj,Jharkhand,0.09181469995047628,0.0516412536210314
873c9555effffff,Nabarangapur,Odisha,0.05665374289776611,0.11241385882726034
87424a1a2ffffff,Ganganagar,Rajasthan,0.17883447378115366,0.21277887555714164
873cf6042ffffff,Purba Bardhaman,West Bengal,0.07045824045151777,0.02705272187692392
876033daeffffff,Erode,Tamil Nadu,0.25727964173985984,0.008118372788388667
8760a1da2ffffff,Kurnool,Andhra Pradesh,0.11316108125308734,0.0
8760ac925ffffff,Davanagere,Karnataka,0.12235868195608599,0.0
873c8056effffff,Subarnapur,Odisha,0.09870857549362992,0.03827642347713843
873c93c11ffffff,Visakhapatnam,Andhra Pradesh,0.10133955656242184,0.08346460793063422
873caa743ffffff,West Singhbhum,Jharkhand,0.032886899107290736,0.048951183972500534
8760a0cb3ffffff,Nagarkurnool,Telangana,0.11135042520003237,0.0
873d9961cffffff,Umaria,Madhya Pradesh,0.10677960009914546,0.016547464501815618
873db692bffffff,Pali,Rajasthan,0.18206033597411792,0.02921156059077629
87618d318ffffff,Tiruvannamalai,Tamil Nadu,0.2431358784839352,0.011393444487132117
873d85185ffffff,Dholpur,Rajasthan,0.11186234504512609,0.024763447133351144
873d93012ffffff,Sehore,Madhya Pradesh,0.10469311925408657,0.02181196760883425
873da1846ffffff,Sonipat,Haryana,0.13780672241900244,0.06095875729141096
8742e3d8dffffff,Kutch,Gujarat,0.1868097515507045,0.06557870688712548
8760a0ab1ffffff,Kurnool,Andhra Pradesh,0.11242249040912418,0.0
873d1a832ffffff,Pithoragarh,Uttarakhand,0.14227047481677924,0.029866103689765784
873d83a13ffffff,Jhansi,Uttar Pradesh,0.11625365337672389,0.0
873d85cb2ffffff,Dholpur,Rajasthan,0.10923021591019948,0.03606121609386826
873c1838effffff,Uttar Dinajpur,West Bengal,0.037178935198214386,0.0
873cc1198ffffff,Champhai,Mizoram,0.09068791840630962,0.0
873d83d06ffffff,Shivpuri,Madhya Pradesh,0.09781972339248321,0.019646543666709714
873d15536ffffff,Mandi,Himachal Pradesh,0.1434015575178694,0.01737433009781264
873c52059ffffff,West Kameng,Arunachal Pradesh,0.11984986537684254,0.06666613712022361
8760f6cd1ffffff,Sindhudurg,Maharashtra,0.30861257177663026,0.04664226058213983
8742cc086ffffff,Mehsana,Gujarat,0.19583169939558925,0.044166200382099785
873d800b2ffffff,Shivpuri,Madhya Pradesh,0.11664892100486855,0.04525487184622462
87609aa9dffffff,Barwani,Madhya Pradesh,0.1561480609624659,0.0032366303101410863
87424bd73ffffff,Sirsa,Haryana,0.3118331522421488,0.004125260451618795
8742ca483ffffff,Bharuch,Gujarat,0.19202469988353388,0.006771828047691857
8742dca54ffffff,Amreli,Gujarat,0.2194687402286737,0.033855906817863816
876081ccaffffff,Solapur,Maharashtra,0.1583845469790154,0.007161473584431185
87609d781ffffff,Nashik,Maharashtra,0.15462709836410624,0.004670029613402253
873cf2010ffffff,South 24 Parganas,West Bengal,0.1064437577070044,0.0
8760a311effffff,Yadgir,Karnataka,0.1161928139224146,0.0
8742cd35cffffff,Udaipur,Rajasthan,0.16244435371669255,0.07861874187527405
873cabab0ffffff,Bankura,West Bengal,0.0466662719384503,0.02563590325870345
87425bac1ffffff,Nagaur,Rajasthan,0.1578559327168515,0.021711432065258076
873c86a31ffffff,Bargarh,Odisha,0.10397472933497953,0.062412880304126395
876085ce5ffffff,Kalaburagi,Karnataka,0.10298093576948629,0.011577321027501829
876014aeeffffff,Mysuru,Karnataka,0.24769391001004662,0.018162531321393942
876084c94ffffff,Sangareddy,Telangana,0.10697552864864977,0.0
873cb5a6affffff,Dindori,Madhya Pradesh,0.15688055157059455,0.011099755855711487
873d93399ffffff,Hoshangabad,Madhya Pradesh,0.10469311925408657,0.022379852786495402
873c18db0ffffff,Madhepura,Bihar,0.02607507032394121,0.0
873c18391ffffff,Purnia,Bihar,0.03828120920307775,0.0
873da416cffffff,Churu,Rajasthan,0.16444438345903506,0.0
873c8079bffffff,Kandhamal,Odisha,0.057697716449260396,0.06996559018185478
8760b3cf5ffffff,Nirmal,Telangana,0.10642888076159426,0.062273816730144274
873d88430ffffff,Banda,Uttar Pradesh,0.11120720636775876,0.0
8742eaac0ffffff,Vav-Tharad,Gujarat,0.1924832192780278,0.08057046499360834
873cebcd6ffffff,Kamjong,Manipur,0.08980381402990907,0.0
873c822f5ffffff,Ganjam,Odisha,0.08620844178515849,0.04842376530579584
8742c909dffffff,Banswara,Rajasthan,0.1532587943284859,0.01569474250152021
873ca01a5ffffff,Koriya,Chhattisgarh,0.10579496313596169,0.03378800969351236
873cee205ffffff,Peren,Nagaland,0.08689396940761135,0.009209651950754367
873d9b276ffffff,Mandla,Madhya Pradesh,0.26434370067418644,0.012439965238979387
873caa80effffff,West Singhbhum,Jharkhand,0.11459691783212962,0.023563212670389518
8742ebd98ffffff,Vav-Tharad,Gujarat,0.19980868451913958,0.08459601022815509
873d1ed63ffffff,Chamoli,Uttarakhand,0.1736210670979146,0.02419541072224303
87209a62affffff,Punch,Jammu and Kashmir,0.15594520738949422,0.051601027629636635
873c92550ffffff,East Godavari,Andhra Pradesh,0.08635835342246571,0.038886992746892286
873d8056bffffff,Shivpuri,Madhya Pradesh,0.10822213847481682,0.04465726916213447
873cae5b6ffffff,Jashpur,Chhattisgarh,0.1531494609443788,0.047464656723090276
873c94200ffffff,Bastar,Chhattisgarh,0.09882678905943408,0.07538811338727307
873ce0bb6ffffff,Barpeta,Assam,0.07645255190718502,0.0
876015b9affffff,Kodagu,Karnataka,0.22387342241192992,0.010153209713133599
8742c9890ffffff,Banswara,Rajasthan,0.1572030642911649,0.031221553205430352
873d3150effffff,Chamba,Himachal Pradesh,0.06433211859281403,0.01339034614735558
8742ce764ffffff,Anand,Gujarat,0.19769074075133386,0.016970267031080084
873d95503ffffff,Rajgarh,Madhya Pradesh,0.10527200825093691,0.026392118036396933
873db422cffffff,Pali,Rajasthan,0.1675697947307085,0.038069528087538475
873c32cdcffffff,Gonda,Uttar Pradesh,0.1316267205720783,0.04664621639005179
876083d43ffffff,Beed,Maharashtra,0.10569310191654084,0.040761999501390804
8742e3c46ffffff,Kutch,Gujarat,0.3170307581883868,0.0
873da9d1effffff,Pilibhit,Uttar Pradesh,0.129563797210975,0.07989235946350381
873d11188ffffff,Uttarkashi,Uttarakhand,0.14966570775935317,0.028039636752566852
8742eaa75ffffff,Vav-Tharad,Gujarat,0.19211920706073848,0.03204042162331592
873c126f6ffffff,Aurangabad,Bihar,0.1019591701362493,0.06891441347531405
873d12890ffffff,Karnal,Haryana,0.30562882786542994,0.05523462948008712
876035619ffffff,Theni,Tamil Nadu,0.21322083050641583,0.008678056877662169
87603555effffff,Madurai,Tamil Nadu,0.2194403034404534,0.0
8742cc66cffffff,Sabarkantha,Gujarat,0.19845888012578067,0.040788005736985176
87424b2daffffff,Fatehabad,Haryana,0.14850785540379052,0.011650929001489934
87608bc21ffffff,Raigad,Maharashtra,0.1689282815152738,0.09729514431338167
873c5026bffffff,Upper Subansiri,Arunachal Pradesh,0.08231232807822986,0.00894503327868011
87619871affffff,Guntur,Andhra Pradesh,0.13506909835316536,0.35832005839111225
873ca655bffffff,Anuppur,Madhya Pradesh,0.1627232843046013,0.010839247203987563
8760960f6ffffff,Nagpur,Maharashtra,0.10217469361406076,0.014863640854935578
8742c9d9bffffff,Mahisagar,Gujarat,0.1674685726574076,0.034015718925803504
873d9051affffff,Dewas,Madhya Pradesh,0.12689785829263478,0.00779692227159205
873c83d1affffff,Kandhamal,Odisha,0.12266865340848898,0.04803323668437315
873d32311ffffff,Hoshiarpur,Punjab,0.2980422635403135,0.029877149008631903
8742c439effffff,Kutch,Gujarat,0.20242323500278614,0.06538255539658877
873daa4acffffff,Etawah,Uttar Pradesh,0.1491350138404931,0.004807608973698628
87619e6f0ffffff,West Godavari,Andhra Pradesh,0.10694277238968417,0.0
873c5ba25ffffff,Anjaw,Arunachal Pradesh,0.09440144509204748,0.017134563018362747
873c856ddffffff,Deogarh,Odisha,0.10413904830001018,0.04487691954664395
873d2e2f1ffffff,Leh,Ladakh,0.05562225048956061,0.02220114134203008
876011a06ffffff,Kasaragod,Kerala,0.20809549137790864,0.028453331153911826
873d333aeffffff,Kangra,Himachal Pradesh,0.13816104192312345,0.019204697386555017
87603385effffff,Coimbatore,Tamil Nadu,0.271874482613564,0.01002698370250959
873cb6048ffffff,Gadchiroli,Maharashtra,0.05893897611029013,0.014350560382328199
873da4b98ffffff,Hanumangarh,Rajasthan,0.16221452879613402,0.004207350870059714
873cf4d2bffffff,Dumka,Jharkhand,0.0970080249453317,0.05610188096997791
876084706ffffff,Bidar,Karnataka,0.10562702828340836,0.0
873c11169ffffff,Sitamarhi,Bihar,0.09232278462439758,0.0
873c5e096ffffff,Lower Siang,Arunachal Pradesh,0.14613629147263324,0.006612542937219216
8760808e3ffffff,Latur,Maharashtra,0.10588467964827857,0.0
87611b2f6ffffff,Thoothukkudi,Tamil Nadu,0.22764727846450014,0.0
8742dc343ffffff,Bhavnagar,Gujarat,0.19862865448813485,0.06143223533297078
8742c34eeffffff,Amreli,Gujarat,0.19862865448813485,0.05894118621223981
873cc586cffffff,Cachar,Assam,0.08306127406037132,0.08663250471626593
873d23256ffffff,Leh,Ladakh,0.07261990705740513,0.01998197446996549
8742c304cffffff,Rajkot,Gujarat,0.19650053679282367,0.0647728978934775
87609ba0affffff,Nandurbar,Maharashtra,0.16440353450517367,0.046010539440558905
8761a9294ffffff,Thanjavur,Tamil Nadu,0.2520607435462403,0.0
873caa358ffffff,Saraikela-Kharsawan,Jharkhand,0.09562539799678617,0.03649171135937006
876086b50ffffff,Bidar,Karnataka,0.10697552864864977,0.0015623112627275453
873d99ae6ffffff,Satna,Madhya Pradesh,0.09232709575059339,0.08681075680154304
873ca088effffff,Koriya,Chhattisgarh,0.09964928369223108,0.03810086464967098
873d15929ffffff,Kullu,Himachal Pradesh,0.13716888142927938,0.019380489383502793
87609ec33ffffff,Burhanpur,Madhya Pradesh,0.1071868918775812,0.01905118692931223
873ca3452ffffff,Raigarh,Chhattisgarh,0.06637672102281598,0.06836320144849546
873cae500ffffff,Jashpur,Chhattisgarh,0.08081534403490358,0.04693688769639526
873d06dabffffff,Lahaul and Spiti,Himachal Pradesh,0.06325036689938324,0.012851410862366255
873d90043ffffff,Shajapur,Madhya Pradesh,0.12881445705746133,0.009774355467179459
873db46d2ffffff,Rajsamand,Rajasthan,0.1464728801849001,0.061157258173196276
87618d345ffffff,Dharmapuri,Tamil Nadu,0.2966942725457153,0.08471128055963142
873dab8e0ffffff,Lakhimpur Kheri,Uttar Pradesh,0.16496843322555071,0.053034783291935915
873cec589ffffff,Karbi Anglong,Assam,0.05816755479701814,0.03821637321423099
8742ce66dffffff,Anand,Gujarat,0.19543433514061886,0.020141794792349333
873ca964effffff,Paschim Bardhaman,West Bengal,0.05434175271868345,0.0036344457953421875
873c8c029ffffff,Mayurbhanj,Odisha,0.09433702284823627,0.030773765720465446
8742e26f0ffffff,Kutch,Gujarat,0.3055047182715199,0.2470722553766155
873d05154ffffff,Leh,Ladakh,0.09474091141297394,0.011814641562699832
873d22034ffffff,Leh,Ladakh,0.0909983840626939,0.02278962442849276
873ca06f0ffffff,Surajpur,Chhattisgarh,0.09322654851019736,0.0406905976098042
8760346cbffffff,Dindigul,Tamil Nadu,0.23866541337158195,0.0086756018002224
873db2919ffffff,Chittorgarh,Rajasthan,0.14366424170059322,0.010559512515875669
8761998aaffffff,Prakasam,Andhra Pradesh,0.09250425183784487,0.0
876090425ffffff,Wardha,Maharashtra,0.10470533762894965,0.01365771965942237
873db5823ffffff,Nagaur,Rajasthan,0.16446412492910706,0.032987036348102086
873d89389ffffff,Ambedkar Nagar,Uttar Pradesh,0.05772548308886409,0.08350798866180123
8760b0c08ffffff,Jayashankar Bhupalapally,Telangana,0.16846433293442414,0.0009943914080393689
876096033ffffff,Nagpur,Maharashtra,0.10589667705256486,0.005503462675356079
873cab619ffffff,Jhargram,West Bengal,0.07947859932099309,0.022775791022216697
87601432dffffff,Mandya,Karnataka,0.2470482162527489,0.01889954671293442
87609cdb0ffffff,Buldhana,Maharashtra,0.13085454162955207,0.0008267129066796992
873cee0b5ffffff,Dima Hasao,Assam,0.12148924918247458,0.0
873c85ba4ffffff,Simdega,Jharkhand,0.07850270876162717,0.06792249626322328
876098dadffffff,Jalgaon,Maharashtra,0.15231870243570264,0.026123506221216054
87608a8a8ffffff,Pune,Maharashtra,0.17657674553419994,0.07361325903570372
8760920adffffff,Betul,Madhya Pradesh,0.1201344769232565,0.0038683710227045546
87619b491ffffff,Khammam,Telangana,0.09111127637753719,0.012542148836435372
873dab4ceffffff,Hardoi,Uttar Pradesh,0.15391048593601947,0.11103485587531157
87619e491ffffff,East Godavari,Andhra Pradesh,0.06932962539546952,0.5691511715852957
873c1545dffffff,West Champaran,Bihar,0.11358596892967407,0.0
873c8dc8affffff,Jhargram,West Bengal,0.07377659005162746,0.022376276390632752
873c8c683ffffff,Balasore,Odisha,0.10092175058044764,0.020696109961447173
873d9e283ffffff,Narsinghpur,Madhya Pradesh,0.10604001692212461,0.04817243425629118
873d24c43ffffff,Leh,Ladakh,0.12106656610519925,0.02233404857085265
873db64eeffffff,Udaipur,Rajasthan,0.1889467382408756,0.03071629974705378
873da2da3ffffff,Jaipur,Rajasthan,0.16217934736815648,0.03288371432389748
8760b0204ffffff,Rajanna Sircilla,Telangana,0.12386571530326537,0.016759373084892504
8760b4061ffffff,Mahabubabad,Telangana,0.08624107766147968,0.0
87618dd4dffffff,Viluppuram,Tamil Nadu,0.3341875129004204,0.00208534355110757
873ca552effffff,Singrauli,Madhya Pradesh,0.09832894483409778,0.10378026875802522
873cc574affffff,Aizawl,Mizoram,0.07664386147530579,0.03132092949996868
873d9038dffffff,Shajapur,Madhya Pradesh,0.12219132273134208,0.017693322790591846
87425b9a5ffffff,Bikaner,Rajasthan,0.1734223560226449,0.04217024279319973
873d94723ffffff,Ratlam,Madhya Pradesh,0.1747766722869776,0.014796129000645695
876096cceffffff,Nagpur,Maharashtra,0.10217469361406076,0.003781710067183682
87618e319ffffff,Chittoor,Andhra Pradesh,0.09413851090252821,0.0
8720998b1ffffff,Leh,Ladakh,0.14029289333767223,0.02901119206666628
873c9161cffffff,Srikakulam,Andhra Pradesh,0.13994758875332125,0.0
873c1aa21ffffff,Katihar,Bihar,0.08667855080908549,0.3396369566190537
87603658bffffff,Cuddalore,Tamil Nadu,0.24109134106722385,0.0
8760a981affffff,South Goa,Goa,0.19153446710305808,0.04096439786340686
87603636effffff,Karur,Tamil Nadu,0.2560922586524204,0.0
876030818ffffff,Dindigul,Tamil Nadu,0.2483209503038106,0.0
87619e2c4ffffff,Krishna,Andhra Pradesh,0.07945382038945457,0.565919144153069
8742c4808ffffff,Kutch,Gujarat,0.19401196912078655,0.04529567749885246
8760a4cdaffffff,Prakasam,Andhra Pradesh,0.10745035257788445,0.0
8742c385affffff,Surendranagar,Gujarat,0.1909581974751017,0.06965190340847498
87425bb03ffffff,Bikaner,Rajasthan,0.15669596405395853,0.0438709794608244
8742e961dffffff,Sirohi,Rajasthan,0.18585048132222898,0.00918063783327477
876012c4effffff,Chitradurga,Karnataka,0.10649042536661545,0.002962794882487558
873ca8cc4ffffff,Ranchi,Jharkhand,0.1025780237497056,0.02510980045613584
873c5d4a1ffffff,Upper Dibang Valley,Arunachal Pradesh,0.08412974233643629,0.0319591783792166
87608c6f3ffffff,Satara,Maharashtra,0.17747747845603773,0.004638690745390083
873ce8801ffffff,Golaghat,Assam,0.08905820424443094,0.0
87425d1b4ffffff,Bikaner,Rajasthan,0.20631277511289697,0.1441455428312492
873d2eca9ffffff,Leh,Ladakh,0.07679611124056343,0.01415817915292496
873d9c6a2ffffff,Sagar,Madhya Pradesh,0.12799772231652046,0.008325934448474837
87619a831ffffff,Krishna,Andhra Pradesh,0.060109641221615384,0.546481969517523
873d1eda6ffffff,Rudraprayag,Uttarakhand,0.173811244544417,0.034817111748048066
8760a670dffffff,Nagarkurnool,Telangana,0.11180296324108698,0.0
873c156caffffff,East Champaran,Bihar,0.12164396250762483,0.0
87609cda4ffffff,Buldhana,Maharashtra,0.10866488313458997,0.0008267129066796992
8742c2c12ffffff,Porbandar,Gujarat,0.31495166069980357,0.029692807411079953
876094b82ffffff,Yavatmal,Maharashtra,0.11156350469174961,0.006187261290536127
8760b6c33ffffff,Bijapur,Chhattisgarh,0.14352823020992633,0.0723444322291303
873d33824ffffff,Chamba,Himachal Pradesh,0.07702455554242224,0.021139205494784197
87424b411ffffff,Hanumangarh,Rajasthan,0.16256319454406676,0.003297288639345703
8760a109cffffff,Raichur,Karnataka,0.1150278851532248,0.005319549668717293
873c80956ffffff,Bargarh,Odisha,0.09566832075186825,0.536167245661657
8742ca4a9ffffff,Bharuch,Gujarat,0.18660730763939964,0.006266907079236174
8742c5982ffffff,Kutch,Gujarat,0.18595184273937027,0.08035779101537156
8742eac85ffffff,Kutch,Gujarat,0.19249778084786545,0.062403220691661966
873d86149ffffff,Sheopur,Madhya Pradesh,0.09737649096604073,0.07549482046417251
873d04c51ffffff,Leh,Ladakh,0.07732504296327386,0.019761490717275745
8742ed302ffffff,Barmer,Rajasthan,0.17854955197020078,0.04032975033402075
873cecba5ffffff,Pakke Kessang,Arunachal Pradesh,0.06145409556123947,0.018074149552025374
873cc34a8ffffff,Saiha,Mizoram,0.07871217550875721,0.02397516681134002
873daba88ffffff,Lakhimpur Kheri,Uttar Pradesh,0.16456773060907665,0.038025285978627275
87208a708ffffff,Leh,Ladakh,0.16874971328779811,0.02856939769137792
873d84856ffffff,Karauli,Rajasthan,0.11578484360961244,0.04218408162391562
8742c9a5effffff,Pratapgarh,Rajasthan,0.15622174958796806,0.01541109629108714
873ceda96ffffff,Sivasagar,Assam,0.12987606231457507,0.01036008732478358
873d92713ffffff,Khandwa,Madhya Pradesh,0.11092132413825954,0.007675778781869493
873d14299ffffff,Solan,Himachal Pradesh,0.14537358331131178,0.02213957828853707
876012260ffffff,Davanagere,Karnataka,0.12202346850684741,0.0
8760814aeffffff,Osmanabad,Maharashtra,0.15316492664104522,0.0009195497752021898
873cc06e1ffffff,Lunglei,Mizoram,0.08478960927599945,0.006369343864000735
876035045ffffff,Theni,Tamil Nadu,0.08615901404804935,0.011002538774465529
87609eb84ffffff,Jalgaon,Maharashtra,0.1065357644589994,0.023778080122189404
8742ca426ffffff,Bharuch,Gujarat,0.19242935784964427,0.0
873c58a45ffffff,Upper Dibang Valley,Arunachal Pradesh,0.08248101005763112,0.043886803536377576
873dac589ffffff,Bulandshahr,Uttar Pradesh,0.25236258106994713,0.0573067491620471
873dadaa1ffffff,Almora,Uttarakhand,0.19912112993750516,0.025002471347082784
873c5bd5bffffff,Changlang,Arunachal Pradesh,0.08612860798775408,0.01826502298959436
873c5e1a2ffffff,Lepa Rada,Arunachal Pradesh,0.10235190686508756,0.052584669139383915
873d33c2dffffff,Chamba,Himachal Pradesh,0.16139872271726063,0.024411831150806074
873d9166cffffff,Vidisha,Madhya Pradesh,0.11038308197804683,0.011007214366842271
873ca6b90ffffff,Shahdol,Madhya Pradesh,0.11277346700330747,0.031616038503990855
87611ba46ffffff,Thoothukkudi,Tamil Nadu,0.27051253461285807,0.0
873d200aeffffff,Leh,Ladakh,0.07160575373120211,0.013194944864377302
873da3ad4ffffff,Bharatpur,Rajasthan,0.10392076040016547,0.02758539227096307
87609dc0dffffff,Aurangabad,Maharashtra,0.15506496764614042,0.017569117008868245
87618d88effffff,Viluppuram,Tamil Nadu,0.3341875129004204,0.0021555395339083296
8760a5b71ffffff,Tumakuru,Karnataka,0.09939199216661936,0.0
8742c9319ffffff,Ratlam,Madhya Pradesh,0.16326609142660894,0.014181673053846648
8760908a8ffffff,Amravati,Maharashtra,0.1362168693209666,0.007577432737273024
873cf6ccbffffff,Bankura,West Bengal,0.08969597632465558,0.02185765919626862
87609006effffff,Amravati,Maharashtra,0.10470533762894965,0.020505357129919223
873d11089ffffff,Uttarkashi,Uttarakhand,0.13250785352716105,0.028329707946723497
873c58a24ffffff,Upper Dibang Valley,Arunachal Pradesh,0.08723479157773031,0.056213892762252166
873d89655ffffff,Jaunpur,Uttar Pradesh,0.08813591091016793,0.033622594355441265
873c82672ffffff,Gajapati,Odisha,0.06985254420779423,0.06585850418407158
87608e8edffffff,Pune,Maharashtra,0.14852448945473573,0.003073092461016996
873c19d95ffffff,Kishanganj,Bihar,0.03665334889614768,0.005292472945290309
873c1214affffff,Rohtas,Bihar,0.06400761192715745,0.025160043601560707
87608ec9cffffff,Beed,Maharashtra,0.14880505780834385,0.009625742659781047
873cad259ffffff,Banka,Bihar,0.11816995291580856,0.03085756119633048
873ced014ffffff,Jorhat,Assam,0.08143497775788709,0.0
876083a81ffffff,Beed,Maharashtra,0.17483193145333908,0.0041736410780786794
873da65b0ffffff,Nagaur,Rajasthan,0.15730430404418633,0.0
873ca0a11ffffff,Balrampur,Chhattisgarh,0.15027360363122289,0.05647129479614288
876010260ffffff,Hassan,Karnataka,0.1574949346773704,0.015419512702384846
873d8c82effffff,Kannauj,Uttar Pradesh,0.17838629965842978,0.06900992335532546
873c92215ffffff,Visakhapatnam,Andhra Pradesh,0.096006384499489,0.08101506630756146
873cb538affffff,Mungeli,Chhattisgarh,0.06937299901006488,0.05849167169267899
87425d25effffff,Bikaner,Rajasthan,0.1798090276271746,0.15817794214050807
873ca5825ffffff,Mirzapur,Uttar Pradesh,0.11755184875756898,0.05196744131829758
873d05cacffffff,Leh,Ladakh,0.07709695939735337,0.01415817915292496
873d356abffffff,Kishtwar,Jammu and Kashmir,0.06437649539240282,0.014170015870584425
873cec474ffffff,Karbi Anglong,Assam,0.04458357989523762,0.0015852076296988277
873c9526dffffff,Kalahandi,Odisha,0.04411234585080739,0.0712994598977693
873cb4525ffffff,Bhandara,Maharashtra,0.12027839981865328,0.008227299790918649
873c85264ffffff,Sundargarh,Odisha,0.1488679741125285,0.024750478131500702
8760a634dffffff,Nagarkurnool,Telangana,0.09760445412902614,0.014139116963788351
873c8d8ccffffff,Paschim Medinipur,West Bengal,0.1125123631293488,0.022063515670064884
873d9338affffff,Hoshangabad,Madhya Pradesh,0.10469311925408657,0.022379852786495402
8742eda12ffffff,Jaisalmer,Rajasthan,0.18352442435068064,0.046261089779592715
873c52b4effffff,East Kameng,Arunachal Pradesh,0.09523654976649978,0.0
8742ea64affffff,Patan,Gujarat,0.19332360024586193,0.07582417382136313
873da2ce2ffffff,Jaipur,Rajasthan,0.16780238703887174,0.03544908117874442
873da4360ffffff,Churu,Rajasthan,0.16221452879613402,0.007666984918544408
87209d7b2ffffff,Leh,Ladakh,0.17668180812656645,0.05002339835838892
873cada29ffffff,Jamui,Bihar,0.09520382066421247,0.04763331261806368
873c5e253ffffff,East Siang,Arunachal Pradesh,0.07929822223050055,0.22010836702736852
8742db8f4ffffff,Valsad,Gujarat,0.45529391268098796,0.0925996376987434
873da86b5ffffff,Shahjahanpur,Uttar Pradesh,0.3061604748762863,0.031277500717079694
8760923b5ffffff,Betul,Madhya Pradesh,0.12947877824105108,2.5873025247071836e-05
873c96433ffffff,East Godavari,Andhra Pradesh,0.08269826342805825,0.009260140728538594
873ca66d0ffffff,Bilaspur,Chhattisgarh,0.15657057761066395,0.010708508396895728
873db608effffff,Udaipur,Rajasthan,0.1703422232577615,0.030659493620269287
87608c098ffffff,Satara,Maharashtra,0.17667489214942605,0.0
873d80069ffffff,Gwalior,Madhya Pradesh,0.1399408831675808,0.04279934161443356
873d8b8daffffff,Prayagraj,Uttar Pradesh,0.12939922257894532,0.5629721389427214
8760950cbffffff,Yavatmal,Maharashtra,0.10565094642792905,0.020656217862114416
873c9692dffffff,Bijapur,Chhattisgarh,0.06745477289595071,0.07080621744193603
8742d9d4affffff,Surat,Gujarat,0.26858225174720185,0.0006539379585889008
87609809bffffff,Jalgaon,Maharashtra,0.1609053339973141,0.008970072423192907
873d12d13ffffff,Karnal,Haryana,0.15509006937060144,0.053325167780177325
876031571ffffff,Coimbatore,Tamil Nadu,0.23495826461278108,0.005750905645975064
876088133ffffff,Pune,Maharashtra,0.1663401821132718,0.05495685157524148
873ca5226ffffff,Sonbhadra,Uttar Pradesh,0.08868420891424104,0.09795019238825427
873c8588effffff,Sundargarh,Odisha,0.06656619573303038,0.07094807458776181
8742dd6cbffffff,Surat,Gujarat,0.3231134753033326,0.28089843372934653
87608a340ffffff,Thane,Maharashtra,0.1913581815572357,0.09085333307451499
8742e9b06ffffff,Barmer,Rajasthan,0.20498645305425864,0.0
876030092ffffff,Karur,Tamil Nadu,0.2610984682787502,0.0
8742482f4ffffff,Sri Muktsar Sahib,Punjab,0.3156869732500756,0.0
873d13b42ffffff,Tehri Garhwal,Uttarakhand,0.15540920519810839,0.032160559512561575
874258965ffffff,Bikaner,Rajasthan,0.15775276595795612,0.1385252891001683
8760a2c73ffffff,Ranga Reddy,Telangana,0.11434264960275267,0.0
876022625ffffff,Alappuzha,Kerala,0.28600345289973556,0.19289901749530067
873c80833ffffff,Bargarh,Odisha,0.049818622057489645,0.07169587618561303
87618a04bffffff,Y.S.R. Kadapa,Andhra Pradesh,0.10240576285705087,0.0
873ce63a4ffffff,South Salmara Mankachar,Assam,0.03528531889389163,0.0
873cedba0ffffff,Lakhimpur,Assam,0.11808251161638744,0.01565211127870197
873c5e713ffffff,Dhemaji,Assam,0.09094296334701261,0.01881069825689366
8760b332cffffff,Nizamabad,Telangana,0.11521349042148679,0.05877498012649758
8742c38c4ffffff,Surendranagar,Gujarat,0.18583648921451892,0.06314053664585594
874258266ffffff,Bikaner,Rajasthan,0.17924012981789267,0.04279409559544457
873cec98dffffff,Sonitpur,Assam,0.07796738192283698,0.059398664909199185
873ce4659ffffff,Kokrajhar,Assam,0.0631992912651022,0.03511284664637825
8760b5a04ffffff,Nalgonda,Telangana,0.12976867006834286,0.0
873d80dabffffff,Shivpuri,Madhya Pradesh,0.09789552778685139,0.05058221366875089
8760a415bffffff,Kurnool,Andhra Pradesh,0.11154255321648897,0.0
8760336ddffffff,Chamarajanagara,Karnataka,0.313596600258677,0.007952271787015889
87608a6f4ffffff,Nashik,Maharashtra,0.45662254773556826,0.06611367920443195
873c1905effffff,Cooch Behar,West Bengal,0.034021716560179785,0.0
873daa992ffffff,Etah,Uttar Pradesh,0.1486398156581804,0.024460799061322668
8742ce98cffffff,Surendranagar,Gujarat,0.19192249845236214,0.051618755667929395
873db4d50ffffff,Jodhpur,Rajasthan,0.17805614573184325,0.0
873ca30e6ffffff,Surguja,Chhattisgarh,0.07841819067222718,0.03912392491086965
873c9cb4cffffff,Ganjam,Odisha,0.06337824947703768,0.018618930409314918
8760a496bffffff,Y.S.R. Kadapa,Andhra Pradesh,0.11450123566242944,0.0
873da8192ffffff,Budaun,Uttar Pradesh,0.29914310188910387,0.06166934837386616
874253393ffffff,Jaisalmer,Rajasthan,0.18032464959280828,0.04416628061070765
873d10412ffffff,Yamunanagar,Haryana,0.34909446580623277,0.05211427746162255
873db17a3ffffff,Bundi,Rajasthan,0.1626173076545582,0.03284686942157902
873d34a64ffffff,Ganderbal,Jammu and Kashmir,0.12825901199574286,0.02067919203472422
873d99312ffffff,Umaria,Madhya Pradesh,0.09717228916479997,0.11455707330802113
8760b158bffffff,Rajanna Sircilla,Telangana,0.12061154773797056,0.0027683558124556033
87609a70affffff,Dhar,Madhya Pradesh,0.16983952885316078,0.005957184865560824
873d93462ffffff,Harda,Madhya Pradesh,0.10469311925408657,0.021963983821995627
876091b1dffffff,Washim,Maharashtra,0.1085707050179675,0.03172649359428773
876090621ffffff,Amravati,Maharashtra,0.10406075705805226,0.015014048167828791
874249906ffffff,Tarn Taran,Punjab,0.36086343738836785,0.02942026479817052
876013d0dffffff,Davanagere,Karnataka,0.11472865961247429,0.0
873ca8430ffffff,Ranchi,Jharkhand,0.1146890319643088,0.026625826138982744
8760b4aa1ffffff,Mahabubabad,Telangana,0.07662737238374388,0.0
8742cb4b1ffffff,Chhota Udaipur,Gujarat,0.1626149220161909,0.029241969585611243
873c80741ffffff,Boudh,Odisha,0.13975121309539895,0.03511537194901443
873cee808ffffff,West Karbi Anglong,Assam,0.06372641029501365,0.0
87609a971ffffff,Jalgaon,Maharashtra,0.15159865541568912,0.02002870012903011
873ca6828ffffff,Shahdol,Madhya Pradesh,0.10045775510903059,0.06494632815667108
873cb38f3ffffff,Dhamtari,Chhattisgarh,0.0643430339529263,0.056754342545990016
873d80249ffffff,Datia,Madhya Pradesh,0.13922429203691927,0.06690375589537302
873cf64f6ffffff,Paschim Medinipur,West Bengal,0.09700687200960179,0.019656491560141324
8760840f1ffffff,Bidar,Karnataka,0.10598336815480569,0.0
873da05b0ffffff,Sikar,Rajasthan,0.14798996618050642,0.027298442919658685
873d9e6c2ffffff,Chhindwara,Madhya Pradesh,0.13273331553133558,0.0023350718467775936
8760ae6b2ffffff,Vijayapura,Karnataka,0.15749700149758827,0.0
873d1e00dffffff,Chamoli,Uttarakhand,0.1927927972271447,0.06888566820227408
873c12a70ffffff,Bhojpur,Bihar,0.11948940409037054,0.016012173210051606
873c14742ffffff,Deoria,Uttar Pradesh,0.13175146883169891,0.07622873309443455
873cc0b69ffffff,Kolasib,Mizoram,0.06719511581261074,0.05841606072921563
873dad029ffffff,Nainital,Uttarakhand,0.15629789463344543,0.021013004021050385
873d06566ffffff,Lahaul and Spiti,Himachal Pradesh,0.07436836243264794,0.012851410862366255
8760b3b4effffff,Nizamabad,Telangana,0.11198216623601646,0.023145937540586487
873c8172affffff,Dhenkanal,Odisha,0.09331658158566417,0.037131283780576736
8760b5543ffffff,Jangaon,Telangana,0.11779412465019412,0.06183394569618112
8760b40a6ffffff,Bhadradri Kothagudem,Telangana,0.08475165126126681,0.04842755440698441
876092466ffffff,Chhindwara,Madhya Pradesh,0.12166931148323129,0.0004521175317472579
8760b4400ffffff,Mulugu,Telangana,0.09718431350202085,0.05073687360491382
873ca0b36ffffff,Singrauli,Madhya Pradesh,0.1287075610078698,0.07895964483882988
874249c43ffffff,Moga,Punjab,0.3396035817745921,0.0
876199a0effffff,Prakasam,Andhra Pradesh,0.10466119170395453,0.0
873c8c275ffffff,Mayurbhanj,Odisha,0.1165206189444047,0.02766111317715317
873ca44eaffffff,Koriya,Chhattisgarh,0.0976314069336198,0.06839084819626001
87609c6deffffff,Jalgaon,Maharashtra,0.17640172555520442,0.024486803392418637
87618d835ffffff,Kallakurichi,Tamil Nadu,0.27500480493724305,0.0
876082998ffffff,Parbhani,Maharashtra,0.11011425552254937,0.0625408892806708
8760959b3ffffff,Yavatmal,Maharashtra,0.1043667655482028,0.05652063539572863
873d26a66ffffff,Leh,Ladakh,0.07158352649157365,0.014170015870584425
873d2ed25ffffff,Leh,Ladakh,0.07673860816760045,0.012511779803989213
87609ba2effffff,Dhule,Maharashtra,0.27919772946322985,0.026242185677500543
873ca308bffffff,Surguja,Chhattisgarh,0.0906385715300841,0.04782515043158592
874249d35ffffff,Ferozepur,Punjab,0.3346477540934842,0.0
873ca1675ffffff,Latehar,Jharkhand,0.06850927815419441,0.05690782358910466
8760a1cd2ffffff,Kurnool,Andhra Pradesh,0.11145561166711095,0.0
873cf2180ffffff,South 24 Parganas,West Bengal,0.08413691368347918,0.5515079307285072
873d06519ffffff,Lahaul and Spiti,Himachal Pradesh,0.06971824751823291,0.013194944864377302
873c1864bffffff,Uttar Dinajpur,West Bengal,0.08153338085011526,0.0490246770310697
874249048ffffff,Ludhiana,Punjab,0.3563188891380565,0.04241418311198868
873ce95b0ffffff,Kiphire,Nagaland,0.07794604046935494,0.0
8742c3cb0ffffff,Rajkot,Gujarat,0.1969812931519521,0.0569140439989672
873c96609ffffff,East Godavari,Andhra Pradesh,0.038919582655832195,0.053421819677603836
873d158d8ffffff,Kullu,Himachal Pradesh,0.13023297598511868,0.020164134488577075
87608d953ffffff,Ratnagiri,Maharashtra,0.260071663237691,0.07149333567913793
873d92d0affffff,Khargone,Madhya Pradesh,0.15266835074796903,0.019701667796337023
873c84ac1ffffff,Sundargarh,Odisha,0.10214853714349886,0.06283402852341308
873ca171cffffff,Garhwa,Jharkhand,0.15116123849970137,0.04283136250397007
876094129ffffff,Yavatmal,Maharashtra,0.13029734777323265,0.010527968452213574
873ca3590ffffff,Korba,Chhattisgarh,0.08246818144947639,0.052879537873867344
873d8a999ffffff,Banda,Uttar Pradesh,0.14918037801663625,0.1108458475316735
873ce575bffffff,Baksa,Assam,0.0632278344432312,0.0
873d914ebffffff,Bhopal,Madhya Pradesh,0.11038308197804683,0.0051952181402415325
873cad665ffffff,Jamui,Bihar,0.09909544629609969,0.06596796459248008
8760a5042ffffff,Anantapur,Andhra Pradesh,0.11521360258363102,0.0
873d15305ffffff,Lahaul and Spiti,Himachal Pradesh,0.13626160437289073,0.01817434294180824
873c8a932ffffff,Kendrapara,Odisha,0.13439080075002768,0.5428020811023613
87609e141ffffff,Jalgaon,Maharashtra,0.11308615769883366,0.0068507061080601015
873c90c90ffffff,Malkangiri,Odisha,0.10027142556539227,0.09574063605790557
873d96175ffffff,Ujjain,Madhya Pradesh,0.17208193565961383,0.0038190756722563148
873d22a2effffff,Leh,Ladakh,0.09235243692465134,0.01302720285931402
873d14012ffffff,Rupnagar,Punjab,0.29295373068121683,0.029902703002852946
87608c680ffffff,Satara,Maharashtra,0.15471761607216442,0.00379951672721622
8742c54aeffffff,Kutch,Gujarat,0.1941604199148858,0.043521243970111555
8760b5759ffffff,Yadadri Bhuvanagiri,Telangana,0.09228868594246455,0.011198705408473314
873cee10bffffff,Dima Hasao,Assam,0.06554326214438846,0.010702828905216125
8742c169effffff,Surendranagar,Gujarat,0.20175418715882093,0.05075222412500059
873c912a9ffffff,Srikakulam,Andhra Pradesh,0.09208443761768628,0.0
873d13948ffffff,Tehri Garhwal,Uttarakhand,0.1796112314374252,0.03619317509712237
873c94ce2ffffff,Bijapur,Chhattisgarh,0.09585133730290724,0.11050901416492664
876088b2cffffff,Ratnagiri,Maharashtra,0.26171902457387375,0.072338304858578
8760ab8ddffffff,Kolhapur,Maharashtra,0.2745736435809554,0.0
873d9c812ffffff,Lalitpur,Uttar Pradesh,0.10822213847481682,0.024959551733300785
873ca8449ffffff,Ranchi,Jharkhand,0.10449917067300661,0.03231994362884537
876085445ffffff,Solapur,Maharashtra,0.10129634670621117,0.0
8742c2babffffff,Rajkot,Gujarat,0.20462166296819184,0.04017243070847981
873ce545bffffff,Baksa,Assam,0.07768476423049739,0.0
876095986ffffff,Yavatmal,Maharashtra,0.10472310541960013,0.0419096971069113
873d940ceffffff,Jhalawar,Rajasthan,0.1747766722869776,0.009492370892376445
873d93ab0ffffff,Sehore,Madhya Pradesh,0.10229644069609009,0.003665447150921523
87618d888ffffff,Kallakurichi,Tamil Nadu,0.3341875129004204,0.0021555395339083296
87608c8edffffff,Sangli,Maharashtra,0.17660066367872065,0.0
873d264f1ffffff,Leh,Ladakh,0.1172806073549208,0.014325420606009817
87425b510ffffff,Jodhpur,Rajasthan,0.17349992799541747,0.0
8742ca4cdffffff,Bharuch,Gujarat,0.19148478529761528,0.049373849247943934
873db39aaffffff,Bhilwara,Rajasthan,0.15374596006740351,0.011534703731461579
873d8e52bffffff,Mahoba,Uttar Pradesh,0.26516801324313527,0.007553665744245082
8760a6152ffffff,Nagarkurnool,Telangana,0.10435721726697098,0.0
872098b83ffffff,Leh,Ladakh,0.16954057488838406,0.05002339835838892
873cf6590ffffff,Paschim Medinipur,West Bengal,0.10162239980665773,0.01828221048114274
876086d92ffffff,Nizamabad,Telangana,0.11796235534241656,0.06095838337576072
8760ab721ffffff,Kolhapur,Maharashtra,0.2801433382622092,0.0007229340672370682
8720990d6ffffff,Leh,Ladakh,0.13813362176536045,0.026618025958701618
873c5a5b0ffffff,Mon,Nagaland,0.07952812778691391,0.0
873d89158ffffff,Ambedkar Nagar,Uttar Pradesh,0.06656182835762048,0.03479380406404207
873d005b3ffffff,Leh,Ladakh,0.09237134116258477,0.014002774417499569
873d00713ffffff,Leh,Ladakh,0.0692834325088141,0.018705696134990814
873c83b12ffffff,Angul,Odisha,0.061856275935650226,0.06918307447268623
8742ec64effffff,Barmer,Rajasthan,0.18802976199563504,0.04244997945514383
876015426ffffff,Mysuru,Karnataka,0.17385776403308673,0.01739647683337842
8742d9aa4ffffff,Surat,Gujarat,0.1912419806781422,0.05002569291953041
873c80d95ffffff,Balangir,Odisha,0.10152220590405636,0.052896550137735
873d12999ffffff,Karnal,Haryana,0.12987298852864376,0.05757308215376489
8760a54deffffff,Kurnool,Andhra Pradesh,0.08787526336778684,0.013678757468719077
873c188abffffff,Araria,Bihar,0.049594484665111356,0.0
873ca8d66ffffff,Hazaribagh,Jharkhand,0.08118987934375602,0.031060418742749236
87618a3b4ffffff,Y.S.R. Kadapa,Andhra Pradesh,0.13492630235679276,0.0
874258cdcffffff,Jodhpur,Rajasthan,0.17325467044392123,0.0
873d13b64ffffff,Tehri Garhwal,Uttarakhand,0.16057312682140498,0.032437171021758415
873d84399ffffff,Karauli,Rajasthan,0.11491083859282993,0.042083730068366576
876092571ffffff,Chhindwara,Madhya Pradesh,0.12891761430117085,0.0
8760964e4ffffff,Chhindwara,Madhya Pradesh,0.1125933260274994,0.0002820331629612197
873d05b03ffffff,Leh,Ladakh,0.06600355320115492,0.019851374433699605
873c86589ffffff,Nuapada,Odisha,0.10905774275460642,0.0905428882986327
873db5bb4ffffff,Nagaur,Rajasthan,0.16155142744057233,0.040950727973861956
873ca595cffffff,Mirzapur,Uttar Pradesh,0.10886014558274536,0.02464602788378189
873d1391dffffff,Dehradun,Uttarakhand,0.309918714031402,0.03565404686680962
8760b100effffff,Medak,Telangana,0.10697552864864977,0.0020032484834986153
873c14a4dffffff,Kushinagar,Uttar Pradesh,0.16464733599040227,0.06657447082551496
873d02b6cffffff,Leh,Ladakh,0.09102121507526595,0.013659240415488525
873d88cf0ffffff,Fatehpur,Uttar Pradesh,0.14936735690111985,0.05747266357461446
876010469ffffff,Chikkamagaluru,Karnataka,0.12008971854583193,0.0
873da625cffffff,Sikar,Rajasthan,0.1474609082458493,0.0241432843985118
87609d412ffffff,Aurangabad,Maharashtra,0.15497444993808224,0.004963691611965909
876088a9cffffff,Raigad,Maharashtra,0.22417326714122476,0.08695137749239915
873cc4676ffffff,Khowai,Tripura,0.09606278924516044,0.015476835292799076
873d22b86ffffff,Leh,Ladakh,0.07321612191367495,0.013350349599802691
8760f6d2effffff,Sindhudurg,Maharashtra,0.21302734249867317,0.06936156231516291
873d8986affffff,Ayodhya,Uttar Pradesh,0.06678395806280082,0.0
8760866a0ffffff,Nanded,Maharashtra,0.11011425552254937,0.06071064873284328
873cecc31ffffff,Sonitpur,Assam,0.06201195334954812,0.0051522796368872695
873d9a51effffff,Chhindwara,Madhya Pradesh,0.21741439622969663,0.0
87609e454ffffff,Burhanpur,Madhya Pradesh,0.1086762362379615,0.0008281515829960135
8760ae61dffffff,Vijayapura,Karnataka,0.14803729442901292,0.0
873d06272ffffff,Leh,Ladakh,0.08660287728190355,0.014333971149872726
87608009cffffff,Latur,Maharashtra,0.10256978726250729,0.007345204131580343
873c53b9dffffff,Kra Daadi,Arunachal Pradesh,0.11776900074343861,0.013819808446060126
873c90ac2ffffff,Koraput,Odisha,0.11279450384619996,0.11340665832232656
873ca2da3ffffff,Mungeli,Chhattisgarh,0.08997890840373775,0.011662049561259196
87603620dffffff,Namakkal,Tamil Nadu,0.248232523160987,0.003456016058824927
873ca6aabffffff,Shahdol,Madhya Pradesh,0.11034392519705621,0.019939394649575354
87608d90bffffff,Ratnagiri,Maharashtra,0.260071663237691,0.07149333567913793
873d8c4aeffffff,Kanpur Dehat,Uttar Pradesh,0.14614999943637724,0.3956087791853161
873ca699affffff,Umaria,Madhya Pradesh,0.09840969115637374,0.053858987137381416
8742cc24dffffff,Sabarkantha,Gujarat,0.18675879753213293,0.054624264578161094
873ce4002ffffff,Kokrajhar,Assam,0.05225797851528072,0.02803041055582053
873ca1d6cffffff,Sonbhadra,Uttar Pradesh,0.09387659375298274,0.07306068798161287
873d9a988ffffff,Narsinghpur,Madhya Pradesh,0.40211854009964676,0.002066058201194462
874249834ffffff,Tarn Taran,Punjab,0.3631171613581069,0.03174454171429687
8760ab85bffffff,Kolhapur,Maharashtra,0.3161466206495962,0.017027669434132593
873daa82dffffff,Kasganj,Uttar Pradesh,0.15680944914593553,0.02859384081994519
873d953b4ffffff,Jhalawar,Rajasthan,0.10364538910125862,0.03435930866465264
873d9916dffffff,Katni,Madhya Pradesh,0.10330714564593536,0.06824876481936519
873d8c686ffffff,Fatehpur,Uttar Pradesh,0.15714257767448903,0.1040264599234482
87608d146ffffff,Ratnagiri,Maharashtra,0.33880728992431597,0.04838869043488977
873c18570ffffff,Purnia,Bihar,0.08212946116241926,0.07196199480054796
876086a0bffffff,Latur,Maharashtra,0.10697552864864977,0.005557382764411865
873d8b364ffffff,Jaunpur,Uttar Pradesh,0.1310820934468066,0.01652914652691137
876098c30ffffff,Jalgaon,Maharashtra,0.14925325229040404,0.026123506221216054
873cee106ffffff,West Karbi Anglong,Assam,0.04972835178532028,0.042216225544589814
8742e8814ffffff,Barmer,Rajasthan,0.17601823172130274,0.04711185826015734
8760a6841ffffff,Prakasam,Andhra Pradesh,0.09420753895714065,0.0
873d84342ffffff,Dholpur,Rajasthan,0.11547558225969255,0.03759563485156293
873d044ceffffff,Leh,Ladakh,0.0646553780048071,0.01415817915292496
873c52814ffffff,Tawang,Arunachal Pradesh,0.07129219549299495,0.0
8742dca49ffffff,Bhavnagar,Gujarat,0.19330032722325977,0.04094875022367314
873c80c16ffffff,Balangir,Odisha,0.10303021027314996,0.04849781122183032
87209836cffffff,Leh,Ladakh,0.14868410095134243,0.05002339835838892
8742c10a3ffffff,Morbi,Gujarat,0.1941843380594065,0.03744787460291873
8742dd643ffffff,Surat,Gujarat,0.3089227773728796,0.29411291231888903
8742e9c32ffffff,Barmer,Rajasthan,0.17173510598016134,0.0031707147570330784
8742dd8f2ffffff,Bhavnagar,Gujarat,0.19591509149974728,0.019706426005325225
8760a2b76ffffff,Mahabubnagar,Telangana,0.09339027729681557,0.012567420670783556
876015d2cffffff,Mysuru,Karnataka,0.315757192448803,0.007726817280515595
873c5e2abffffff,Dhemaji,Assam,0.059186070292928,0.0480572644130392
873c8c39cffffff,Mayurbhanj,Odisha,0.1141645006456458,0.04931094984240857
87608b4c8ffffff,Palghar,Maharashtra,0.28671416317073084,0.08869665508040483
87618b324ffffff,Anantapur,Andhra Pradesh,0.09735444007551519,0.0
876199b31ffffff,S.P.S. Nellore,Andhra Pradesh,0.13024741931476702,0.08273243214597671
873da2560ffffff,Jaipur,Rajasthan,0.1656777676807319,0.029009917717723707
873da2194ffffff,Jaipur,Rajasthan,0.1675218186852636,0.038150404039635565
8742c50f6ffffff,Kutch,Gujarat,0.19126129824940424,0.029239363344810695
873c16a0bffffff,Mau,Uttar Pradesh,0.11920105212002192,0.0
873d1ec6affffff,Chamoli,Uttarakhand,0.1297190070130831,0.029635385188860334
87608acd6ffffff,Ahmednagar,Maharashtra,0.17770958768432857,0.04396755803485109
87608ad6affffff,Pune,Maharashtra,0.17492938419801718,0.04361133132060028
873c844c0ffffff,Mahasamund,Chhattisgarh,0.09680569353837398,0.06897202799889078
8760b3d11ffffff,Mancherial,Telangana,0.1141426916707177,0.0498935349558379
873c8c0a0ffffff,Mayurbhanj,Odisha,0.09386848486397094,0.03076330655192979
876032b9affffff,Salem,Tamil Nadu,0.2604810161485064,0.0
8760a1cc2ffffff,Kurnool,Andhra Pradesh,0.1115137199169046,0.0
876085640ffffff,Solapur,Maharashtra,0.1593269084498879,0.0
873cb6cf2ffffff,Chandrapur,Maharashtra,0.14815391058854332,0.009928934393174148
873c13810ffffff,Patna,Bihar,0.07676380722948309,0.3619629728719529
87608e7a8ffffff,Ahmednagar,Maharashtra,0.16971026895712407,0.03674254159847359
873c81c66ffffff,Deogarh,Odisha,0.10065299628208445,0.02794989943910294
876096353ffffff,Nagpur,Maharashtra,0.1137533806751706,0.000781724227151395
8742d978affffff,Navsari,Gujarat,0.3154700013512952,0.04037230227211614
8760906c8ffffff,Amravati,Maharashtra,0.114721623024494,7.013560623541498e-05
873d801a3ffffff,Shivpuri,Madhya Pradesh,0.1075775579039194,0.07303599159439851
8742cb161ffffff,Dahod,Gujarat,0.15387418439835138,0.01497277622984983
87608d6aeffffff,Ratnagiri,Maharashtra,0.32932267864518777,0.043217673680343904
873ca8c33ffffff,Ranchi,Jharkhand,0.08119586379711356,0.027437566056547357
873cee80bffffff,West Karbi Anglong,Assam,0.0365516278100553,0.0
873d2650effffff,Leh,Ladakh,0.141651328364776,0.02200285183847951
876032caaffffff,Dharmapuri,Tamil Nadu,0.2966942725457153,0.004141010963231802
873c328ddffffff,Balrampur,Uttar Pradesh,0.15413266070604148,0.08323978029931234
873d16228ffffff,Ambala,Haryana,0.2330407200276508,0.04258765971997286
873ced631ffffff,Mokokchung,Nagaland,0.09199277640651225,0.01451114863014326
87618886affffff,Ranipet,Tamil Nadu,0.12035601128152879,0.04043017434622206
876034b82ffffff,Sivaganga,Tamil Nadu,0.29716067258569506,0.0
876189729ffffff,Kolar,Karnataka,0.10913587956680833,0.012581515254300063
873d9c8cdffffff,Lalitpur,Uttar Pradesh,0.11420559204195184,0.025246903556656382
873db126effffff,Sawai Madhopur,Rajasthan,0.11934917359550948,0.03884883901837978
873d9d56bffffff,Damoh,Madhya Pradesh,0.1272795691869936,0.06561533720276762
873c88cb3ffffff,Bhadrak,Odisha,0.0931865263623565,0.0
873d1140dffffff,Uttarkashi,Uttarakhand,0.14084158816124637,0.06757465329484456
873da5a00ffffff,Jind,Haryana,0.14677200982464111,0.1056545403072495
873d99d2dffffff,Panna,Madhya Pradesh,0.0949033221394245,0.060820097286027865
874253284ffffff,Jaisalmer,Rajasthan,0.18497992915741793,0.04416628061070765
873d8eaf1ffffff,Banda,Uttar Pradesh,0.1705666519315152,0.43061836472466636
873c82375ffffff,Kandhamal,Odisha,0.09494620126950887,0.05525911011896336
876012144ffffff,Chitradurga,Karnataka,0.1201556952730935,0.0
8742dd2abffffff,Bharuch,Gujarat,0.31507976093264983,0.0
873d0445bffffff,Leh,Ladakh,0.06285201549527318,0.013659240415488525
873d066d6ffffff,Lahaul and Spiti,Himachal Pradesh,0.127291428869444,0.02084908286900984
8742ea168ffffff,Vav-Tharad,Gujarat,0.19211920706073848,0.045093848478020004
873c8d193ffffff,Paschim Medinipur,West Bengal,0.07843094327235049,0.5400382863999075
873db2c86ffffff,Udaipur,Rajasthan,0.15325350865175844,0.05259210894223989
8742c805effffff,Mahisagar,Gujarat,0.18356238287294663,0.025663894485768494
873d23510ffffff,Leh,Ladakh,0.06907559443567934,0.013194944864377302
87618860effffff,Chittoor,Andhra Pradesh,0.11182172672169007,0.0
8742db55effffff,Palghar,Maharashtra,0.3003009429561592,0.09367537009565502
873c12ba3ffffff,Rohtas,Bihar,0.12818110726519422,0.021907298236729263
873ce46d9ffffff,Dhubri,Assam,0.02995399244144841,0.0
873cf6b60ffffff,Murshidabad,West Bengal,0.06845579109945629,0.5617078030972542
873cac39cffffff,Hazaribagh,Jharkhand,0.07881458749970764,0.054008973763129825
873c86b06ffffff,Bargarh,Odisha,0.10695545789576583,0.06845680896908682
876080382ffffff,Osmanabad,Maharashtra,0.10604944178793817,0.0005337590023697093
876016a34ffffff,Bengaluru Rural,Karnataka,0.11653048733318148,0.015262077837606412
8760146d9ffffff,Tumakuru,Karnataka,0.11906769942088055,0.023276976860021614
8742dd54dffffff,Bhavnagar,Gujarat,0.19196904484296734,0.033480296112546375
873d22d8cffffff,Kargil,Ladakh,0.07244057704747993,0.01269305611408408
87611b4c5ffffff,Ramanathapuram,Tamil Nadu,0.356172259755941,0.0
873d23114ffffff,Leh,Ladakh,0.06745093339326971,0.017576262708464546
873d84463ffffff,Karauli,Rajasthan,0.11298063164956607,0.04974329885415212
873db1c6cffffff,Tonk,Rajasthan,0.17287044355264775,0.041812113643588715
873db5c9bffffff,Ajmer,Rajasthan,0.16781904768218503,0.04031565042277785
873dac132ffffff,Amroha,Uttar Pradesh,0.27435469177864685,0.03083739758064457
8761ab7aaffffff,Cuddalore,Tamil Nadu,0.3646191420006452,0.0
873d22c6effffff,Leh,Ladakh,0.09125179557408014,0.012537651378658685
873db5872ffffff,Nagaur,Rajasthan,0.1566256696951946,0.032987036348102086
8742c5d8cffffff,Kutch,Gujarat,0.19126129824940424,0.028829098816885817
873c8d514ffffff,Mayurbhanj,Odisha,0.11177938239931028,0.020534886033410183
8760a56f3ffffff,Kurnool,Andhra Pradesh,0.11528570061122721,0.0
8742ea115ffffff,Kutch,Gujarat,0.19211920706073848,0.045093848478020004
873d26969ffffff,Leh,Ladakh,0.12137890371822857,0.028135519209982824
873c0e29affffff,North Sikkim,Sikkim,0.050527088899625136,0.01460283862758926
873ca3423ffffff,Raigarh,Chhattisgarh,0.08670238861248453,0.050001065284560504
8760a98c4ffffff,South Goa,Goa,0.19153446710305808,0.0703260130105892
873c58d5affffff,Lower Dibang Valley,Arunachal Pradesh,0.0863215217504866,0.059746816283145945
876086946ffffff,Sangareddy,Telangana,0.10697552864864977,0.006020466132784409
8760832a2ffffff,Ahmednagar,Maharashtra,0.15074395337678753,0.043617409478366356
873ce8910ffffff,Karbi Anglong,Assam,0.057943311457260394,0.028479307141381343
873d85474ffffff,Morena,Madhya Pradesh,0.1116575455368896,0.03710068900574645
87424d371ffffff,Amritsar,Punjab,0.3243010583451246,0.03179697372944087
87608cacdffffff,Satara,Maharashtra,0.2699475679108016,0.030239611203214754
873cb056affffff,Rajnandgaon,Chhattisgarh,0.06086430124592273,0.062492002717173076
8742ce485ffffff,Ahmedabad,Gujarat,0.19326399262503513,0.024446293703438864
873cb24c8ffffff,Gadchiroli,Maharashtra,0.08081646416355487,0.11096289364812001
873c1a69affffff,Dumka,Jharkhand,0.11924734147466653,0.08058757221324109
87619ad1dffffff,West Godavari,Andhra Pradesh,0.08005171314919793,0.014167712460928815
876036b46ffffff,Pudukkottai,Tamil Nadu,0.23254833022492416,0.0
873d04528ffffff,Leh,Ladakh,0.06456760487963742,0.013704105631063154
873d94c29ffffff,Mandsaur,Madhya Pradesh,0.16326609142660894,0.010784888639360168
8760ad076ffffff,Uttara Kannada,Karnataka,0.22959299522519216,0.015763580109092196
873dab5acffffff,Hardoi,Uttar Pradesh,0.16456773060907665,0.0710583065612559
873c9071cffffff,Visakhapatnam,Andhra Pradesh,0.09558992369324026,0.07293402760666358
873c8dca2ffffff,Mayurbhanj,Odisha,0.06779985885016551,0.027022432189939393
873d9a791ffffff,Chhindwara,Madhya Pradesh,0.12993811792234466,0.0
873d81811ffffff,Bhind,Madhya Pradesh,0.14976970050698335,0.39822719737617124
873ca5186ffffff,Singrauli,Madhya Pradesh,0.12047503768434804,0.08501093502902671
873c10663ffffff,Saran,Bihar,0.08655268923353425,0.48650897446451663
873d80613ffffff,Shivpuri,Madhya Pradesh,0.09437472203258745,0.04680361825421355
8742c9d49ffffff,Banswara,Rajasthan,0.1572030642911649,0.01820847858552095
873d89472ffffff,Pratapgarh,Uttar Pradesh,0.053258292811667815,0.06242548502269664
8742c8372ffffff,Mahisagar,Gujarat,0.1843311196507081,0.03975781845714612
873da592affffff,Fatehabad,Haryana,0.15490495262782045,0.013399735145114416
8760342b1ffffff,Dindigul,Tamil Nadu,0.20698059586517348,0.008600389295429247
8742c2b0cffffff,Jamnagar,Gujarat,0.1969812931519521,0.05845972606198695
876189d34ffffff,Vellore,Tamil Nadu,0.09655893411476686,0.015762420899294992
8742c000effffff,Jamnagar,Gujarat,0.31254425325167084,0.019829331448621437
873c13d8cffffff,Bhojpur,Bihar,0.11036753136027391,0.0
873db6234ffffff,Rajsamand,Rajasthan,0.1426410873425689,0.03103254109792154
8760b4459ffffff,Mulugu,Telangana,0.08004379972921863,0.061199586782299
876030968ffffff,Dindigul,Tamil Nadu,0.24581992795391408,0.0
87603604bffffff,Tiruchirappalli,Tamil Nadu,0.2808235613127025,0.00921367331195682
8760a9623ffffff,Sindhudurg,Maharashtra,0.2125588045144078,0.07263997001861996
873cea62dffffff,Tengnoupal,Manipur,0.18296069699072592,0.0
873cecb49ffffff,Papum Pare,Arunachal Pradesh,0.1696839969782895,0.009556290994797576
873da2ba3ffffff,Jaipur,Rajasthan,0.1531299442543543,0.02634243983647024
873ce88eaffffff,Wokha,Nagaland,0.07420326836387041,0.0
873c82028ffffff,Kandhamal,Odisha,0.09645004284598202,0.043100776752640534
87425d40cffffff,Bikaner,Rajasthan,0.1734701501621744,0.13323107732889924
873db231cffffff,Neemuch,Madhya Pradesh,0.15090415795681997,0.020385562049739524
876085d4affffff,Kalaburagi,Karnataka,0.11174580267353425,0.0
87619e623ffffff,West Godavari,Andhra Pradesh,0.05126024864721346,0.5555596597958412
873d86481ffffff,Baran,Rajasthan,0.12483998359473168,0.03602367306296511
873c5cd89ffffff,Upper Siang,Arunachal Pradesh,0.13312806621745762,0.005690359718307806
873c58c75ffffff,Lower Dibang Valley,Arunachal Pradesh,0.08957400927877195,0.052503648102986605
8742c1a04ffffff,Kutch,Gujarat,0.19190587882030163,0.029568495373585312
873c82605ffffff,Gajapati,Odisha,0.07502636414885658,0.06289525734143667
873c0e2a8ffffff,North Sikkim,Sikkim,0.12944357966976977,0.0
8760a801dffffff,Belagavi,Karnataka,0.17112867733811915,0.0
873cc0b55ffffff,Mamit,Mizoram,0.06738364348328915,0.054693143011224785
876091845ffffff,Washim,Maharashtra,0.10569134776892353,0.009418507961253863
873d8d310ffffff,Gonda,Uttar Pradesh,0.13266676395207871,0.0076975947079826745
87608b8b5ffffff,Raigad,Maharashtra,0.22789768666207103,0.09115748710584728
873da8944ffffff,Rampur,Uttar Pradesh,0.2941341705149669,0.053372173193757685
8742c9db0ffffff,Mahisagar,Gujarat,0.19178406627372302,0.0463191313826958
873d9a2deffffff,Seoni,Madhya Pradesh,0.17632470621436136,0.0
8760b6c21ffffff,Bijapur,Chhattisgarh,0.10307903915673494,0.0713204253562298
8742c2a94ffffff,Rajkot,Gujarat,0.196059792339569,0.03364553186150841
87209b6b2ffffff,Ganderbal,Jammu and Kashmir,0.13369070010338494,0.017261108479184634
8760a3882ffffff,Raichur,Karnataka,0.11668590082685219,0.0
87601ed86ffffff,Shivamogga,Karnataka,0.4127099752136928,0.017293238544444325
873c914b3ffffff,Vizianagaram,Andhra Pradesh,0.09068695460943538,0.042908456111625845
87609981dffffff,Nashik,Maharashtra,0.16499317317357756,0.010353144408812505
873c8cd48ffffff,Mayurbhanj,Odisha,0.10177571474540868,0.03947671366178984
8761898c4ffffff,Krishnagiri,Tamil Nadu,0.15585641830045402,0.01711702229965116
873ced85effffff,Lakhimpur,Assam,0.12198872588033186,0.029159741212508975
876016976ffffff,Bengaluru Urban,Karnataka,0.11442442213838129,0.013089533506407834
873d26082ffffff,Leh,Ladakh,0.14213985275043545,0.020736561723482868
873c8c943ffffff,Mayurbhanj,Odisha,0.06895576201812471,0.06698576923797786
876011009ffffff,Dakshina Kannada,Karnataka,0.15327105299725718,0.02342650109855382
876015af6ffffff,Kodagu,Karnataka,0.25827438096553307,0.008897881583499084
873caa35affffff,Saraikela-Kharsawan,Jharkhand,0.09562539799678617,0.03649171135937006
87618eab0ffffff,Thiruvallur,Tamil Nadu,0.10784107579409795,0.0
873d99954ffffff,Panna,Madhya Pradesh,0.10360478388124858,0.06574595356912304
876034c8dffffff,Sivaganga,Tamil Nadu,0.273235551199291,0.0
8760a1460ffffff,Raichur,Karnataka,0.11926373451847495,0.0
873ca08c5ffffff,Singrauli,Madhya Pradesh,0.09641669940909203,0.06503141553518728
876036912ffffff,Thanjavur,Tamil Nadu,0.2426721129925192,0.0
876099ad8ffffff,Nashik,Maharashtra,0.2879328025225382,0.0364292490934968
873c10499ffffff,Buxar,Bihar,0.1117747683833177,0.026277132805267334
8742c14c1ffffff,Surendranagar,Gujarat,0.19936518837621148,0.04787180104833515
87424ab5dffffff,Hanumangarh,Rajasthan,0.1717376281642957,0.0
87619b099ffffff,Suryapet,Telangana,0.06870636669775992,0.0
873cc5494ffffff,North Tripura,Tripura,0.08351929273433685,0.055164278151406114
873d833aaffffff,Jhansi,Uttar Pradesh,0.14367264259825263,0.0
873d16270ffffff,Ambala,Haryana,0.4054261877051529,0.03093585919978144
873d91849ffffff,Vidisha,Madhya Pradesh,0.1072942974664879,0.02450919188931567
873d8bb5dffffff,Jaunpur,Uttar Pradesh,0.1310820934468066,0.0
8760b692dffffff,Mulugu,Telangana,0.10619719889924578,0.006593964106024334
873d10865ffffff,Shimla,Himachal Pradesh,0.12840938715071507,0.019224702110259353
876012249ffffff,Davanagere,Karnataka,0.16949529323135176,0.0
873c12331ffffff,Rohtas,Bihar,0.08012723774354255,0.0003811404054282759
874258b26ffffff,Bikaner,Rajasthan,0.1734633911296631,0.0
876093a9cffffff,Amravati,Maharashtra,0.1040169798342897,0.0033228000114364745
8761a931affffff,Thanjavur,Tamil Nadu,0.23497887087247113,0.0
873da8802ffffff,Rampur,Uttar Pradesh,0.2941270161850886,0.04957595798550469
876035a61ffffff,Pathanamthitta,Kerala,0.10558885502365886,0.03133131878445342
873da38e9ffffff,Nuh,Haryana,0.10805197405234994,0.04546605454536538
873d94584ffffff,Ratlam,Madhya Pradesh,0.17501426358803654,0.007263606496409455
873d36389ffffff,Jammu,Jammu and Kashmir,0.17214078145851902,0.030274198194607794
873dae036ffffff,Aligarh,Uttar Pradesh,0.12450383995147772,0.012606519688413451
873cec534ffffff,Nagaon,Assam,0.13209711060908763,0.0
873d14502ffffff,Ludhiana,Punjab,0.32626894890242736,0.033387054145297045
87618a09effffff,S.P.S. Nellore,Andhra Pradesh,0.1259797715392117,0.0
8742dc040ffffff,Amreli,Gujarat,0.1863727266614577,0.06027355140421515
876090d1affffff,Wardha,Maharashtra,0.10470533762894965,0.024495696103094326
8742c3b31ffffff,Surendranagar,Gujarat,0.20430231093738466,0.08337252514578417
873ceed2dffffff,West Karbi Anglong,Assam,0.0760052892932159,0.016533084559473363
873cc0354ffffff,Aizawl,Mizoram,0.0905670333433092,0.0
873d9091dffffff,Agar Malwa,Madhya Pradesh,0.10660285916222285,0.009654614420909542
873d91406ffffff,Bhopal,Madhya Pradesh,0.12242037750193847,0.0003778730081075831
873d062adffffff,Leh,Ladakh,0.09114206679844794,0.012511779803989213
873cee29bffffff,Dima Hasao,Assam,0.05691117103605868,0.0
87618d4caffffff,Tiruvannamalai,Tamil Nadu,0.1659382454464966,0.015260694772827767
873c1aa56ffffff,Katihar,Bihar,0.0871183318717464,0.0
873c96a30ffffff,Sukma,Chhattisgarh,0.08348227436613229,0.06667351344995272
87209b893ffffff,Muzaffarabad,Jammu and Kashmir,0.1551565237637506,0.029094956312004868
873c138cdffffff,Saran,Bihar,0.08126179482904015,0.3058814957850781
876026015ffffff,Tirunelveli,Tamil Nadu,0.06919532761037495,0.035671635926466785
8742c4554ffffff,Kutch,Gujarat,0.295357596134991,0.9055293772883645
87209b60cffffff,Bandipora,Jammu and Kashmir,0.16932558370638984,0.029094956312004868
873da0956ffffff,Jhunjhunu,Rajasthan,0.15676942298300772,0.03395050110156605
873cc5a58ffffff,Cachar,Assam,0.08327319370390358,0.03257772410007832
873d264b3ffffff,Leh,Ladakh,0.141651328364776,0.02682868840529637
873d84da4ffffff,Sawai Madhopur,Rajasthan,0.1155481313855595,0.03334259673337587
873cb08ebffffff,Rajnandgaon,Chhattisgarh,0.08218931399317689,0.06333358263878845
873c95cb5ffffff,Nabarangapur,Odisha,0.0935082780065625,0.08546138721680277
873c36c54ffffff,Lakhimpur Kheri,Uttar Pradesh,0.15021871280611426,0.04883483565207426
8760ae089ffffff,Vijayapura,Karnataka,0.14943109771005247,0.004214391626028872
8742d1b4affffff,Junagadh,Gujarat,0.2029573613539589,0.06143549033036395
873d344a6ffffff,Mirpur,Jammu and Kashmir,0.12377540333662798,0.030957033419075613
873c10168ffffff,Siwan,Bihar,0.11040374384257094,0.0
873c36198ffffff,Bahraich,Uttar Pradesh,0.1732771211985809,0.07476654262844676
873c19966ffffff,Kalimpong,West Bengal,0.08930440776761676,0.0
8742db39cffffff,Palghar,Maharashtra,0.406888245158915,0.06496923143910005
873d30c60ffffff,Udhampur,Jammu and Kashmir,0.12916629609600155,0.03047191286259353
873c5dcb0ffffff,Upper Dibang Valley,Arunachal Pradesh,0.09087431183485024,0.0335666819758537
87603116dffffff,Ernakulam,Kerala,0.193443768370629,0.025851643697657505
873cb3610ffffff,Nabarangapur,Odisha,0.11421646251435326,0.018159473536324307
873cb6500ffffff,Chandrapur,Maharashtra,0.1496374532678238,0.010550232463509149
876016d89ffffff,Chikkaballapura,Karnataka,0.12067321399398868,0.0
873cb6ab1ffffff,Gondia,Maharashtra,0.05700713597072331,0.014350560382328199
873d9c858ffffff,Lalitpur,Uttar Pradesh,0.10551388886712822,0.042871146216600486
873cad92dffffff,Sheikhpura,Bihar,0.08754224800588828,0.0
87618c005ffffff,Chengalpattu,Tamil Nadu,0.08957908514642325,0.050981788485435914
8761a9220ffffff,Thanjavur,Tamil Nadu,0.23497887087247113,0.0
873d24da0ffffff,Leh,Ladakh,0.14652355063018346,0.02682868840529637
873c5a3a1ffffff,Changlang,Arunachal Pradesh,0.08425811396476544,0.05212552267056693
873d9ccb1ffffff,Vidisha,Madhya Pradesh,0.09999605439279849,0.025458795188233713
8742c3ceeffffff,Rajkot,Gujarat,0.1863727266614577,0.061479377858510625
873d93418ffffff,Harda,Madhya Pradesh,0.10340893837436033,0.01590703524606126
874259263ffffff,Churu,Rajasthan,0.1643375817126641,0.02252474799516723
874249308ffffff,Ludhiana,Punjab,0.35165031048192297,0.0328682492724219
873c942ebffffff,Bastar,Chhattisgarh,0.1672520685555604,0.12526280930797834
873d24676ffffff,Leh,Ladakh,0.08678525115714156,0.010349518523858944
873c58316ffffff,Lohit,Arunachal Pradesh,0.08182961466565569,0.04319777050169898
87425c498ffffff,Jaisalmer,Rajasthan,0.17625027980370966,0.0
873ce1cf5ffffff,Kamrup,Assam,0.04851963040272264,0.0
876033624ffffff,Chamarajanagara,Karnataka,0.15678999889865983,0.01956623394843594
873c10704ffffff,Ballia,Uttar Pradesh,0.13755253783950344,0.0
8742eb228ffffff,Sirohi,Rajasthan,0.17304954192652294,0.03480517288555706
873c96895ffffff,Bijapur,Chhattisgarh,0.0931320132138756,0.056682414122113986
876096698ffffff,Chhindwara,Madhya Pradesh,0.12453446232655391,0.0
87425e400ffffff,Jaisalmer,Rajasthan,0.17228715095620642,0.20979073078752336
876099ab5ffffff,Nashik,Maharashtra,0.27171655573215747,0.03504326099717629
87609832cffffff,Nashik,Maharashtra,0.17640172555520442,0.024120963238375776
873d12db6ffffff,Jind,Haryana,0.1548279076158266,0.053325167780177325
873dac6f3ffffff,Sambhal,Uttar Pradesh,0.2767850999355532,0.0511046309694242
87618a503ffffff,S.P.S. Nellore,Andhra Pradesh,0.185431406806935,0.0
8760b102bffffff,Medak,Telangana,0.10697552864864977,0.0020032484834986153
8742c185cffffff,Kutch,Gujarat,0.19190587882030163,0.0448582794798008
873c90492ffffff,Visakhapatnam,Andhra Pradesh,0.09666906083220062,0.05768521363947319
8760b2731ffffff,Chandrapur,Maharashtra,0.1287792175786416,0.014604390183244388
8760ae66cffffff,Bagalkote,Karnataka,0.14641068015574304,0.0
873ce5488ffffff,Chirang,Assam,0.07041014941215366,0.0
873d8b2e0ffffff,Bhadohi,Uttar Pradesh,0.06936187858530865,0.5502510870047574
873dad89bffffff,Nainital,Uttarakhand,0.3177738530345289,0.02235475687106577
873da3cb5ffffff,Alwar,Rajasthan,0.11771670984750862,0.023609817304943968
873c93949ffffff,Visakhapatnam,Andhra Pradesh,0.08218138856105062,0.012191899529805214
876026c61ffffff,Tirunelveli,Tamil Nadu,0.24955946385038183,0.0
873c32259ffffff,Siddharthnagar,Uttar Pradesh,0.08654942001439071,0.043513249364114284
873d8ba48ffffff,Jaunpur,Uttar Pradesh,0.13330004962022074,0.029605377527012974
873d80b86ffffff,Gwalior,Madhya Pradesh,0.11569605280840943,0.03817300826709691
873db3a80ffffff,Kota,Rajasthan,0.16468538512135508,0.026174787256000684
873d99315ffffff,Umaria,Madhya Pradesh,0.09558306191211834,0.09662683147342313
873da1724ffffff,Faridabad,Haryana,0.13357799813139343,0.0641985617155151
873caea52ffffff,Ranchi,Jharkhand,0.08690338106400675,0.008948400755840868
873ca480effffff,Rewa,Madhya Pradesh,0.08157182558787181,0.07613580709557866
873d344c5ffffff,Rajouri,Jammu and Kashmir,0.1236589849915561,0.02888357777592764
8760ac2d3ffffff,Dharwad,Karnataka,0.1674748281511862,0.0
873d2058dffffff,Leh,Ladakh,0.07581171510051785,0.0300435492054555
8742ec225ffffff,Barmer,Rajasthan,0.181941609712224,0.048310352523735806
873cb6aa8ffffff,Gondia,Maharashtra,0.09175399154468208,0.014350560382328199
8760add72ffffff,Shivamogga,Karnataka,0.17324373906698656,0.0
873d8d299ffffff,Ayodhya,Uttar Pradesh,0.12256319956583793,0.0030830366271411753
8760aea01ffffff,Bagalkote,Karnataka,0.1525518201931354,0.0
873db4b5dffffff,Nagaur,Rajasthan,0.16504738233622296,0.030777789124187178
8760836d5ffffff,Aurangabad,Maharashtra,0.15599801174947014,0.04844465409016404
873dae355ffffff,Budaun,Uttar Pradesh,0.27446762372018707,0.03250326189049447
876015b9bffffff,Kodagu,Karnataka,0.22387342241192992,0.010153209713133599
87424ad83ffffff,Ganganagar,Rajasthan,0.17474196374019937,0.1580432800283832
873d81a4cffffff,Auraiya,Uttar Pradesh,0.27388638284855454,0.03131872553216423
873d93352ffffff,Hoshangabad,Madhya Pradesh,0.10469311925408657,0.018850949094564494
873c5ed66ffffff,Upper Subansiri,Arunachal Pradesh,0.10113362408404838,0.025257231630110063
873d100ccffffff,Sirmaur,Himachal Pradesh,0.3226256819080472,0.03271309950566553
876096649ffffff,Chhindwara,Madhya Pradesh,0.11339704080377327,0.0003208730169580987
873cf64e1ffffff,Hooghly,West Bengal,0.08356642617108344,0.017518677347345923
8742ce120ffffff,Ahmedabad,Gujarat,0.19194641659688289,0.02273871988557611
8760b2bacffffff,Mancherial,Telangana,0.1300300322170208,0.05049201356300465
873c91721ffffff,Srikakulam,Andhra Pradesh,0.11368093991192418,0.0364416858511839
873dac185ffffff,Amroha,Uttar Pradesh,0.27563292774696313,0.05095694801104442
873d101a0ffffff,Sirmaur,Himachal Pradesh,0.3176712770320964,0.039436818146498846
8742c66e5ffffff,Porbandar,Gujarat,0.3024593490760789,0.05114870634006672
873c8422effffff,Sundargarh,Odisha,0.10224459526070556,0.05623890992430422
873ca101bffffff,Garhwa,Jharkhand,0.09051254056627853,0.06502678112417817
873d856e9ffffff,Bhind,Madhya Pradesh,0.1397692595666587,0.0376774855997705
873db4c52ffffff,Pali,Rajasthan,0.17976865373392692,0.011971773708228856
876006880ffffff,Malappuram,Kerala,0.23220961200565088,0.015912314206666698
873d9696effffff,Ratlam,Madhya Pradesh,0.1754828015723019,0.01029250022265232
8760a9606ffffff,Sindhudurg,Maharashtra,0.2125588045144078,0.07263997001861996
876199a11ffffff,Prakasam,Andhra Pradesh,0.1311482675787123,0.0
873d2ed35ffffff,Leh,Ladakh,0.06790666640364092,0.01415817915292496
873d952e2ffffff,Guna,Madhya Pradesh,0.10906203606670986,0.05130451999240437
87609a745ffffff,Barwani,Madhya Pradesh,0.18954660701430615,0.005832067546957858
873ca9616ffffff,Bankura,West Bengal,0.04816042009684268,0.00636475397370358
873d34cadffffff,Mirpur,Jammu and Kashmir,0.13765393996971853,0.054260222124473435
873da42c4ffffff,Bhiwani,Haryana,0.14854792490623192,0.03668988485524769
873cab166ffffff,Purulia,West Bengal,0.04444831576503616,0.017638184583583127
876082698ffffff,Buldhana,Maharashtra,0.10830854326319264,0.006314497138638361
87618a10cffffff,S.P.S. Nellore,Andhra Pradesh,0.15721330376189324,0.37881827142056906
873d83a80ffffff,Jhansi,Uttar Pradesh,0.14656049016006029,0.030614602673414176
87603531cffffff,Idukki,Kerala,0.0831876841505697,0.009484262133092636
876033130ffffff,Coimbatore,Tamil Nadu,0.2558229099325999,0.15795210085348305
873d2241cffffff,Leh,Ladakh,0.07035494230126446,0.023642319197189652
873ca0d99ffffff,Koriya,Chhattisgarh,0.09120242788122128,0.005814461267201523
873c966acffffff,East Godavari,Andhra Pradesh,0.04600041393632571,0.05139480419262509
876090196ffffff,Amravati,Maharashtra,0.10470533762894965,0.0197604867651478
8760a5d61ffffff,Anantapur,Andhra Pradesh,0.11568468093298655,0.0
873d20508ffffff,Leh,Ladakh,0.07224581895841643,0.02278962442849276
87425804cffffff,Bikaner,Rajasthan,0.16620145966516772,0.0
8742c9301ffffff,Pratapgarh,Rajasthan,0.1545743882517853,0.017149112336325323
87209b0f3ffffff,Bandipora,Jammu and Kashmir,0.14924396549993008,0.029256776615442213
87601ecc5ffffff,Udupi,Karnataka,0.1545361613010344,0.006808808832189467
873c95c50ffffff,Nabarangapur,Odisha,0.05138731324372032,0.060463564101124405
873d8e8d5ffffff,Hamirpur,Uttar Pradesh,0.33557820439291913,0.4134944155789326
873d1688bffffff,Patiala,Punjab,0.2899100855926838,0.029240575042317443
873d05b94ffffff,Leh,Ladakh,0.08966710648396262,0.014089753287934905
873db56f2ffffff,Ajmer,Rajasthan,0.1681809608259987,0.04143690782823724
8742c8141ffffff,Mahisagar,Gujarat,0.18597848098689085,0.0328271398666853
873d1e053ffffff,Chamoli,Uttarakhand,0.1035991403473507,0.026369909250421812
873c1ed98ffffff,Samastipur,Bihar,0.10826323187695111,0.4850877161399517
873c86659ffffff,Balangir,Odisha,0.11850534528706277,0.08614492343583512
87209ba9affffff,Leh,Ladakh,0.14771429045165235,0.028135519209982824
873c96c75ffffff,Bijapur,Chhattisgarh,0.09388693564476294,0.050500244610287084
873d9ace8ffffff,Chhindwara,Madhya Pradesh,0.3436441886977267,0.0
873d9205affffff,Khandwa,Madhya Pradesh,0.11044056777913115,0.008591479089605523
873d95228ffffff,Guna,Madhya Pradesh,0.1106976075863805,0.07575430546656728
873caad56ffffff,Simdega,Jharkhand,0.08476231932977883,0.029272958369456096
873d9b95effffff,Jabalpur,Madhya Pradesh,0.09340280134132069,0.01497861063359737
873d1020effffff,Uttarkashi,Uttarakhand,0.15762387057781044,0.03408842755843788
8760365aeffffff,Cuddalore,Tamil Nadu,0.24115742600558882,0.0
873c95c9effffff,Nabarangapur,Odisha,0.09981566739040627,0.08546138721680277
873da834cffffff,Pilibhit,Uttar Pradesh,0.13124763118718658,0.0686198503899694
8760315b3ffffff,Coimbatore,Tamil Nadu,0.2041641016396089,0.010554168609472276
873ca3ae9ffffff,Jashpur,Chhattisgarh,0.14988472852440737,0.050124718025189675
8742ce186ffffff,Surendranagar,Gujarat,0.19192249845236214,0.05303983415339486
873c1a61bffffff,Pakur,Jharkhand,0.1145126964765198,0.07572806171352249
873d8a8f1ffffff,Chitrakoot,Uttar Pradesh,0.1316216745397747,0.02359991548653753
873c15054ffffff,West Champaran,Bihar,0.1539534027122666,0.0
876189676ffffff,Chikkaballapura,Karnataka,0.1192240921468529,0.013902707632239638
873c1322cffffff,Patna,Bihar,0.08910619793312129,0.5185309936595202
8760ab5acffffff,Kolhapur,Maharashtra,0.16776918807968944,0.0
87209bb6bffffff,Leh,Ladakh,0.14985515405837604,0.029425185152089545
873c8c8b0ffffff,Mayurbhanj,Odisha,0.06071280040762608,0.06697288339064322
8760a6d62ffffff,Prakasam,Andhra Pradesh,0.10944609672289392,0.0
873c1e725ffffff,Khagaria,Bihar,0.08768900406005439,0.4998328228936571
873daa78cffffff,Etawah,Uttar Pradesh,0.27534942644355614,0.03569991222163556
873c91a6affffff,Rayagada,Odisha,0.04889412219483539,0.1079690380641888
8742c84d0ffffff,Vadodara,Gujarat,0.18738043579259012,0.007907053526931333
873d9c018ffffff,Sagar,Madhya Pradesh,0.12702191823394957,0.047496010751837535
876032d26ffffff,Salem,Tamil Nadu,0.2565438502925314,0.00918820341897651
8760a348affffff,Kalaburagi,Karnataka,0.10310354242053413,0.014017780489558693
873d12813ffffff,Karnal,Haryana,0.22236066333067622,0.05777308917613336
8742c1ca3ffffff,Morbi,Gujarat,0.19580778125106857,0.03744787460291873
87608d5a6ffffff,Satara,Maharashtra,0.2930266117702678,0.05379646305314515
873ce9d0dffffff,Tuensang,Nagaland,0.0865444709058943,0.00023790681011852453
874258d0effffff,Jaisalmer,Rajasthan,0.15341183214752172,0.0
873c91120ffffff,Vizianagaram,Andhra Pradesh,0.08046393386880918,0.1437398172714737
873d906adffffff,Sehore,Madhya Pradesh,0.12860808082797082,0.0035026655561005713
873d94cc5ffffff,Ratlam,Madhya Pradesh,0.16326609142660894,0.016323994910263928
8760f6412ffffff,Ratnagiri,Maharashtra,0.2942391684685638,0.0
87609bb01ffffff,Dhule,Maharashtra,0.17738486966069658,0.006063289847981728
87424ba99ffffff,Mansa,Punjab,0.3017736720217362,0.0
873caea89ffffff,Lohardaga,Jharkhand,0.1398374823261192,0.014887883160847553
873c80caeffffff,Balangir,Odisha,0.10979889083273041,0.05127363323195547
87608cc86ffffff,Solapur,Maharashtra,0.15183790658037355,0.0
873cf4192ffffff,Birbhum,West Bengal,0.04343029133769568,0.008498329261564623
873c11625ffffff,Muzaffarpur,Bihar,0.0985660974120394,0.0
873c166e4ffffff,Chandauli,Uttar Pradesh,0.12818110726519422,0.02754164727317135
8760a24aaffffff,Sangareddy,Telangana,0.1063546378733024,0.0
873ca1c82ffffff,Balrampur,Chhattisgarh,0.09376458250098677,0.04528048413327636
87609e440ffffff,Burhanpur,Madhya Pradesh,0.1086762362379615,0.0006736720343157466
873d161b6ffffff,Sangrur,Punjab,0.2774641476228418,0.02835173176980914
873db5b35ffffff,Nagaur,Rajasthan,0.16044370641799754,0.032723890011141954
873c86b52ffffff,Bargarh,Odisha,0.10043697936669622,0.05800646555864621
873c51084ffffff,Upper Subansiri,Arunachal Pradesh,0.06703149346620149,0.0
87603142affffff,Coimbatore,Tamil Nadu,0.21908303329782547,0.013438542918024009
87618daa0ffffff,Kallakurichi,Tamil Nadu,0.2975616452472104,0.006901716350924201
8742cd29affffff,Dungarpur,Rajasthan,0.16385009577151902,0.06381212429498645
873cad633ffffff,Giridih,Jharkhand,0.10229943035784005,0.0535318456182471
873c19986ffffff,Darjeeling,West Bengal,0.055154146255942955,0.0
8742ea019ffffff,Vav-Tharad,Gujarat,0.19221721249425733,0.06557870688712548
873cc1da1ffffff,Aizawl,Mizoram,0.06879922862852095,0.0393002769834083
873cea0acffffff,Imphal West,Manipur,0.15911367912887453,0.0
873c96b4dffffff,Sukma,Chhattisgarh,0.07501773612794171,0.08561739195204568
873c92213ffffff,Visakhapatnam,Andhra Pradesh,0.096006384499489,0.08101506630756146
876080963ffffff,Osmanabad,Maharashtra,0.09861503346747431,0.0
873d8362cffffff,Tikamgarh,Madhya Pradesh,0.11865441649264882,0.027195066910903645
8742e80a2ffffff,Barmer,Rajasthan,0.18024285528559247,0.010552957004679633
873ce4485ffffff,Cooch Behar,West Bengal,0.0866478011243101,0.0
873d80781ffffff,Shivpuri,Madhya Pradesh,0.10940077696278536,0.04739746999515815
87608e0e2ffffff,Ahmednagar,Maharashtra,0.15149055500639752,0.008769365878828215
873d30b11ffffff,Kishtwar,Jammu and Kashmir,0.12974216651459328,0.02916387307426219
8760b3ac6ffffff,Nizamabad,Telangana,0.10812734546834427,0.059928221294374584
873d9dab0ffffff,Chhatarpur,Madhya Pradesh,0.2639559763446532,0.030334440193802444
8742eb751ffffff,Sirohi,Rajasthan,0.1840899477431844,0.04808184196743893
873d2e392ffffff,Leh,Ladakh,0.10188434892278006,0.014002774417499569
873d83c4effffff,Niwari,Madhya Pradesh,0.1311979732256942,0.01342111608317049
873c1b0a8ffffff,Malda,West Bengal,0.035666087780116186,0.0
873c168ecffffff,Azamgarh,Uttar Pradesh,0.12818110726519422,0.0
8760aba53ffffff,Sindhudurg,Maharashtra,0.24349857800256813,0.040682340550182605
8760a5692ffffff,Kurnool,Andhra Pradesh,0.11303197664148808,0.0
8742eb602ffffff,Banaskantha,Gujarat,0.1895556484275495,0.06382030401564502
8742c019cffffff,Jamnagar,Gujarat,0.30734174166608613,0.022766283129165028
8760a8734ffffff,Belagavi,Karnataka,0.15508985740430906,0.0
8742c0529ffffff,Jamnagar,Gujarat,0.19121899350894528,0.028533017956340147
873d1188cffffff,Kinnaur,Himachal Pradesh,0.1278488462411354,0.018297767267189128
876099c45ffffff,Nashik,Maharashtra,0.19893100382996723,0.0
873d16203ffffff,Kurukshetra,Haryana,0.4116958394662305,0.04254449944381686
873d31816ffffff,Kargil,Ladakh,0.06644902552271334,0.010349518523858944
873ce46adffffff,Kokrajhar,Assam,0.05175949558767937,0.0
876036293ffffff,Namakkal,Tamil Nadu,0.11619665916768054,0.009662623940904681
873c1a72effffff,Godda,Jharkhand,0.08330833913628409,0.028048988227898496
8742d925bffffff,Tapi,Gujarat,0.17932950497298775,0.03868378826499056
873ca1ceaffffff,Balrampur,Chhattisgarh,0.07967568514218608,0.041813646706905766
873d06aabffffff,Leh,Ladakh,0.06753942834095654,0.01415817915292496
873d86773ffffff,Baran,Rajasthan,0.10870232087847223,0.03386420022182728
873db175dffffff,Bundi,Rajasthan,0.11909999270265254,0.036963638681253796
87425a311ffffff,Jodhpur,Rajasthan,0.17711248328717133,0.046963939318876345
873cf640affffff,Hooghly,West Bengal,0.08356642617108344,0.017518677347345923
87609bb63ffffff,Dhule,Maharashtra,0.2707709469331781,0.028563721852089406
8742dd52affffff,Bhavnagar,Gujarat,0.2007532738462747,0.04704966170171574
873ca0386ffffff,Surajpur,Chhattisgarh,0.0731107449355194,0.0646610262201493
873c14d62ffffff,Sant Kabir Nagar,Uttar Pradesh,0.1316267205720783,0.042460530702494406
8760ae005ffffff,Bagalkote,Karnataka,0.10539024386593257,2.618486664606118e-05
873d11a84ffffff,Uttarkashi,Uttarakhand,0.14193766361460555,0.019165993142054496
873d9b714ffffff,Mandla,Madhya Pradesh,0.09151384444381015,0.04159823250325451
876016230ffffff,Tumakuru,Karnataka,0.12229260832295351,0.0
87602211cffffff,Alappuzha,Kerala,0.22189157407814283,0.02807202958506028
8760a8785ffffff,Belagavi,Karnataka,0.15283238854674353,0.0
873d8aa2bffffff,Chitrakoot,Uttar Pradesh,0.14795440644519486,0.5442294494642567
873c9564effffff,Rayagada,Odisha,0.10147368715894167,0.10955867211291982
873cecc9affffff,Nagaon,Assam,0.034932267212083035,0.0
873c50709ffffff,Kurung Kumey,Arunachal Pradesh,0.06171598103412709,0.0
873db684cffffff,Pali,Rajasthan,0.18331422048643675,0.058445627447833895
874253765ffffff,Jaisalmer,Rajasthan,0.17470902766724408,0.04416628061070765
8742dc221ffffff,Bhavnagar,Gujarat,0.18802008799764047,0.06045859919765747
873d88d40ffffff,Fatehpur,Uttar Pradesh,0.14949646151271911,0.10197808600140129
8742db8c3ffffff,Palghar,Maharashtra,0.4315879152809692,0.09156220200917546
873ce8726ffffff,Kohima,Nagaland,0.09976160850010536,0.0
873c5d48dffffff,Upper Dibang Valley,Arunachal Pradesh,0.08111003470591288,0.034768669075011714
87602290dffffff,Kollam,Kerala,0.2717110917644686,0.039875650314480295
873c53935ffffff,Kurung Kumey,Arunachal Pradesh,0.09098203269075625,0.012918288548626073
873dabd86ffffff,Shahjahanpur,Uttar Pradesh,0.302752667121938,0.026368561422797854
873cb034cffffff,Durg,Chhattisgarh,0.1054933740701299,0.05757614370213507
8760b2305ffffff,Komaram Bheem,Telangana,0.1271318562424589,0.04584256968984622
8760850aeffffff,Solapur,Maharashtra,0.11212723649070871,0.0
87425e362ffffff,Jodhpur,Rajasthan,0.1723617429424047,0.0
8742ea40affffff,Patan,Gujarat,0.19098072989579612,0.06013383788108335
873c96580ffffff,East Godavari,Andhra Pradesh,0.061822125374186826,0.010595935099337164
873db2b1effffff,Chittorgarh,Rajasthan,0.14777660289653258,0.019441965920704015
87609e86effffff,Buldhana,Maharashtra,0.1073817506822462,0.02150889963154634
8742e9290ffffff,Jalore,Rajasthan,0.18718697666616196,0.010967202654934966
873d8d716ffffff,Barabanki,Uttar Pradesh,0.13175146883169891,0.07486888064518496
8742e360affffff,Kutch,Gujarat,0.18595184273937027,0.04424295458278425
87608192effffff,Solapur,Maharashtra,0.161917733742878,0.0
876012045ffffff,Chitradurga,Karnataka,0.12347810069615263,0.0
873ca949affffff,Purulia,West Bengal,0.0466662719384503,0.027559524045212953
876093b99ffffff,Amravati,Maharashtra,0.22171885783443793,0.0
87618d453ffffff,Tiruvannamalai,Tamil Nadu,0.15188048074298174,0.01829387483012804
8760110b4ffffff,Dakshina Kannada,Karnataka,0.2793195050095002,0.014600752320997643
873d30052ffffff,Doda,Jammu and Kashmir,0.1287414184690069,0.020189346863395456
873d8ab72ffffff,Chitrakoot,Uttar Pradesh,0.17597640134928982,0.0
873cec352ffffff,Golaghat,Assam,0.0761898155904101,0.0
8742c8940ffffff,Sabarkantha,Gujarat,0.18958064254118845,0.039635550526796154
873c15418ffffff,West Champaran,Bihar,0.12404158007856615,0.0067189244685831664
876010a05ffffff,Hassan,Karnataka,0.11462088934797839,0.020495347768143757
873d9986affffff,Satna,Madhya Pradesh,0.1056981654923794,0.052892304945482
873ce1a84ffffff,Darrang,Assam,0.12121066965706938,0.014907816141137039
873d05113ffffff,Leh,Ladakh,0.08966710648396262,0.011734047950234253
8742c392bffffff,Morbi,Gujarat,0.20498235280258542,0.12954293008490875
8742c1acaffffff,Surendranagar,Gujarat,0.19190587882030163,0.04876060580470706
873d1e2a1ffffff,Pithoragarh,Uttarakhand,0.14468899506814545,0.031119682112251613
873db3836ffffff,Bhilwara,Rajasthan,0.15326620358718293,0.013050627000655419
8742c1a91ffffff,Kutch,Gujarat,0.19190587882030163,0.03284919885527902
8760aa702ffffff,Sangli,Maharashtra,0.15656086524031432,0.0
873d85b5effffff,Firozabad,Uttar Pradesh,0.1395120241201147,0.02140375656907446
8742cd926ffffff,Sirohi,Rajasthan,0.17729418695966256,0.03596971750181155
873d2e124ffffff,Leh,Ladakh,0.09224754682975156,0.014002774417499569
873cf2014ffffff,South 24 Parganas,West Bengal,0.08978042958337155,0.6190480675018863
873db2980ffffff,Udaipur,Rajasthan,0.1440625931047033,0.024586199804286304
873cb0ca4ffffff,Gondia,Maharashtra,0.1427124369919407,0.062459004464192475
873cf2682ffffff,South 24 Parganas,West Bengal,0.11363886869731098,0.0
8760a428dffffff,Kurnool,Andhra Pradesh,0.11574007183912748,0.0
873d11644ffffff,Uttarkashi,Uttarakhand,0.14835027179844135,0.02544646406888555
873cf291affffff,North 24 Parganas,West Bengal,0.07106588035235664,0.0
8760352e8ffffff,Idukki,Kerala,0.18739114215307323,0.011365818461270338
873d15194ffffff,Kullu,Himachal Pradesh,0.13033819982789538,0.020132022066060653
873d83da9ffffff,Shivpuri,Madhya Pradesh,0.10306642520741113,0.019131324636905776
873d8a719ffffff,Satna,Madhya Pradesh,0.10135152341801308,0.06833421389221275
8760b3841ffffff,Nizamabad,Telangana,0.10606960797219593,0.02849338591221499
87608294cffffff,Parbhani,Maharashtra,0.10694848276267882,0.06515617011018611
8760152ddffffff,Kodagu,Karnataka,0.23812653087191613,0.013426491723914184
8760ab630ffffff,Kolhapur,Maharashtra,0.2801433382622092,0.030239028763099675
87609ed61ffffff,Buldhana,Maharashtra,0.11227681498827667,0.00724591131806357
873d14946ffffff,Una,Himachal Pradesh,0.20046564926301438,0.024564281441746307
873d9bd33ffffff,Seoni,Madhya Pradesh,0.3360909753105043,0.011631867028588304
873c93a19ffffff,Vizianagaram,Andhra Pradesh,0.14652367596533195,0.010605049617009693
873cf0ce8ffffff,Nadia,West Bengal,0.0640897523821736,0.4988993367365567
873d006d5ffffff,Leh,Ladakh,0.06836812143091407,0.014002774417499569
873ced076ffffff,Sivasagar,Assam,0.15246791109925195,0.0
8760b226bffffff,Komaram Bheem,Telangana,0.1196655201292486,0.04438930114099531
87608ea6bffffff,Pune,Maharashtra,0.15907748490486578,0.002040966388659768
873dabb63ffffff,Lakhimpur Kheri,Uttar Pradesh,0.15782126594644402,0.09090509702853444
8742c6055ffffff,Devbhumi Dwarka,Gujarat,0.28347449444916023,0.01804911776311721
87608b442ffffff,Mumbai,Maharashtra,0.28506680183454813,0.11288392462706628
873c83c40ffffff,Nayagarh,Odisha,0.10743250182109602,0.0602655806341976
873da80c1ffffff,Bareilly,Uttar Pradesh,0.29914310188910387,0.031633122160825054
87209b455ffffff,Bandipora,Jammu and Kashmir,0.14006164821774825,0.022855546607176393
873dadb33ffffff,Almora,Uttarakhand,0.11601720656265109,0.029419243158841337
873c1e161ffffff,Darbhanga,Bihar,0.10346052456499454,0.4959219383460911
876091525ffffff,Akola,Maharashtra,0.12171835143765165,0.0033801321478550525
8760a3aaeffffff,Raichur,Karnataka,0.11122655689651458,0.007790705803831079
873caa768ffffff,West Singhbhum,Jharkhand,0.10714724670510146,0.04179996225909907
87618b6a5ffffff,Y.S.R. Kadapa,Andhra Pradesh,0.11293002562664038,0.0
873d92d84ffffff,Khargone,Madhya Pradesh,0.16871419192313492,0.0026424694094872884
873c9199bffffff,Rayagada,Odisha,0.05408516926573991,0.13371847022358727
873d9a449ffffff,Chhindwara,Madhya Pradesh,0.1321905411513943,0.0
873da02b2ffffff,Alwar,Rajasthan,0.1199702654707069,0.07027567303163615
874258b99ffffff,Bikaner,Rajasthan,0.19337496129326748,0.0
876032550ffffff,Dharmapuri,Tamil Nadu,0.25409659514555233,0.00687552897154474
8760b1564ffffff,Kamareddy,Telangana,0.10697552864864977,0.0020640872018567935
8760a0c01ffffff,Kurnool,Andhra Pradesh,0.11252767687620276,0.0
87601560cffffff,Kodagu,Karnataka,0.16007624623143968,0.019396450530967467
876093092ffffff,Khandwa,Madhya Pradesh,0.11372946253064992,0.0
8760a6941ffffff,Prakasam,Andhra Pradesh,0.11462300342249375,0.0
8761aba60ffffff,Thanjavur,Tamil Nadu,0.2658455887728677,0.0
8742c1c5affffff,Morbi,Gujarat,0.194947043437524,0.04142476695152991
873d95766ffffff,Jhalawar,Rajasthan,0.09737649096604073,0.03700337692642142
873d8d515ffffff,Lucknow,Uttar Pradesh,0.13110628263610347,0.11564160286403011
87601e126ffffff,Udupi,Karnataka,0.23393604107330163,0.012289716152683872
874259803ffffff,Bikaner,Rajasthan,0.1752304605893919,0.1886598309860515
873ce1d4cffffff,Baksa,Assam,0.07730256803545209,0.0
873d8b332ffffff,Prayagraj,Uttar Pradesh,0.07518110468237098,0.018051743076664992
8742c9c65ffffff,Banswara,Rajasthan,0.1572030642911649,0.019329668718581217
873c1c412ffffff,Madhubani,Bihar,0.07925697978162731,0.0
8742490cbffffff,Ludhiana,Punjab,0.3775042887508138,0.08271101209305337
8742ce391ffffff,Kheda,Gujarat,0.19769074075133386,0.01795195891134086
873ca56c8ffffff,Sonbhadra,Uttar Pradesh,0.09842678329704808,0.07690965270599388
873cc44e8ffffff,West Tripura,Tripura,0.0642304048434287,0.0
873d050b3ffffff,Leh,Ladakh,0.09440741100021086,0.01415817915292496
8742e834affffff,Jalore,Rajasthan,0.17826064378353168,0.0
873d316d0ffffff,Kargil,Ladakh,0.07180709822368868,0.011006812009577562
873c1e72dffffff,Khagaria,Bihar,0.07591940741241776,0.5047276610663098
8760a0c5bffffff,Jogulamba Gadwal,Telangana,0.11252767687620276,0.0
873ce166bffffff,West Karbi Anglong,Assam,0.07773195264950272,0.013924127468212066
87601552cffffff,Mysuru,Karnataka,0.24719675715833866,0.008315254183786156
876034268ffffff,Madurai,Tamil Nadu,0.26536609895280405,0.0
873d0628cffffff,Leh,Ladakh,0.08938330704592695,0.014002774417499569
873db4566ffffff,Pali,Rajasthan,0.18332235037195665,0.011971773708228856
873cb68c8ffffff,Bhandara,Maharashtra,0.2895194508180371,0.02096672497583699
8760b6cd9ffffff,Bijapur,Chhattisgarh,0.14021122205833825,0.10028487792552543
876034a06ffffff,Virudhunagar,Tamil Nadu,0.294483264861226,0.0
873da0288ffffff,Alwar,Rajasthan,0.12023796757808217,0.06966421949961386
873d04c66ffffff,Leh,Ladakh,0.06923256538659837,0.013194944864377302
873d9e0dcffffff,Hoshangabad,Madhya Pradesh,0.10097185847536937,0.025515086436312315
873c36d90ffffff,Lakhimpur Kheri,Uttar Pradesh,0.16496843322555071,0.06455775344978504
873d154d9ffffff,Shimla,Himachal Pradesh,0.1263261713049471,0.023686213303342543
8742ca08effffff,Narmada,Gujarat,0.18927932933903802,0.00414178068381043
8760a4710ffffff,Kurnool,Andhra Pradesh,0.1251013218269664,0.0
876031ac8ffffff,Ernakulam,Kerala,0.2128330077814654,0.02899400560590996
873d8e4dcffffff,Chhatarpur,Madhya Pradesh,0.12885704853232133,0.0
873cc3932ffffff,Lunglei,Mizoram,0.0910512264751522,0.0
873d1e783ffffff,Bageshwar,Uttarakhand,0.16616280230284175,0.02914981807943829
873db029dffffff,Bhilwara,Rajasthan,0.15218313880017417,0.03753074171163893
874258a31ffffff,Bikaner,Rajasthan,0.20073007781509505,0.0
873d96408ffffff,Dhar,Madhya Pradesh,0.17563864195532333,0.013277120208790648
873d31398ffffff,Kargil,Ladakh,0.0669351613670076,0.011006812009577562
876086da2ffffff,Nizamabad,Telangana,0.10606960797219593,0.023590729469700304
8742496b0ffffff,Barnala,Punjab,0.3035338956249135,0.0
876033336ffffff,Nilgiris,Tamil Nadu,0.1001843620177106,0.0
876080303ffffff,Osmanabad,Maharashtra,0.10604944178793817,0.0005337590023697093
873d9b72effffff,Mandla,Madhya Pradesh,0.0714730125762822,0.011875082271567888
873c86b8cffffff,Bargarh,Odisha,0.1232023935764869,0.052618982041267484
873d1ecb0ffffff,Chamoli,Uttarakhand,0.191664448290774,0.02536879496136508
8760b1214ffffff,Medak,Telangana,0.10735378885192218,0.01160053111473876
8742c535bffffff,Kutch,Gujarat,0.19098072989579612,0.04872072133038527
876006800ffffff,Palakkad,Kerala,0.21468579156038986,0.006482852603844826
87608699cffffff,Kamareddy,Telangana,0.10735378885192218,0.014427450286903622
873d35310ffffff,Kargil,Ladakh,0.07244057704747993,0.014325420606009817
873cedd64ffffff,Lakhimpur,Assam,0.058147912106370436,0.029847779257074245
8760b1ab2ffffff,Medak,Telangana,0.1156672318234734,0.0
873cee2c5ffffff,Peren,Nagaland,0.030376190160098186,0.025640759189654378
87209a762ffffff,Punch,Jammu and Kashmir,0.15594520738949422,0.049996632709603056
873da4d9effffff,Churu,Rajasthan,0.16316216284934096,0.021352492928787936
873c9ca5dffffff,Ganjam,Odisha,0.1154574610186012,0.019737888204025642
873cac258ffffff,Hazaribagh,Jharkhand,0.08216344706940641,0.05939127217325786
873c1e635ffffff,Munger,Bihar,0.09172519026906803,0.35048460559250466
87619b288ffffff,Nalgonda,Telangana,0.11652245460076627,0.0
876010d36ffffff,Tumakuru,Karnataka,0.11890422617263281,0.013863976828663327
8760a198bffffff,Ballari,Karnataka,0.11518051414414864,0.0
873d8a921ffffff,Banda,Uttar Pradesh,0.16792031669921992,0.592442445698612
87609aa48ffffff,Dhule,Maharashtra,0.17329116827197233,0.004348165897821504
87209838bffffff,Leh,Ladakh,0.14006164821774825,0.04345685250549051
87619b586ffffff,Khammam,Telangana,0.0882096005155998,0.010264887442777598
873da5b70ffffff,Kaithal,Haryana,0.14664290521304185,0.016804702459531945
87425bb16ffffff,Nagaur,Rajasthan,0.17244038980968684,0.0438709794608244
873d3039dffffff,Doda,Jammu and Kashmir,0.11386053562774931,0.020736561723482868
873c840eeffffff,Raigarh,Chhattisgarh,0.0897882693883809,0.052618982041267484
873c86922ffffff,Mahasamund,Chhattisgarh,0.10549739671319762,0.061987879219474684
8761a96f3ffffff,Thiruvarur,Tamil Nadu,0.2701219102743195,0.14681651168273605
873da3064ffffff,Bharatpur,Rajasthan,0.10392076040016547,0.03247215577936955
873d0614effffff,Leh,Ladakh,0.087961048108984,0.01415817915292496
873cabcd2ffffff,East Singhbhum,Jharkhand,0.05179841731291754,0.04282473249506388
873c5e752ffffff,Dhemaji,Assam,0.07213398054896453,0.04402355288019864
8742ed709ffffff,Barmer,Rajasthan,0.17768881415665622,0.03980554092089035
8760990e2ffffff,Nashik,Maharashtra,0.19353578781320693,0.036363190798043704
873ca0b65ffffff,Sonbhadra,Uttar Pradesh,0.10668367672280735,0.05561715663208416
87425e6e4ffffff,Jaisalmer,Rajasthan,0.1685254269610494,0.0
873c1a6eeffffff,Pakur,Jharkhand,0.08511180702247371,0.07371708765719873
873db458affffff,Pali,Rajasthan,0.18041323430482437,0.0
873c908c4ffffff,Koraput,Odisha,0.06612208976969908,0.10622778977681051
876082919ffffff,Parbhani,Maharashtra,0.10713236108840708,0.06096259783555316
8742c30e9ffffff,Rajkot,Gujarat,0.1863727266614577,0.0647728978934775
873cb540bffffff,Rajnandgaon,Chhattisgarh,0.0818261335367204,0.0616756887637301
8742492aaffffff,Ludhiana,Punjab,0.3739410832012732,0.07453316737245307
873c12773ffffff,Aurangabad,Bihar,0.07551110076468877,0.05426290790500625
873ce9916ffffff,Mon,Nagaland,0.09264527844808805,0.0
876095a4bffffff,Hingoli,Maharashtra,0.10565094642792905,0.0517636462077229
8742e3670ffffff,Kutch,Gujarat,0.18690775698422335,0.062403220691661966
873caa745ffffff,West Singhbhum,Jharkhand,0.10187178796856913,0.024068785166550206
873ce9cacffffff,Tuensang,Nagaland,0.0846867049716362,0.0
87603684affffff,Tiruchirappalli,Tamil Nadu,0.24877856756295338,0.0
87609d859ffffff,Ahmednagar,Maharashtra,0.1523381885945853,0.04598218931936999
8760aa2ebffffff,Sangli,Maharashtra,0.1547843992925323,0.0
873da9d11ffffff,Pilibhit,Uttar Pradesh,0.129563797210975,0.07989235946350381
873ca9308ffffff,Dumka,Jharkhand,0.04863424638462738,0.06543221401919228
873c5b606ffffff,Changlang,Arunachal Pradesh,0.08682360514140737,0.021255955995792077
873c36403ffffff,Bahraich,Uttar Pradesh,0.1732771211985809,0.12620159810923365
873c15b92ffffff,West Champaran,Bihar,0.1295594578291156,0.029233490546262366
873caacd6ffffff,West Singhbhum,Jharkhand,0.1302294230904608,0.029875698950491556
873caa960ffffff,Khunti,Jharkhand,0.10283152034394001,0.02111439289353673
8742c5769ffffff,Kutch,Gujarat,0.1926551015304438,0.06996581315660119
8760ada04ffffff,Uttara Kannada,Karnataka,0.15160829146410246,0.0
873ca82f5ffffff,Bokaro,Jharkhand,0.11694794129708362,0.024907820161431657
873c96d9cffffff,Bhadradri Kothagudem,Telangana,0.10077651635410503,0.033466274121921
873c1152bffffff,Muzaffarpur,Bihar,0.12255925762800463,0.0
873cf66a6ffffff,Hooghly,West Bengal,0.08497159646761628,0.01750547847260283
873ca2935ffffff,Bilaspur,Chhattisgarh,0.06650759312449252,0.007101635898284815
873db5555ffffff,Ajmer,Rajasthan,0.16781904768218503,0.03412452734504247
873d05ab1ffffff,Leh,Ladakh,0.09423055318825097,0.011814641562699832
876093874ffffff,Amravati,Maharashtra,0.10602991984967038,0.0008577072557583859
873d9bb32ffffff,Jabalpur,Madhya Pradesh,0.0846019587662698,0.012342221803912973
873d2ea83ffffff,Leh,Ladakh,0.12061260121809869,0.02013544178900292
873d124dcffffff,Baghpat,Uttar Pradesh,0.26365003594983344,0.03911079381820048
873d93cceffffff,Dewas,Madhya Pradesh,0.10469311925408657,0.02252229436889946
873d94b0bffffff,Mandsaur,Madhya Pradesh,0.1537347415714483,0.02553910642244637
873d320a2ffffff,Gurdaspur,Punjab,0.3448960618153534,0.030715824141194895
873d8565dffffff,Bhind,Madhya Pradesh,0.1397692595666587,0.06862481959368393
876199360ffffff,Prakasam,Andhra Pradesh,0.10877568640254551,0.0
87608131dffffff,Solapur,Maharashtra,0.15828045674282437,0.0030551656018375215
873c8c6f2ffffff,Balasore,Odisha,0.10629521111869139,0.03847627622015214
8760b066affffff,Jagtial,Telangana,0.1166689761597186,0.029170794828716116
873da51a1ffffff,Hisar,Haryana,0.10881341957548225,0.016067898719714962
873c907b1ffffff,Visakhapatnam,Andhra Pradesh,0.10052519763306075,0.07811223606713005
873cb24ccffffff,Gadchiroli,Maharashtra,0.09183003625031272,0.10287179379612517
873da1121ffffff,Delhi,Delhi,0.11206754894031136,0.1037875793976867
8760115a2ffffff,Chikkamagaluru,Karnataka,0.13906504076009993,0.014028677752050767
8742e359cffffff,Kutch,Gujarat,0.18734564602040982,0.05980113521082652
8760aa473ffffff,Sangli,Maharashtra,0.15030095540251776,0.0
873c1bd12ffffff,Katihar,Bihar,0.0784456142503645,0.0
873d2e4eeffffff,Leh,Ladakh,0.07059957459811672,0.01415817915292496
87425ed15ffffff,Jaisalmer,Rajasthan,0.16796778934054862,0.0
8760906e0ffffff,Amravati,Maharashtra,0.10470533762894965,0.016461757087383354
873c15c16ffffff,Kushinagar,Uttar Pradesh,0.14184313269048632,0.05491775433788389
873ca5985ffffff,Mirzapur,Uttar Pradesh,0.12034524339242379,0.05900830396608441
873da1634ffffff,Palwal,Haryana,0.10977294883488291,0.058446435750321366
873c81a95ffffff,Kendujhar,Odisha,0.048001614218512956,0.04928728726105984
874248245ffffff,Faridkot,Punjab,0.32459972397189585,0.0
873d122c1ffffff,Bijnor,Uttar Pradesh,0.2739149107159859,0.031170306749896688
873c5268effffff,Sonitpur,Assam,0.06963659279573156,0.02807145684283963
87425ec0cffffff,Jaisalmer,Rajasthan,0.1709936766782413,0.0
8742e8841ffffff,Barmer,Rajasthan,0.17590275815620596,0.044768320669932214
8742c9aeeffffff,Pratapgarh,Rajasthan,0.15622174958796806,0.015157130156696404
87619e4ecffffff,East Godavari,Andhra Pradesh,0.07557886630965753,0.037288257555074984
873db0d81ffffff,Bhilwara,Rajasthan,0.14739802910940564,0.06013864854889559
873cb4210ffffff,Balaghat,Madhya Pradesh,0.08597744689298983,0.006003433227530414
873d81532ffffff,Datia,Madhya Pradesh,0.13922429203691927,0.06690375589537302
873dac232ffffff,Moradabad,Uttar Pradesh,0.251296216662831,0.050500346282912154
873d35615ffffff,Kishtwar,Jammu and Kashmir,0.10750451181372356,0.014170015870584425
873cebda6ffffff,Ukhrul,Manipur,0.09056437240005655,0.0
873c18232ffffff,Uttar Dinajpur,West Bengal,0.038411003495002004,0.00263496061725949
8742e97a6ffffff,Jalore,Rajasthan,0.18024285528559247,0.0
876016068ffffff,Tumakuru,Karnataka,0.11890422617263281,0.0
8742e22a8ffffff,Kutch,Gujarat,0.16280680728324765,0.07714966578880578
8760365a9ffffff,Cuddalore,Tamil Nadu,0.23925109070374184,0.0012541515494321075
873d84b46ffffff,Bharatpur,Rajasthan,0.11503580119703165,0.02948489040611298
876090606ffffff,Amravati,Maharashtra,0.10406075705805226,0.01371629552322905
8760a3508ffffff,Yadgir,Karnataka,0.10562702828340836,0.0
87608a8a2ffffff,Pune,Maharashtra,0.17657674553419994,0.07361325903570372
876096569ffffff,Nagpur,Maharashtra,0.10516467731024327,0.017969107491455975
876035a8affffff,Idukki,Kerala,0.07050007964733537,0.035511818429413575
873ca8b5cffffff,Giridih,Jharkhand,0.09801262905208886,0.06229129533093583
876014aa3ffffff,Mandya,Karnataka,0.24792296478064302,0.009198000879492291
873ceb960ffffff,Phek,Nagaland,0.08418327615197067,0.0
873ca4871ffffff,Rewa,Madhya Pradesh,0.08157182558787181,0.07550887193074995
873d80cc0ffffff,Shivpuri,Madhya Pradesh,0.11708870206752946,0.04456114887606491
876033bb6ffffff,Coimbatore,Tamil Nadu,0.271874482613564,0.01002698370250959
876093690ffffff,Harda,Madhya Pradesh,0.10469311925408657,0.015948095429317605
873cf6d0affffff,Bankura,West Bengal,0.05245519645728252,0.04011451004318396
873d9881cffffff,Damoh,Madhya Pradesh,0.11682447592968506,0.027446471798177215
8760069b4ffffff,Palakkad,Kerala,0.22814647925424247,0.023254682798168735
873ca1070ffffff,Garhwa,Jharkhand,0.08411899957974306,0.09205051668112428
8742c4668ffffff,Kutch,Gujarat,0.19722072341720143,0.05460071453272709
874258944ffffff,Bikaner,Rajasthan,0.16912475132193616,0.11896860951108706
873da63a9ffffff,Sikar,Rajasthan,0.15167093210919874,0.026631577472209574
87609d89effffff,Ahmednagar,Maharashtra,0.1527365399986954,0.007352826341771078
873c5e39dffffff,Lower Siang,Arunachal Pradesh,0.08424224932197788,0.10322981644635129
873cab88bffffff,Purulia,West Bengal,0.08788026000809077,0.11576286579517164
8742d9b58ffffff,Surat,Gujarat,0.1779913467320522,0.05354227873419855
87608c30cffffff,Satara,Maharashtra,0.2758601261746222,0.029731408367877445
873c80852ffffff,Sambalpur,Odisha,0.09987993324716825,0.06000353614027417
873ca1b30ffffff,Garhwa,Jharkhand,0.11158783928560453,0.07191941023790538
8742e9066ffffff,Barmer,Rajasthan,0.21126736611875077,0.00017395846915811393
873c92b4affffff,Visakhapatnam,Andhra Pradesh,0.0994994197072602,0.05960239037005487
873c5e2a9ffffff,East Siang,Arunachal Pradesh,0.056230989654345837,0.1339843248730764
8742c96aaffffff,Jhabua,Madhya Pradesh,0.15296156533156452,0.01134459361872625
873c9d8e2ffffff,Puri,Odisha,0.0757961250398076,0.016408775335552583
8742ca662ffffff,Narmada,Gujarat,0.1785423723363508,0.031647786004469096
8760126b6ffffff,Ballari,Karnataka,0.12229398485124049,0.0
873c58212ffffff,Anjaw,Arunachal Pradesh,0.08182961466565569,0.040994546824673274
8760ab010ffffff,Kolhapur,Maharashtra,0.16054131433403815,0.0
8742ed250ffffff,Barmer,Rajasthan,0.17778278083492796,0.005655909612038838
873d35146ffffff,Kargil,Ladakh,0.1188973150708072,0.014325420606009817
873c1c6caffffff,Supaul,Bihar,0.04176418930029698,0.0
873cb6951ffffff,Bhandara,Maharashtra,0.09582200939599347,0.01125273279162033
87609cc62ffffff,Buldhana,Maharashtra,0.10882964527424954,0.0017594215877718583
87609c28affffff,Aurangabad,Maharashtra,0.19980179343461255,0.0
873daeb19ffffff,Sambhal,Uttar Pradesh,0.2523864992144678,0.05423245314438966
873cb6c4dffffff,Bhandara,Maharashtra,0.11864531610296236,0.008824903696965742
876099a69ffffff,Nashik,Maharashtra,0.28251627411133484,0.05895897057748953
873cab563ffffff,East Singhbhum,Jharkhand,0.05442260851181184,0.05992484584735606
87608ab1dffffff,Pune,Maharashtra,0.3835922470662082,0.09383146114629662
8742596c5ffffff,Churu,Rajasthan,0.15228398326540485,0.022812804474077197
873ceb90cffffff,Phek,Nagaland,0.09162742819721512,0.0
87618a120ffffff,S.P.S. Nellore,Andhra Pradesh,0.17573424432622922,0.0
873c18162ffffff,Araria,Bihar,0.03607168499912094,0.0015783033352022042
87618831dffffff,Chittoor,Andhra Pradesh,0.12256763369852526,0.016140745461126434
873d936b3ffffff,Harda,Madhya Pradesh,0.11083758709161645,0.0013866069179284705
874250795ffffff,Jaisalmer,Rajasthan,0.14610478600518495,0.0694494886905812
87425b44effffff,Nagaur,Rajasthan,0.18025143575162034,0.05084571655564655
873ca4165ffffff,Sidhi,Madhya Pradesh,0.09481319886456385,0.06300376089922878
87425e6e9ffffff,Jaisalmer,Rajasthan,0.16938616477459398,0.0
873c80d98ffffff,Balangir,Odisha,0.10316000456507422,0.055913353729069505
87209968dffffff,Leh,Ladakh,0.16519248088329427,0.02700448040224413
8760b14ccffffff,Nizamabad,Telangana,0.11160390603274409,0.001372723015644348
873d1ad14ffffff,Pithoragarh,Uttarakhand,0.13254116458450857,0.023970050504046547
873d0415effffff,Leh,Ladakh,0.07276714793581503,0.011814641562699832
87608ea74ffffff,Pune,Maharashtra,0.16386033102344896,0.0024867098014373095
873cb012cffffff,Rajnandgaon,Chhattisgarh,0.08070429881580711,0.06319389994944567
876084471ffffff,Bidar,Karnataka,0.10565094642792905,0.0007818929864849465
873d9a705ffffff,Chhindwara,Madhya Pradesh,0.1307415424429425,0.0
873cb3c6affffff,Uttar Bastar Kanker,Chhattisgarh,0.13290495212195697,0.05509166251274018
873d13504ffffff,Haridwar,Uttarakhand,0.2640307070812369,0.05176698143541663
873d2302affffff,Leh,Ladakh,0.06738608240192276,0.017706862744730427
873da0188ffffff,Jhunjhunu,Rajasthan,0.16812654652710257,0.052528784551070296
87618c0d0ffffff,Chengalpattu,Tamil Nadu,0.09914298544224838,0.0
873cab650ffffff,Jhargram,West Bengal,0.09088378088303994,0.019663919153095323
873c137abffffff,Gaya,Bihar,0.07408510230003816,0.0
873c8d89bffffff,Paschim Medinipur,West Bengal,0.09167369333754864,0.04394796251360181
873c1a846ffffff,Bhagalpur,Bihar,0.09486631805136897,0.35450020946050104
873da51b3ffffff,Bhiwani,Haryana,0.10359735367169844,0.018807282473396605
873c88c96ffffff,Bhadrak,Odisha,0.09982541263001264,0.5301605885509822
873cc50b2ffffff,Karimganj,Assam,0.08818816872827762,0.07111197417598794
873d314f3ffffff,Chamba,Himachal Pradesh,0.07024467685663463,0.012537651378658685
873cadd5affffff,Nawada,Bihar,0.08171818490057882,0.015271341284591152
87608cd08ffffff,Satara,Maharashtra,0.1505192023648945,0.0
873d84540ffffff,Sawai Madhopur,Rajasthan,0.10872220050618181,0.03833361998857584
873d9615bffffff,Indore,Madhya Pradesh,0.1731638493667568,0.0037272790590527176
873d22a28ffffff,Leh,Ladakh,0.09235243692465134,0.01302720285931402
873db2452ffffff,Pratapgarh,Rajasthan,0.15183578722619817,0.03052648656554796
873c5e5a4ffffff,Lower Siang,Arunachal Pradesh,0.06762400362442597,0.026845861561396712
87424b094ffffff,Sirsa,Haryana,0.16579703379513977,0.001872884921913568
87618930bffffff,Bengaluru Urban,Karnataka,0.11607020301144058,0.015701167569660668
87209b12dffffff,Muzaffarabad,Jammu and Kashmir,0.1551565237637506,0.029425185152089545
8760306ceffffff,Tiruppur,Tamil Nadu,0.265132333331393,0.009649825152983635
873c8606cffffff,Balangir,Odisha,0.09846455474859353,0.05790436888017127
876015550ffffff,Mysuru,Karnataka,0.2462269489229161,0.008827855802540268
8760928deffffff,Betul,Madhya Pradesh,0.21774346050688845,0.0
873caa752ffffff,West Singhbhum,Jharkhand,0.032886899107290736,0.048951183972500534
87642836dffffff,Nicobars,Andaman and Nicobar Islands,0.06930213493349714,0.04019489708949542
87608c008ffffff,Satara,Maharashtra,0.17172238788344904,0.0
873c5212dffffff,West Kameng,Arunachal Pradesh,0.08036958028908094,0.0
876002cb1ffffff,Kannur,Kerala,0.3605817742429738,0.010567739819926482
873c91874ffffff,Rayagada,Odisha,0.07929611394267586,0.14421439021815008
873c58672ffffff,Lohit,Arunachal Pradesh,0.054056979555342624,0.057043629161297
873c0a494ffffff,Kalimpong,West Bengal,0.1046751982017258,0.0275163364368489
873cc31b1ffffff,Lunglei,Mizoram,0.12615598402345757,0.016126331519619144
873cc1920ffffff,Pherzawl,Manipur,0.07830464224318924,0.031252138075164936
873dae475ffffff,Hathras,Uttar Pradesh,0.1461634274067165,0.014505177969068726
873d84523ffffff,Sawai Madhopur,Rajasthan,0.11947827820710874,0.04245591023056485
873c1a974ffffff,Madhepura,Bihar,0.08081739386179886,0.0
8760b6450ffffff,Bijapur,Chhattisgarh,0.08668549019795371,0.09810813784834697
87608326dffffff,Beed,Maharashtra,0.14880505780834385,0.04212849417494691
873c581abffffff,Lower Dibang Valley,Arunachal Pradesh,0.08678522095766819,0.05748426436567112
873c825aeffffff,Rayagada,Odisha,0.09268840277222448,0.1336077078819173
8742c032cffffff,Jamnagar,Gujarat,0.1888399989708172,0.017395557748714065
873d81294ffffff,Jalaun,Uttar Pradesh,0.11672472805918889,0.4284717818379254
873ca2d10ffffff,Mungeli,Chhattisgarh,0.08642619952864822,0.007710108651524774
873c10963ffffff,Gopalganj,Bihar,0.1316216745397747,0.01268872791603326
873d14485ffffff,Ludhiana,Punjab,0.3175946274579127,0.11117927733635388
87609b613ffffff,Nandurbar,Maharashtra,0.26291149412173836,0.05620559013919035
8760adcb0ffffff,Haveri,Karnataka,0.16951241395326508,0.0
873cad8acffffff,Nawada,Bihar,0.07536928317976441,0.01126375856569933
873db6864ffffff,Pali,Rajasthan,0.18331422048643675,0.04238688414829178
876015cd6ffffff,Mysuru,Karnataka,0.24347351869479203,0.008214691615196777
873dae068ffffff,Aligarh,Uttar Pradesh,0.2913323538952454,0.03336271112115009
873dad5adffffff,Rampur,Uttar Pradesh,0.27485945203556394,0.04989668663694194
873da28aaffffff,Jaipur,Rajasthan,0.1538623346877065,0.034175275804365295
87618a39effffff,Y.S.R. Kadapa,Andhra Pradesh,0.1349131919339704,0.0
8760940e9ffffff,Yavatmal,Maharashtra,0.137899590608329,0.011450542088972752
873da2992ffffff,Jaipur,Rajasthan,0.15508349544263267,0.030184486076404424
873d82910ffffff,Baran,Rajasthan,0.09868603548292786,0.021942163254429353
873c85925ffffff,Jashpur,Chhattisgarh,0.09164849066295519,0.07072903390088084
873d36a53ffffff,Jammu,Jammu and Kashmir,0.13154010078261327,0.03338488155595842
873d34846ffffff,Baramulla,Jammu and Kashmir,0.14233065919052315,0.02856939769137792
873ce4423ffffff,Alipurduar,West Bengal,0.08518973994174188,0.0
873d10419ffffff,Yamunanagar,Haryana,0.34909446580623277,0.048212013458651025
8760b3558ffffff,Adilabad,Telangana,0.11191085626572561,0.044744682377695244
873c141a4ffffff,Gorakhpur,Uttar Pradesh,0.13139954483459432,0.0
8742c30b0ffffff,Amreli,Gujarat,0.1863727266614577,0.0623103359208636
873cecb45ffffff,Papum Pare,Arunachal Pradesh,0.09032541972084217,0.002491711706786623
87424a44dffffff,Ganganagar,Rajasthan,0.16216100760282706,0.009067417711147545
873c10a86ffffff,Siwan,Bihar,0.1118224075736218,0.0
873d924d9ffffff,Khandwa,Madhya Pradesh,0.10735165401724077,0.02145688379387143
873dac618ffffff,Sambhal,Uttar Pradesh,0.25185179659497314,0.04678265240166008
873d10732ffffff,Yamunanagar,Haryana,0.2991277091468881,0.03244724601421562
873d9bd16ffffff,Seoni,Madhya Pradesh,0.3940891072818575,0.006727987163114062
873da4af6ffffff,Churu,Rajasthan,0.16440323051410022,0.0
873d86015ffffff,Baran,Rajasthan,0.10986520147491788,0.03241878891737403
873c8014cffffff,Sambalpur,Odisha,0.10412561514842796,0.07755856275538
873d35ae6ffffff,Kargil,Ladakh,0.06876595228983924,0.013826481868573378
873c5b114ffffff,Changlang,Arunachal Pradesh,0.08741278886748033,0.009728488563034005
873da2716ffffff,Jaipur,Rajasthan,0.1155481313855595,0.028798038669691408
8742e2642ffffff,Kutch,Gujarat,0.30354815791352263,0.0137692197896222
873d8ea06ffffff,Hamirpur,Uttar Pradesh,0.12671319644504067,0.4167743921331007
873c13732ffffff,Jehanabad,Bihar,0.07452488336269908,0.0
873db42a4ffffff,Pali,Rajasthan,0.1642815793129902,0.02646572369103785
8760a4b06ffffff,Y.S.R. Kadapa,Andhra Pradesh,0.12567975575582918,0.0
873cadd56ffffff,Nawada,Bihar,0.07827026936137682,0.017361101619911192
873d9b186ffffff,Seoni,Madhya Pradesh,0.09414133992405226,0.02438303688798966
8742c2783ffffff,Junagadh,Gujarat,0.2021838047375368,0.061006094701893894
873d937a2ffffff,Harda,Madhya Pradesh,0.10340893837436033,0.0013140710071237694
8760a8923ffffff,Dharwad,Karnataka,0.14478189084463133,0.0
8760b265cffffff,Chandrapur,Maharashtra,0.12925647560059872,0.012822976512298287
873c8db29ffffff,Paschim Medinipur,West Bengal,0.09700687200960179,0.04372016116982293
87609d0eaffffff,Aurangabad,Maharashtra,0.1576836816238262,0.002829826504818162
873cae616ffffff,Gumla,Jharkhand,0.11819870711018889,0.022697751468553712
872099b9dffffff,Leh,Ladakh,0.15017105964289307,0.03224466711870113
8742dc9a8ffffff,Junagadh,Gujarat,0.1969812931519521,0.05650889978019817
873d99293ffffff,Umaria,Madhya Pradesh,0.1101976259175418,0.011968280732655113
873cab4f5ffffff,East Singhbhum,Jharkhand,0.09163969231642852,0.016242089639217454
8742e2382ffffff,Kutch,Gujarat,0.2821818916550832,0.14236950730739084
873cf4db6ffffff,Dumka,Jharkhand,0.08484053269467458,0.05819250595745101
873ce38deffffff,East Khasi Hills,Meghalaya,0.09155653289390066,0.0005149865011998662
873ca9a86ffffff,Dumka,Jharkhand,0.09499830465431415,0.05995393676408576
873db3881ffffff,Bhilwara,Rajasthan,0.15159183195253526,0.010895070214169078
8742e2341ffffff,Kutch,Gujarat,0.1882035548317441,0.04030019007152276
873cedd5cffffff,Lakhimpur,Assam,0.06888822160546987,0.0
87425345cffffff,Jaisalmer,Rajasthan,0.17512981451147833,0.050702910192410695
873cc0995ffffff,Dhalai,Tripura,0.10750685201444095,0.01993727803047647
8760b66d0ffffff,Gadchiroli,Maharashtra,0.08424676997416235,0.059548922319273584
873c36443ffffff,Bahraich,Uttar Pradesh,0.1625402711441981,0.019388743845212445
87609a0ccffffff,Barwani,Madhya Pradesh,0.1534296754607056,0.021125074559766595
873cb1886ffffff,Raipur,Chhattisgarh,0.14197527375308994,0.051144955745977765
873cb09a0ffffff,Gondia,Maharashtra,0.1388158415519758,0.06116125181959272
873cee59cffffff,East Jaintia Hills,Meghalaya,0.08330100181522537,0.021398983351261433
873d0472affffff,Leh,Ladakh,0.06639979500437623,0.01415817915292496
87209b695ffffff,Ganderbal,Jammu and Kashmir,0.12865408774148243,0.02266342798641925
873d13c76ffffff,Dehradun,Uttarakhand,0.2976642811918949,0.03305854453400679
873c9c055ffffff,Ganjam,Odisha,0.11081550572809061,0.04233079894497472
873db05a5ffffff,Bhilwara,Rajasthan,0.1440625931047033,0.004116577809425498
8742c48f1ffffff,Kutch,Gujarat,0.19711377949275216,0.05909874231111288
873cb18b0ffffff,Baloda Bazar,Chhattisgarh,0.14197527375308994,0.05668629542808816
87608e4f0ffffff,Ahmednagar,Maharashtra,0.152127463231403,0.043172658044778614
876011610ffffff,Chikkamagaluru,Karnataka,0.14823758738142437,0.014472390530024673
873c8d361ffffff,Howrah,West Bengal,0.11382218256112114,0.04721382467821461
8742dcaf1ffffff,Amreli,Gujarat,0.2007532738462747,0.053582565136626466
8760b4a4dffffff,Suryapet,Telangana,0.16662307942256066,0.0
873c36c10ffffff,Lakhimpur Kheri,Uttar Pradesh,0.1625402711441981,0.05597317859529957
873d2ea93ffffff,Leh,Ladakh,0.11746941125696111,0.02013544178900292
8742c4819ffffff,Kutch,Gujarat,0.19711377949275216,0.04483978710173272
87609a39affffff,Barwani,Madhya Pradesh,0.1534296754607056,0.01553700299466147
876085cd6ffffff,Kalaburagi,Karnataka,0.10292545468167592,0.0
87425e99dffffff,Jaisalmer,Rajasthan,0.16453826483042439,0.0
873cb0829ffffff,Rajnandgaon,Chhattisgarh,0.14110483825549847,0.047691284828270446
876032db1ffffff,Dharmapuri,Tamil Nadu,0.2950469112095326,0.00964416068174011
873c8074dffffff,Angul,Odisha,0.13975121309539895,0.03511537194901443
873d93361ffffff,Sehore,Madhya Pradesh,0.09968767759564312,0.020831196665450705
873c9278cffffff,East Godavari,Andhra Pradesh,0.06875978143243089,0.4051331732242931
873d8e921ffffff,Jalaun,Uttar Pradesh,0.3057071221922629,0.05000132383527945
873c11babffffff,Sitamarhi,Bihar,0.08939633108778325,0.0
87608529bffffff,Solapur,Maharashtra,0.161029750873881,0.0
873c1a076ffffff,Godda,Jharkhand,0.09701792834433007,0.0
873cadd23ffffff,Nawada,Bihar,0.07668300171097307,0.01126375856569933
8760aec06ffffff,Raichur,Karnataka,0.10074835667008944,0.0
876035654ffffff,Idukki,Kerala,0.10467675541308928,0.011720439164531988
873d91cdaffffff,Sehore,Madhya Pradesh,0.12406773883812121,0.030514327581057148
873d81964ffffff,Bhind,Madhya Pradesh,0.14775823379843345,0.0361391378726273
8760b3168ffffff,Nizamabad,Telangana,0.11880279382083019,0.06134309410562939
873ca0110ffffff,Koriya,Chhattisgarh,0.10579496313596169,0.03378800969351236
873d33aaeffffff,Lahaul and Spiti,Himachal Pradesh,0.059828782360640244,0.02278962442849276
8760abb30ffffff,Kolhapur,Maharashtra,0.3160491679049181,0.022426086406173232
873d13d73ffffff,Haridwar,Uttarakhand,0.30690765661389,0.038048289191908426
873d2e25effffff,Leh,Ladakh,0.04195241191464977,0.02536198335979032
8742ea405ffffff,Patan,Gujarat,0.19098072989579612,0.0600993833859731
87619a40cffffff,Bhadradri Kothagudem,Telangana,0.10319981584357844,0.03242654779389316
873d1e754ffffff,Bageshwar,Uttarakhand,0.16843170543382033,0.06900110826009634
873d14baaffffff,Hamirpur,Himachal Pradesh,0.1901511890152718,0.020046126036220947
8760ac21cffffff,Dharwad,Karnataka,0.17118678558791278,0.0
87619a001ffffff,West Godavari,Andhra Pradesh,0.09000189104084926,0.010050851110775624
873d33db0ffffff,Kangra,Himachal Pradesh,0.23908794638895411,0.02321542919757186
873cf6501ffffff,Bankura,West Bengal,0.10535543700246551,0.025900489313238274
8760a135bffffff,Koppal,Karnataka,0.0980836452861997,0.0
8760b6186ffffff,Bijapur,Chhattisgarh,0.06009623665909395,0.10802446451158708
87209944effffff,Leh,Ladakh,0.1333645050070848,0.024092679014158257
8760acac4ffffff,Haveri,Karnataka,0.14511946578224252,0.0
87609999affffff,Nashik,Maharashtra,0.1749533023425379,0.004626222403279243
876012730ffffff,Ballari,Karnataka,0.09893012320363577,0.0
873dad5a1ffffff,Rampur,Uttar Pradesh,0.27485945203556394,0.04989668663694194
876033219ffffff,Nilgiris,Tamil Nadu,0.11535978493164711,0.008149178539155243
873d1ebacffffff,Chamoli,Uttarakhand,0.14398005280254123,0.023413229326711294
876036ae5ffffff,Karur,Tamil Nadu,0.26387183862159536,0.0
8742c1244ffffff,Surendranagar,Gujarat,0.19327267180287627,0.04750316666947527
87609e930ffffff,Buldhana,Maharashtra,0.10956441153747712,0.011420564631775956
873d15d6affffff,Kullu,Himachal Pradesh,0.14010329505052072,0.018359323427590998
8760226adffffff,Alappuzha,Kerala,0.2675421736706204,0.0
873ceed9bffffff,West Jaintia Hills,Meghalaya,0.0910044926095361,0.009838268656423697
873cc3552ffffff,Lawngtlai,Mizoram,0.089086763591743,0.012657632617839028
873db4815ffffff,Jodhpur,Rajasthan,0.16978591820358824,0.04989151153557229
87425c2f5ffffff,Bikaner,Rajasthan,0.15775276595795612,0.13273857831740365
87619b56dffffff,Guntur,Andhra Pradesh,0.08557113732835593,0.0
873d8039cffffff,Shivpuri,Madhya Pradesh,0.13266731718007674,0.04149495919751767
873db490cffffff,Jodhpur,Rajasthan,0.17705362463344715,0.019904267608663536
874248a0bffffff,Ferozepur,Punjab,0.33701898745450953,0.05888444207395228
87425c75dffffff,Bikaner,Rajasthan,0.16699443599212407,0.11374593718088621
873ca26aaffffff,Janjgir Champa,Chhattisgarh,0.11569726367019008,0.0528668101246115
876189613ffffff,Chikkaballapura,Karnataka,0.12018840705235906,0.013026929353807391
873da180cffffff,Sonipat,Haryana,0.11020979466820642,0.05869017014518075
87424b6b0ffffff,Hanumangarh,Rajasthan,0.16360833207717357,0.0038582217670205393
8742ca955ffffff,Anand,Gujarat,0.18835220579070294,0.004805568671621862
87608e055ffffff,Pune,Maharashtra,0.15030095540251776,0.012317439459785464
873daa18effffff,Mainpuri,Uttar Pradesh,0.135898679262552,0.04301245171575435
8742cad6affffff,Bharuch,Gujarat,0.19392901675617685,0.02145769441942976
873d22d60ffffff,Leh,Ladakh,0.07785643339050308,0.01269305611408408
873d10393ffffff,Dehradun,Uttarakhand,0.2804740831796101,0.03138260933874658
8760229a2ffffff,Kollam,Kerala,0.205433601068999,0.03786649355190639
8742c3d5affffff,Rajkot,Gujarat,0.1858919703023293,0.06394351461101537
873d92502ffffff,Khargone,Madhya Pradesh,0.15278673984032984,0.0
873c1d21bffffff,Darjeeling,West Bengal,0.1145977564099821,0.0316585499904456
876082a81ffffff,Parbhani,Maharashtra,0.10986041463342425,0.04740435138605196
873c94622ffffff,Bastar,Chhattisgarh,0.1119672284105711,0.046385798816903204
873dabd2dffffff,Shahjahanpur,Uttar Pradesh,0.3431281424162006,0.04028131677111604
8742ddd30ffffff,Bhavnagar,Gujarat,0.19330032722325977,0.0505975201083512
8760a0636ffffff,Jogulamba Gadwal,Telangana,0.11491594213371739,0.0
873ca1d9affffff,Balrampur,Chhattisgarh,0.08104816799023579,0.06375318603294013
873c15396ffffff,East Champaran,Bihar,0.1537686683510951,0.0
873d3215bffffff,Gurdaspur,Punjab,0.29340601347554807,0.033691748090375534
873cecb0bffffff,Papum Pare,Arunachal Pradesh,0.09300209706799256,0.004548569419900452
873c8da6bffffff,Howrah,West Bengal,0.11596620261902321,0.019678960031074947
873da1518ffffff,Alwar,Rajasthan,0.11108021390432907,0.06268293362959498
8742c62d2ffffff,Devbhumi Dwarka,Gujarat,0.2062690243043746,0.04638344716773318
8742caa95ffffff,Vadodara,Gujarat,0.18738043579259012,0.007216484462343972
87618a42affffff,S.P.S. Nellore,Andhra Pradesh,0.12609184190276423,0.0
873d83d63ffffff,Jhansi,Uttar Pradesh,0.12189562281979645,0.013560915081901898
873c5219dffffff,West Kameng,Arunachal Pradesh,0.08392570490910631,0.040910432355104484
873cb592effffff,Mandla,Madhya Pradesh,0.16079466892619027,0.010065792740761921
8760aba94ffffff,Kolhapur,Maharashtra,0.3585204001115281,0.02851814028747178
873d8a641ffffff,Rewa,Madhya Pradesh,0.08927894185593524,0.06819861926960556
873cf6596ffffff,Paschim Medinipur,West Bengal,0.10162239980665773,0.01828221048114274
87609db2affffff,Ahmednagar,Maharashtra,0.14915240938231988,0.04304771054351189
873da6493ffffff,Nagaur,Rajasthan,0.1549186894847735,0.03168913528639094
873c1ab36ffffff,Katihar,Bihar,0.10325617169810028,0.5199346663865784
876083a53ffffff,Ahmednagar,Maharashtra,0.14880505780834385,0.010998806522092874
8760a2212ffffff,Vikarabad,Telangana,0.10472310541960013,0.0
876091461ffffff,Akola,Maharashtra,0.12107377086675426,0.004496483945450604
87609b05affffff,Tapi,Gujarat,0.16805994514786354,0.023486261219074593
8742483aeffffff,Sri Muktsar Sahib,Punjab,0.31763875093245003,0.0
876199759ffffff,Prakasam,Andhra Pradesh,0.11812984687640261,0.0
873da50a1ffffff,Bhiwani,Haryana,0.11167869075174557,0.017595332621032786
873c0aca6ffffff,South Sikkim,Sikkim,0.17269224758141813,0.01980661771085875
873da8d1effffff,Budaun,Uttar Pradesh,0.27734067986769545,0.04456364687401248
873c90a54ffffff,Koraput,Odisha,0.0994994197072602,0.1290577535752979
873da02ddffffff,Alwar,Rajasthan,0.11519067382282303,0.05831684714288345
873c5a08dffffff,Changlang,Arunachal Pradesh,0.1073756518447473,0.02153854910928641
873c9041bffffff,Malkangiri,Odisha,0.040199963040374743,0.06956038233131635
873c1c504ffffff,Madhubani,Bihar,0.0875610094474951,0.0
876014794ffffff,Ramanagara,Karnataka,0.10806861858670765,0.01417695788872453
876086ceeffffff,Nanded,Maharashtra,0.11796235534241656,0.026193461231391428
87603030cffffff,Tiruppur,Tamil Nadu,0.24273596268180941,0.0
873d8ca66ffffff,Hardoi,Uttar Pradesh,0.13175651486400258,0.06973788617593549
876012d5dffffff,Chitradurga,Karnataka,0.10428295538388585,0.0
873c9cc56ffffff,Gajapati,Odisha,0.0901041709678197,0.0474450351482937
873c1a565ffffff,Banka,Bihar,0.09000512499432202,0.024385078737380664
8760b64b6ffffff,Gadchiroli,Maharashtra,0.07930309089324356,0.043693323840644636
873d94c2dffffff,Mandsaur,Madhya Pradesh,0.16326609142660894,0.010784888639360168
8760a2542ffffff,Ranga Reddy,Telangana,0.11469898947415,0.0
87424a841ffffff,Hanumangarh,Rajasthan,0.1569968654530822,0.029200861043629126
873c13d48ffffff,Patna,Bihar,0.0832602399681031,0.0
8742c4c0affffff,Kutch,Gujarat,0.26115590077348283,0.3130053367315949
8742db0b1ffffff,Palghar,Maharashtra,0.2732642985882336,0.07192060958876988
873cae406ffffff,Gumla,Jharkhand,0.08125668888282676,0.04843216520611019
876189415ffffff,Chittoor,Andhra Pradesh,0.12211881406767305,0.012784211071598798
873cac84dffffff,Gaya,Bihar,0.0795839878925855,0.031573895689796155
8760984edffffff,Jalgaon,Maharashtra,0.17086931991691107,0.00709027057361892
876010942ffffff,Mandya,Karnataka,0.11396778439062359,0.018018922585283922
876010854ffffff,Hassan,Karnataka,0.11719197350163434,0.018018922585283922
8760b25adffffff,Gadchiroli,Maharashtra,0.0924829096852094,0.012807075628381405
873d8bc62ffffff,Prayagraj,Uttar Pradesh,0.1380909257537689,0.5608070644756433
873d96235ffffff,Indore,Madhya Pradesh,0.1731638493667568,0.002345505748262551
873cc225affffff,Lawngtlai,Mizoram,0.14153564610848923,0.03382652679596397
873d11c9affffff,Uttarkashi,Uttarakhand,0.1546928330738102,0.026023470204807074
87609d80cffffff,Ahmednagar,Maharashtra,0.15238918842471938,0.04513708379527269
873c5abacffffff,Tinsukia,Assam,0.08445823056320241,0.029404212318600093
87609cb62ffffff,Aurangabad,Maharashtra,0.15610319821654872,0.00957027080761951
873d1e2abffffff,Pithoragarh,Uttarakhand,0.09826252133417852,0.03424514109730741
873c9446dffffff,Bastar,Chhattisgarh,0.16292329358807395,0.0884959275779331
87611b26effffff,Tirunelveli,Tamil Nadu,0.36025066241808407,0.0
876016362ffffff,Tumakuru,Karnataka,0.12055158750881555,0.0
873d9c74bffffff,Sagar,Madhya Pradesh,0.12654567356597993,0.010608190682802799
873d2259cffffff,Kargil,Ladakh,0.09374516015730255,0.010349518523858944
8742e3492ffffff,Kutch,Gujarat,0.18734564602040982,0.0674276199186442
876016a9dffffff,Tumakuru,Karnataka,0.11948981985863129,0.0
873d9bae2ffffff,Dindori,Madhya Pradesh,0.25239829486928317,0.03637271427531877
873d82083ffffff,Ashoknagar,Madhya Pradesh,0.10870232087847223,0.020414265687503926
873d8d58cffffff,Lucknow,Uttar Pradesh,0.13266676395207871,0.10917571285687458
876188223ffffff,Chittoor,Andhra Pradesh,0.09641761076976495,0.009318266638825639
87608cb76ffffff,Sangli,Maharashtra,0.1836221459481491,0.0
873da24c0ffffff,Jaipur,Rajasthan,0.1688255413968961,0.028839609058397813
873ca36d0ffffff,Raigarh,Chhattisgarh,0.10309818965417124,0.05963193368754926
876010390ffffff,Chikkamagaluru,Karnataka,0.12066010525541408,0.0
873d004ddffffff,Leh,Ladakh,0.09102121507526595,0.014002774417499569
876082b2affffff,Parbhani,Maharashtra,0.1160625298299124,0.04304150569417582
873d99923ffffff,Panna,Madhya Pradesh,0.09841089909278851,0.10071367803146164
873cebc9effffff,Kamjong,Manipur,0.09155653289390066,0.0
876002da5ffffff,Kannur,Kerala,0.29483187030705565,0.030664973404787577
873cb1b20ffffff,Bilaspur,Chhattisgarh,0.11173406901024459,0.052950332010568674
8742c5ad0ffffff,Kutch,Gujarat,0.19126129824940424,0.060939917799325234
8760b3484ffffff,Adilabad,Telangana,0.11062667538599937,0.02139572074573978
873c95983ffffff,Nabarangapur,Odisha,0.045466363226946784,0.05054439036304132
876083629ffffff,Ahmednagar,Maharashtra,0.15610319821654872,0.0510895655007557
873db3006ffffff,Chittorgarh,Rajasthan,0.1510921275874772,0.024376283752596338
873da24edffffff,Jaipur,Rajasthan,0.1688255413968961,0.02958999114921659
873d2e95dffffff,Leh,Ladakh,0.0706862937251438,0.014002774417499569
873d96221ffffff,Indore,Madhya Pradesh,0.1731638493667568,0.002345505748262551
873d88742ffffff,Kaushambi,Uttar Pradesh,0.11358314442066568,0.5916812217959267
8760abd9effffff,Belagavi,Karnataka,0.15264984293062667,0.0
873d9c58dffffff,Sagar,Madhya Pradesh,0.10920346871174291,0.010814255024227747
8760ab98affffff,Kolhapur,Maharashtra,0.17112867733811915,0.0
873c85c41ffffff,Sundargarh,Odisha,0.060461949388421865,0.07012942787802307
873d3376effffff,Kangra,Himachal Pradesh,0.13758517150453176,0.01987692210448043
873d05cb4ffffff,Leh,Ladakh,0.0938101937898008,0.01415817915292496
873cb6860ffffff,Bhandara,Maharashtra,0.13947178747821515,0.011791889280046177
873ca6141ffffff,Shahdol,Madhya Pradesh,0.14075102478717275,0.06381189346894421
8742c8b55ffffff,Aravalli,Gujarat,0.19178406627372302,0.04290532242158684
876094836ffffff,Yavatmal,Maharashtra,0.12925647560059872,0.01273447536742479
873c9434dffffff,Bastar,Chhattisgarh,0.10684114483299853,0.08775367667991954
873cb56aeffffff,Bametara,Chhattisgarh,0.06568603993836997,0.05539643043843469
873cb4381ffffff,Balaghat,Madhya Pradesh,0.09364196213912131,0.0073120447805724315
87601260effffff,Ballari,Karnataka,0.12384128115260912,0.0
873d9c212ffffff,Sagar,Madhya Pradesh,0.12522109134525922,0.024156110264823043
8742e3673ffffff,Kutch,Gujarat,0.18690775698422335,0.062403220691661966
876189173ffffff,Kolar,Karnataka,0.11978441294483891,0.016527096463415568
87619b748ffffff,Nalgonda,Telangana,0.11968764671988516,0.0
873dadae8ffffff,Pithoragarh,Uttarakhand,0.08384502099809409,0.030256296941703766
873cb2673ffffff,Narayanpur,Chhattisgarh,0.16973981583485825,0.01939311128962513
8742ceb22ffffff,Ahmedabad,Gujarat,0.19858798473737993,0.02592809565872226
873cb4550ffffff,Bhandara,Maharashtra,0.15183069490259943,0.014589417420056221
873d8cda2ffffff,Auraiya,Uttar Pradesh,0.273100192339774,0.0
873d06a03ffffff,Leh,Ladakh,0.08355513689997968,0.01415817915292496
873c8e0caffffff,Kendrapara,Odisha,0.1332934519551533,0.02795976639366597
873cb14c0ffffff,Gariaband,Chhattisgarh,0.10226324593874933,0.05132087747059511
87619a576ffffff,West Godavari,Andhra Pradesh,0.06872839440916423,0.008834671224616803
873d22c64ffffff,Leh,Ladakh,0.07754454131980054,0.010349518523858944
873d85171ffffff,Agra,Uttar Pradesh,0.11121776447422867,0.0
8742c2964ffffff,Jamnagar,Gujarat,0.20414090660906342,0.04101560515985144
874253ac9ffffff,Jaisalmer,Rajasthan,0.17723199842949403,0.0037319055541156455
873ce08ecffffff,Bongaigaon,Assam,0.07575116588053186,0.0
873c834f3ffffff,Ganjam,Odisha,0.09236558662608392,0.049490429467582614
873db595cffffff,Nagaur,Rajasthan,0.15755081861970016,0.02660422969566824
873dadc0bffffff,Nainital,Uttarakhand,0.22901771187629663,0.04289662061420667
873d06b4dffffff,Leh,Ladakh,0.06931989611412284,0.014002774417499569
876094ab5ffffff,Yavatmal,Maharashtra,0.11326634711574271,0.020731527176203322
876031cf4ffffff,Tiruppur,Tamil Nadu,0.186703244404341,0.022293924207816968
873c58526ffffff,East Siang,Arunachal Pradesh,0.07253000586614432,0.10188797412361923
873ca0828ffffff,Singrauli,Madhya Pradesh,0.09733959247806756,0.0487159777440215
876090ac6ffffff,Washim,Maharashtra,0.11419153660423796,0.0033801321478550525
873d96772ffffff,Indore,Madhya Pradesh,0.17396427032067563,0.008495640670799557
873d23280ffffff,Leh,Ladakh,0.08970357008927135,0.019525806769880628
873c92b94ffffff,East Godavari,Andhra Pradesh,0.09329647935991553,0.08515777188165616
873c19306ffffff,Cooch Behar,West Bengal,0.043023295649091596,0.0
8742c325bffffff,Botad,Gujarat,0.19556343975221813,0.024446293703438864
8760b1225ffffff,Medak,Telangana,0.10697552864864977,0.0014942914949053123
8760b3a10ffffff,Nizamabad,Telangana,0.11873591195883865,0.02800974485629779
873c1a91dffffff,Bhagalpur,Bihar,0.08989718527940871,0.0
873d81904ffffff,Bhind,Madhya Pradesh,0.14105407918763896,0.0
873cab24effffff,Paschim Medinipur,West Bengal,0.05747043556361395,0.025203644431107505
876092672ffffff,Betul,Madhya Pradesh,0.11882884270846542,0.002878117901861403
873d2e9a6ffffff,Leh,Ladakh,0.0706862937251438,0.014002774417499569
8742c4283ffffff,Kutch,Gujarat,0.19984790414739284,0.05297980999503592
873ca2d46ffffff,Bilaspur,Chhattisgarh,0.08528865930034152,0.005495819071170048
873cb25a9ffffff,Gadchiroli,Maharashtra,0.08545074838015779,0.09674144768330571
873cad36effffff,Banka,Bihar,0.08197605908837685,0.009477571299221603
87209a209ffffff,Kupwara,Jammu and Kashmir,0.15184717679256263,0.05002339835838892
87609225affffff,Betul,Madhya Pradesh,0.21995314072417171,0.0
87609810effffff,Jalgaon,Maharashtra,0.1582427937657947,0.021319646999645867
8760a6205ffffff,Nagarkurnool,Telangana,0.09465350042448427,0.0
876080216ffffff,Osmanabad,Maharashtra,0.11474114496276179,0.0005337590023697093
8760ab459ffffff,Kolhapur,Maharashtra,0.2748802490750483,0.0
873d05118ffffff,Leh,Ladakh,0.09474091141297394,0.01415817915292496
873da664cffffff,Sikar,Rajasthan,0.15480292708902454,0.027416183157769804
873da88d8ffffff,Bareilly,Uttar Pradesh,0.29914310188910387,0.05146824970014151
873db15abffffff,Bundi,Rajasthan,0.15190257044656605,0.0544017998834296
8760a1172ffffff,Ballari,Karnataka,0.1098713796549827,0.0059562921444978765
873c85384ffffff,Sundargarh,Odisha,0.11040403023484537,0.04459051385860147
87618d056ffffff,Tiruvannamalai,Tamil Nadu,0.26683617284200684,0.0
876098288ffffff,Dhule,Maharashtra,0.15019759463344212,0.019593666051496907
876090b94ffffff,Amravati,Maharashtra,0.12482402123925306,0.002843297909054764
8742c9935ffffff,Dungarpur,Rajasthan,0.16597471512965892,0.06728825166361307
8742d9728ffffff,Surat,Gujarat,0.17671335926380657,0.05571472867601636
873c94253ffffff,Bastar,Chhattisgarh,0.1672520685555604,0.12526280930797834
873c59783ffffff,Anjaw,Arunachal Pradesh,0.08400118813486697,0.022847769676502944
876092728ffffff,Betul,Madhya Pradesh,0.11882884270846542,0.006374239611809808
8742eb8e1ffffff,Jalore,Rajasthan,0.18974760449356848,0.07659185152804455
8742db035ffffff,Palghar,Maharashtra,0.2336183345121482,0.07244638423929396
873d8d936ffffff,Sitapur,Uttar Pradesh,0.15391048593601947,0.070827473687517
873d91656ffffff,Raisen,Madhya Pradesh,0.11038308197804683,0.010406473058940146
873d22751ffffff,Leh,Ladakh,0.09460051720632279,0.011006812009577562
876092ce6ffffff,Chhindwara,Madhya Pradesh,0.1218452351518487,0.0
8742c62c0ffffff,Jamnagar,Gujarat,0.19833532132223125,0.043165833305369924
873cead6dffffff,Tamenglong,Manipur,0.06632142562454818,0.0008233287776241841
874253413ffffff,Jaisalmer,Rajasthan,0.1745323606849606,0.0382751565094635
873d1e2f2ffffff,Pithoragarh,Uttarakhand,0.10172299706275349,0.03456863200118392
8742ed200ffffff,Barmer,Rajasthan,0.18024285528559247,0.006697790353247651
873d2331dffffff,Leh,Ladakh,0.08970357008927135,0.019525806769880628
873ca3909ffffff,Surajpur,Chhattisgarh,0.09286336805374086,0.038357604184634575
873d1235effffff,Muzaffarnagar,Uttar Pradesh,0.24306947486483674,0.053207910396916414
8760138daffffff,Shivamogga,Karnataka,0.16949529323135176,0.0
873ca3c5affffff,Surguja,Chhattisgarh,0.15274560565338166,0.03615625090033141
873c51055ffffff,Shi Yomi,Arunachal Pradesh,0.06703149346620149,0.0
87611b553ffffff,Ramanathapuram,Tamil Nadu,0.31249943217534454,0.0
873c9569cffffff,Koraput,Odisha,0.09277692468346488,0.12105382999372451
873d94208ffffff,Agar Malwa,Madhya Pradesh,0.10497873596721763,0.01932718559830744
873c10ce1ffffff,Ballia,Uttar Pradesh,0.12818110726519422,0.0
873cea219ffffff,Kamjong,Manipur,0.09328169882984735,0.0
8760a30e8ffffff,Yadgir,Karnataka,0.10975983040067143,0.0
8760b5715ffffff,Yadadri Bhuvanagiri,Telangana,0.13019330490634895,0.0
873c36033ffffff,Bahraich,Uttar Pradesh,0.15315187335659491,0.08415409046596282
873c13a1cffffff,Vaishali,Bihar,0.09211119899156046,0.0
873d93576ffffff,Harda,Madhya Pradesh,0.10469311925408657,0.017253162627993448
873db0415ffffff,Chittorgarh,Rajasthan,0.14777660289653258,0.0038814259396564464
8760b211effffff,Komaram Bheem,Telangana,0.11455740687237356,0.04341371205919762
873d1406affffff,Bilaspur,Himachal Pradesh,0.2025985296443151,0.02368868351654325
873c85ac4ffffff,Sundargarh,Odisha,0.08366276449693691,0.03675529107553818
873dab3aeffffff,Sitapur,Uttar Pradesh,0.16456773060907665,0.056911843814552616
872099416ffffff,Leh,Ladakh,0.13337958702826527,0.023716795475775196
8760b20aaffffff,Chandrapur,Maharashtra,0.12925647560059872,0.012478405259838435
8742e9b8affffff,Barmer,Rajasthan,0.20381522763308904,0.003437406080226223
873cc3b03ffffff,Champhai,Mizoram,0.08941353681931118,0.0
873d96251ffffff,Dewas,Madhya Pradesh,0.1256920246422524,0.0037272790590527176
873d90745ffffff,Sehore,Madhya Pradesh,0.12763983847864743,0.010987476199462002
873d84952ffffff,Karauli,Rajasthan,0.12051853593169029,0.03508290217038257
873cb2943ffffff,Gadchiroli,Maharashtra,0.1223694704143359,0.06084471302969447
8742c5481ffffff,Kutch,Gujarat,0.1941604199148858,0.04784446549042466
873d0652affffff,Lahaul and Spiti,Himachal Pradesh,0.07534852450189491,0.013194944864377302
873d33ad4ffffff,Lahaul and Spiti,Himachal Pradesh,0.06931989611412284,0.013194944864377302
87618d2e3ffffff,Krishnagiri,Tamil Nadu,0.24654467872180125,0.011417343466194987
8760138b4ffffff,Shivamogga,Karnataka,0.16425845910566358,0.0
873ce14daffffff,Ribhoi,Meghalaya,0.08872170380396688,0.014646692805904157
873cb6c0dffffff,Chandrapur,Maharashtra,0.14852528097605694,0.01830561737965349
873cb3114ffffff,Uttar Bastar Kanker,Chhattisgarh,0.13294379443238702,0.05509166251274018
873cb5ceeffffff,Kabeerdham,Chhattisgarh,0.16222722288630684,0.006107960362447956
873c11706ffffff,Muzaffarpur,Bihar,0.0924613233093001,0.0
873cc5b22ffffff,Cachar,Assam,0.08087275024671679,0.01059911658826608
873d12a51ffffff,Haridwar,Uttarakhand,0.32314681698439846,0.040534329308760685
8742c8759ffffff,Panchmahal,Gujarat,0.18683206111476988,0.0388421181494101
873d9826effffff,Jabalpur,Madhya Pradesh,0.13911824259799746,0.051615832939704745
873c1144bffffff,Muzaffarpur,Bihar,0.09097377416600032,0.0
873d9bb1dffffff,Jabalpur,Madhya Pradesh,0.14684600581178303,0.010798898862601191
873da386cffffff,Nuh,Haryana,0.1076017263288578,0.07669665625093494
873d26918ffffff,Leh,Ladakh,0.16874971328779811,0.02856939769137792
873d9d45cffffff,Damoh,Madhya Pradesh,0.12301686302997121,0.06010055263735687
873d1e431ffffff,Chamoli,Uttarakhand,0.13317308350105828,0.030285686645065465
873cab22bffffff,Bankura,West Bengal,0.05603901253904123,0.026613737466604236
873c916eaffffff,Srikakulam,Andhra Pradesh,0.13810733838983924,0.0
873c9058dffffff,Malkangiri,Odisha,0.03496750612805691,0.11797226883256916
873da16f4ffffff,Aligarh,Uttar Pradesh,0.13357799813139343,0.054675125583987835
8760b3d75ffffff,Jagtial,Telangana,0.12428074664252843,0.046384661023937596
87608d685ffffff,Ratnagiri,Maharashtra,0.2779525795047383,0.04218425397599346
876035b9affffff,Virudhunagar,Tamil Nadu,0.25431078950821695,0.0
873cc5260ffffff,Jiribam,Manipur,0.08428412425085817,0.014779063245750386
872098204ffffff,Leh,Ladakh,0.13105619468882732,0.04197637821554485
873d14955ffffff,Una,Himachal Pradesh,0.20046564926301438,0.024564281441746307
873cc092effffff,Dhalai,Tripura,0.08033064675074618,0.0353792231365327
873ca5193ffffff,Singrauli,Madhya Pradesh,0.08965519964919777,0.09602242672708779
876088ca4ffffff,Pune,Maharashtra,0.1715649201922172,0.032055477040649004
87609aae4ffffff,Dhule,Maharashtra,0.15135056277479553,0.005762487078886154
87618bc35ffffff,Y.S.R. Kadapa,Andhra Pradesh,0.11355548760749606,0.0
873c5c754ffffff,Upper Siang,Arunachal Pradesh,0.0837877311397204,0.08758481023914692
873d15b45ffffff,Lahaul and Spiti,Himachal Pradesh,0.13202129223013867,0.014033779318354402
8760110a5ffffff,Dakshina Kannada,Karnataka,0.31982417715050193,0.015834550654663288
873c5ab55ffffff,Namsai,Arunachal Pradesh,0.07335480738107548,0.06843692033377057
87609b460ffffff,Nandurbar,Maharashtra,0.1558243991840399,0.006192024122509848
873da3800ffffff,Alwar,Rajasthan,0.11019481974597034,0.04400644247014075
873db5292ffffff,Tonk,Rajasthan,0.16798493265498865,0.04021232839857324
8761a94dcffffff,Nagapattinam,Tamil Nadu,0.27192568183026483,0.0
873d9ec51ffffff,Raisen,Madhya Pradesh,0.10012745865830402,0.04753490866287536
873d10a94ffffff,Shimla,Himachal Pradesh,0.1595813323093605,0.02572116683450704
873d8aa88ffffff,Chitrakoot,Uttar Pradesh,0.13337846944898524,0.039975937681795144
873ce465dffffff,Kokrajhar,Assam,0.0631992912651022,0.03511284664637825
873cabc28ffffff,East Singhbhum,Jharkhand,0.030518024957175042,0.028170091081818463
876012420ffffff,Anantapur,Andhra Pradesh,0.12041785702786834,0.001874484051508456
8760aab1dffffff,Bagalkote,Karnataka,0.15248503697276755,0.0
87618ac9dffffff,S.P.S. Nellore,Andhra Pradesh,0.08586397908418966,0.4124252289089018
87601ec4bffffff,Udupi,Karnataka,0.23510483278791583,0.011889918650227066
873da32e2ffffff,Mathura,Uttar Pradesh,0.13091458539717488,0.022578191518122164
873d11121ffffff,Uttarkashi,Uttarakhand,0.15050193988548724,0.01700426037683673
873cc6b5affffff,Gomati,Tripura,0.06264951300500611,0.0
8742530e8ffffff,Jaisalmer,Rajasthan,0.1738499672378415,0.04416628061070765
87425e824ffffff,Jaisalmer,Rajasthan,0.16268518557775333,0.0
873c8c583ffffff,Kendujhar,Odisha,0.09490851967880357,0.04051883321139344
873ca3059ffffff,Jashpur,Chhattisgarh,0.07467301174898928,0.03960011228655228
873cb6421ffffff,Chandrapur,Maharashtra,0.1483532723880976,0.0181859046803271
876085658ffffff,Solapur,Maharashtra,0.1593269084498879,0.0
873d13620ffffff,Pauri Garhwal,Uttarakhand,0.2867553109310364,0.025261975577902253
873d33cf0ffffff,Kangra,Himachal Pradesh,0.17628827057705088,0.021394369673538055
873ce8788ffffff,Senapati,Manipur,0.09058829054457726,0.0
876088b58ffffff,Ratnagiri,Maharashtra,0.1871555453030415,0.06606993839794838
8760822ebffffff,Jalna,Maharashtra,0.10432321678002197,0.056515575974751264
873d10776ffffff,Dehradun,Uttarakhand,0.27702065694260997,0.0334344366099403
87603099bffffff,Dindigul,Tamil Nadu,0.23563469660759837,0.0
873c810e9ffffff,Kendujhar,Odisha,0.05875135334530016,0.0434309313324664
873cc14d8ffffff,Champhai,Mizoram,0.09185121422303545,0.0
873cf431effffff,Murshidabad,West Bengal,0.035488061731012335,0.0
873daeb59ffffff,Sambhal,Uttar Pradesh,0.25225739460286856,0.05358996635845139
873d95a0bffffff,Baran,Rajasthan,0.09960133060330766,0.03714007851276254
873c3670dffffff,Shrawasti,Uttar Pradesh,0.1732771211985809,0.0962770439074934
873cc5566ffffff,Karimganj,Assam,0.09140021527960751,0.029752836092207524
87208ac94ffffff,Leh,Ladakh,0.16309160822273003,0.02682868840529637
873d1388bffffff,Tehri Garhwal,Uttarakhand,0.34164125169655657,0.034948979849619394
8742c80abffffff,Panchmahal,Gujarat,0.1836914874845459,0.008777712165647579
873cf2c62ffffff,Kolkata,West Bengal,0.09816822382586195,0.6080687539998336
8760356b5ffffff,Dindigul,Tamil Nadu,0.097411044012267,0.012102603007387892
873cec5abffffff,Nagaon,Assam,0.07571398160338459,0.01636830877799381
8760b4283ffffff,Warangal Rural,Telangana,0.13791893181506953,0.0
8760a0415ffffff,Wanaparthy,Telangana,0.09845641328644499,0.01104599252799188
87609e6e6ffffff,Khargone,Madhya Pradesh,0.25949788416475994,0.003486427395042403
8761a9208ffffff,Pudukkottai,Tamil Nadu,0.24933461617729988,0.04503228223664964
8760a39b4ffffff,Raichur,Karnataka,0.11149131301337081,0.0
872099024ffffff,Leh,Ladakh,0.15411618776533753,0.02856939769137792
873d83074ffffff,Jhansi,Uttar Pradesh,0.13189074930922356,0.037325863949622215
87619e2a3ffffff,West Godavari,Andhra Pradesh,0.10460479211635403,0.0
873caa525ffffff,West Singhbhum,Jharkhand,0.1302294230904608,0.029057052240752796
87209a773ffffff,Punch,Jammu and Kashmir,0.15594520738949422,0.05172120315632026
873c93da5ffffff,Visakhapatnam,Andhra Pradesh,0.10360983150087795,0.10669171924257413
8742594dbffffff,Churu,Rajasthan,0.15440331786257394,0.04655846810120014
873c8e2edffffff,Kendrapara,Odisha,0.12007472070349269,0.5520095704436863
87601e8aeffffff,Udupi,Karnataka,0.2600893455435719,0.011255492946032241
873d20d30ffffff,Leh,Ladakh,0.08234277470112536,0.019104197231557127
873d9acf2ffffff,Chhindwara,Madhya Pradesh,0.10734213605100618,0.0
8760b4cf1ffffff,Bhadradri Kothagudem,Telangana,0.07974968781713354,0.040576854750636555
874251458ffffff,Jaisalmer,Rajasthan,0.1599268817094654,0.0
873cb6ba3ffffff,Bhandara,Maharashtra,0.078494240422916,0.01116240009677744
873ca6db3ffffff,Dindori,Madhya Pradesh,0.25835413844067906,0.011325369823647348
876013270ffffff,Shivamogga,Karnataka,0.173213841470696,0.0
873d80cc4ffffff,Shivpuri,Madhya Pradesh,0.11708870206752946,0.04456114887606491
876015c95ffffff,Mysuru,Karnataka,0.24797795645491477,0.008428441494696242
873ca5381ffffff,Sonbhadra,Uttar Pradesh,0.08302988677044001,0.08506220334038068
87609c31affffff,Aurangabad,Maharashtra,0.15630146999875394,0.004675592380391221
8742ed103ffffff,Barmer,Rajasthan,0.18128433142744396,0.04480350214475074
873ce04a9ffffff,East Garo Hills,Meghalaya,0.06552046591340623,0.026259609397676305
876099ba1ffffff,Nashik,Maharashtra,0.166308767096877,0.04003224766826298
8742490ebffffff,Ludhiana,Punjab,0.3715917304869933,0.07294621393094575
8760adc08ffffff,Haveri,Karnataka,0.17324373906698656,0.0
8760a475affffff,Kurnool,Andhra Pradesh,0.11459725183454632,0.0
87609c6a4ffffff,Aurangabad,Maharashtra,0.1746060724674818,0.003076189317619106
8742c8848ffffff,Aravalli,Gujarat,0.18597848098689085,0.042381410556067464
873d8ca6effffff,Hardoi,Uttar Pradesh,0.15391048593601947,0.07086388174383332
876085650ffffff,Solapur,Maharashtra,0.1593269084498879,0.0002370230520097648
873d82335ffffff,Ashoknagar,Madhya Pradesh,0.10822213847481682,0.02179396903358735
873cf04c5ffffff,North 24 Parganas,West Bengal,0.062156437155545655,0.5121560545521174
873c1aab3ffffff,Godda,Jharkhand,0.09257149773020984,0.0
873c91950ffffff,Rayagada,Odisha,0.0930778748390278,0.10898890300233585
8760154e3ffffff,Hassan,Karnataka,0.11164025997054274,0.02006164333542169
873dacd82ffffff,Meerut,Uttar Pradesh,0.27404401532758516,0.0259674991957853
873d13ad6ffffff,Pauri Garhwal,Uttarakhand,0.1758810154581093,0.03270492037741937
8742d90abffffff,Surat,Gujarat,0.2668358591732587,0.05221860696606797
8742caa28ffffff,Panchmahal,Gujarat,0.1880250163634875,0.09724872017612736
873ca470bffffff,Sidhi,Madhya Pradesh,0.09644061576897653,0.07133880513595796
873daeb6bffffff,Sambhal,Uttar Pradesh,0.25225739460286856,0.047635041106798344
876199909ffffff,Prakasam,Andhra Pradesh,0.0859241826175913,0.0
873da6551ffffff,Nagaur,Rajasthan,0.1535902942523571,0.0
873c94212ffffff,Bastar,Chhattisgarh,0.04900396527321934,0.07942675310471137
873d3335dffffff,Lahaul and Spiti,Himachal Pradesh,0.06971824751823291,0.013194944864377302
873c900cbffffff,Koraput,Odisha,0.09880766078223738,0.09608362303768642
873d13ce2ffffff,Haridwar,Uttarakhand,0.34456218938817273,0.035084680334177325
876098845ffffff,Jalgaon,Maharashtra,0.17580068390189355,0.018628553627419553
87608286dffffff,Parbhani,Maharashtra,0.1101776749130331,0.042337237083577006
87609ed5cffffff,Buldhana,Maharashtra,0.10637100231933982,0.019569816356447924
873d22885ffffff,Leh,Ladakh,0.09125179557408014,0.017363487945475563
873d81b28ffffff,Etawah,Uttar Pradesh,0.2749096453808952,0.04368881726528885
874249902ffffff,Tarn Taran,Punjab,0.35731157607127473,0.03174454171429687
876086ccaffffff,Nanded,Maharashtra,0.11796235534241656,0.05870308047942344
876032a6cffffff,Erode,Tamil Nadu,0.2683736420470581,0.0
873da6286ffffff,Sikar,Rajasthan,0.1602611608018807,0.02584562095392168
873d8cb19ffffff,Unnao,Uttar Pradesh,0.13175651486400258,0.12930921820524194
873db4c04ffffff,Pali,Rajasthan,0.17805614573184325,0.0
873d89693ffffff,Jaunpur,Uttar Pradesh,0.12818110726519422,0.0
873daaaecffffff,Farrukhabad,Uttar Pradesh,0.35019097811172745,0.028404048056811567
873d86b53ffffff,Sheopur,Madhya Pradesh,0.10957721465785755,0.05187998309169742
873d8bce8ffffff,Prayagraj,Uttar Pradesh,0.11136518824725154,0.5362771073318617
876035c28ffffff,Virudhunagar,Tamil Nadu,0.2766463825933051,0.0
873c18c72ffffff,Araria,Bihar,0.025858838215518112,0.0
873d11828ffffff,Kinnaur,Himachal Pradesh,0.1268746244184336,0.019842292322606463
873cb56cbffffff,Bametara,Chhattisgarh,0.13917155436024103,0.05849167169267899
873d02b14ffffff,Leh,Ladakh,0.06836812143091407,0.014002774417499569
873d9ed82ffffff,Raisen,Madhya Pradesh,0.21710646453662671,0.0015546616240885622
87618a00effffff,S.P.S. Nellore,Andhra Pradesh,0.12794866039543137,0.19920306509979896
873d8e846ffffff,Jalaun,Uttar Pradesh,0.15290178390174491,0.4154483448405775
873c86274ffffff,Balangir,Odisha,0.1446999630829373,0.058751086027544454
873d8d082ffffff,Barabanki,Uttar Pradesh,0.13138258307235248,0.05870621987917432
87609b503ffffff,Nandurbar,Maharashtra,0.15482347874174515,0.017692719256824814
873c10ca9ffffff,Ballia,Uttar Pradesh,0.12818110726519422,0.0
873d94530ffffff,Ratlam,Madhya Pradesh,0.16326609142660894,0.00974641103411314
873da56e4ffffff,Jhajjar,Haryana,0.11394697135401673,0.05310544144062351
873d8a0f2ffffff,Satna,Madhya Pradesh,0.09859484559391674,0.06814607932340401
873cc55b0ffffff,Unokoti,Tripura,0.08525463099948646,0.052369669144604884
873ce3cacffffff,South West Khasi Hills,Meghalaya,0.09493148706737081,0.00918949413056858
873d9b1acffffff,Mandla,Madhya Pradesh,0.08570501311821627,0.06415953523831008
873ce3119ffffff,East Khasi Hills,Meghalaya,0.10023508848805986,0.0
873d11965ffffff,Kinnaur,Himachal Pradesh,0.1279639650123438,0.02087028725635376
873c50255ffffff,Upper Subansiri,Arunachal Pradesh,0.10748927736760588,0.01679023202107551
876082ae2ffffff,Beed,Maharashtra,0.10975978081117038,0.047029412319099316
8742dcc42ffffff,Gir Somnath,Gujarat,0.18208739315095435,0.0489046287752044
8760b6113ffffff,Bijapur,Chhattisgarh,0.1263471128606954,0.06423220629213983
8760a5825ffffff,Anantapur,Andhra Pradesh,0.11722507554152968,0.0
87208acd5ffffff,Leh,Ladakh,0.14272901059463322,0.028135519209982824
873c136deffffff,Nawada,Bihar,0.07536928317976441,0.012456616891809685
873db12f4ffffff,Sawai Madhopur,Rajasthan,0.12120720789345008,0.032624265831544756
8760adc55ffffff,Uttara Kannada,Karnataka,0.26867541571087905,0.0
87609b531ffffff,Barwani,Madhya Pradesh,0.15482347874174515,0.017692719256824814
873cc2259ffffff,Lawngtlai,Mizoram,0.1452609840357918,0.019272599866522192
873cf09a6ffffff,Nadia,West Bengal,0.06385879594640106,0.6081936808517951
8742dd5b2ffffff,Bhavnagar,Gujarat,0.26587727775479175,0.06314361721672784
876082520ffffff,Hingoli,Maharashtra,0.10565094642792905,0.026120712207707644
873c1b126ffffff,Uttar Dinajpur,West Bengal,0.03522630671745525,0.0
8742ddaeaffffff,Bharuch,Gujarat,0.18812156805437266,0.45332651839372895
873d94114ffffff,Mandsaur,Madhya Pradesh,0.15326620358718293,0.012224691429677092
876094601ffffff,Wardha,Maharashtra,0.14227456944123207,0.008637920141101985
87608d585ffffff,Ratnagiri,Maharashtra,0.39114515304862996,0.03668718983142605
8760138a5ffffff,Chikkamagaluru,Karnataka,0.15830531037814746,0.0
87209d298ffffff,Leh,Ladakh,0.14866838049006478,0.05054895697901587
876189625ffffff,Kolar,Karnataka,0.11890422617263281,0.01374194499477639
873d34646ffffff,Reasi,Jammu and Kashmir,0.12421094917678747,0.029058339724581907
872099405ffffff,Leh,Ladakh,0.17583405850615186,0.027425145537572426
8760a4005ffffff,Kurnool,Andhra Pradesh,0.11931580462380532,0.0
873c8e336ffffff,Jajpur,Odisha,0.09951850269991229,0.0
8760a3401ffffff,Kalaburagi,Karnataka,0.10562702828340836,0.0
873da0861ffffff,Charkhi Dadri,Haryana,0.15956965078302127,0.04587909374800692
876013985ffffff,Chikkamagaluru,Karnataka,0.16391110753168758,0.0
873d9eb0cffffff,Raisen,Madhya Pradesh,0.1225249451153608,0.02842251224891132
876083d33ffffff,Beed,Maharashtra,0.10275095450939972,0.043964938132141335
8742c1b85ffffff,Kutch,Gujarat,0.19190587882030163,0.029715236487994744
873d34836ffffff,Punch,Jammu and Kashmir,0.14924396549993008,0.05002339835838892
8760a9ceeffffff,North Goa,Goa,0.16362647124271132,0.02906303957183909
873db0314ffffff,Bhilwara,Rajasthan,0.15982563973900676,0.047867013960638485
8760a10aaffffff,Raichur,Karnataka,0.11971437078711275,0.006213028498837608
876189c08ffffff,Chittoor,Andhra Pradesh,0.11022188756950024,0.01643304278062741
873cab511ffffff,East Singhbhum,Jharkhand,0.0545921470861217,0.044802521008521556
873cab824ffffff,Purulia,West Bengal,0.11883537552031036,0.02617404828846345
873db36d4ffffff,Jhalawar,Rajasthan,0.10510215257604087,0.02277284455660002
8742c6225ffffff,Devbhumi Dwarka,Gujarat,0.262038245988944,0.04768705366585886
873d94b89ffffff,Mandsaur,Madhya Pradesh,0.1537347415714483,0.02527982660970915
87609e8c5ffffff,Buldhana,Maharashtra,0.12369472418932805,0.008941939654771303
873c8152affffff,Deogarh,Odisha,0.06027684014329298,0.028259170317785423
873d96a84ffffff,Ujjain,Madhya Pradesh,0.1731638493667568,0.003261206055998572
873d96ac0ffffff,Ujjain,Madhya Pradesh,0.16464818877856519,0.0073308492685379015
873d83d42ffffff,Jhansi,Uttar Pradesh,0.12189562281979645,0.01430699094782489
8742c59a9ffffff,Kutch,Gujarat,0.19249778084786545,0.062403220691661966
873d20c84ffffff,Leh,Ladakh,0.07253053447371387,0.012537651378658685
873c90ac6ffffff,Koraput,Odisha,0.11279450384619996,0.11481329620482557
876036b8affffff,Tiruchirappalli,Tamil Nadu,0.28621146518321355,0.2150439816939118
8742c06f2ffffff,Rajkot,Gujarat,0.19650053679282367,0.04589276608521192
873c848f3ffffff,Raigarh,Chhattisgarh,0.1133763843141237,0.05087931030938511
8742eba18ffffff,Sirohi,Rajasthan,0.19943011073201267,0.08539568567068921
8742cc2eaffffff,Sabarkantha,Gujarat,0.19764437101747745,0.043343712069001526
8742ca0d5ffffff,Narmada,Gujarat,0.18863474876814063,0.0037296974968136914
8742dba98ffffff,Dadra and Nagar Haveli,Dadra and Nagar Haveli and Daman and Diu,0.2468462769215017,0.08820605775538928
87425d0b6ffffff,Bikaner,Rajasthan,0.17246479269766896,0.1378591728947587
873d96362ffffff,Ujjain,Madhya Pradesh,0.17040756402496612,0.0032716652245342237
876016c72ffffff,Chikkaballapura,Karnataka,0.11890422617263281,0.0
87609378effffff,Khandwa,Madhya Pradesh,0.10517387561321499,0.0019359776472058173
8742c250cffffff,Junagadh,Gujarat,0.30413488832096397,0.021009735424294514
876084ae5ffffff,Kalaburagi,Karnataka,0.110596011646595,0.0
873d8505cffffff,Morena,Madhya Pradesh,0.13747172423189286,0.029409669913100712
873da0c75ffffff,Jhunjhunu,Rajasthan,0.15956965078302127,0.01263058430366384
8742eaab3ffffff,Vav-Tharad,Gujarat,0.19183863870713036,0.0
873cb14a6ffffff,Dhamtari,Chhattisgarh,0.1040353128875617,0.05986080909312134
8742c9456ffffff,Banswara,Rajasthan,0.15435045328663255,0.030045740325892512
87424aae2ffffff,Hanumangarh,Rajasthan,0.15968894835688646,0.0
873ce395bffffff,West Khasi Hills,Meghalaya,0.07713314300099147,0.03839853530981241
873c5ed88ffffff,Upper Subansiri,Arunachal Pradesh,0.12461698798053679,0.048695849927317715
8742ce370ffffff,Kheda,Gujarat,0.19833532132223125,0.024557751808599128
873d33625ffffff,Kangra,Himachal Pradesh,0.13350691164981165,0.022602983760853252
876015ab4ffffff,Kodagu,Karnataka,0.22387342241192992,0.010153209713133599
873c12085ffffff,Rohtas,Bihar,0.0683247953987178,0.08118951369821506
8742cdceeffffff,Sabarkantha,Gujarat,0.1948151640381899,0.03347347593643276
8742ed95bffffff,Jaisalmer,Rajasthan,0.1780927362430386,0.0432803306553245
873c5aaf6ffffff,Changlang,Arunachal Pradesh,0.07814288488665351,0.04346951660699199
873daa8e9ffffff,Etah,Uttar Pradesh,0.1569385537575348,0.027278523483883592
876199730ffffff,Prakasam,Andhra Pradesh,0.09807273275670926,0.0
873daa3abffffff,Farrukhabad,Uttar Pradesh,0.15680875946561051,0.07076389026923555
876014c31ffffff,Krishnagiri,Tamil Nadu,0.1054846510341197,0.017085191954371984
873d80c66ffffff,Shivpuri,Madhya Pradesh,0.10618376916603037,0.046826115411733704
876189c10ffffff,Vellore,Tamil Nadu,0.1019948772618247,0.01533803970054866
876094064ffffff,Yavatmal,Maharashtra,0.10606960797219593,0.023473428231124943
873d8e256ffffff,Banda,Uttar Pradesh,0.07560841082956596,0.4096388072253406
87618898cffffff,Ranipet,Tamil Nadu,0.14122419809797088,0.0
87618e2c3ffffff,Chittoor,Andhra Pradesh,0.19164325303292587,0.0
874259129ffffff,Bikaner,Rajasthan,0.175352693187,0.006248497266007212
87609356bffffff,Betul,Madhya Pradesh,0.10514995746869431,0.0
873d81166ffffff,Bhind,Madhya Pradesh,0.12932351927480018,0.45748649574668104
873cb0a42ffffff,Durg,Chhattisgarh,0.06808881813033865,0.0560603416297301
873d9e01affffff,Raisen,Madhya Pradesh,0.10097185847536937,0.025294748397989276
873c92109ffffff,East Godavari,Andhra Pradesh,0.08629382315418446,0.08338605109283093
873cb68f6ffffff,Bhandara,Maharashtra,0.2848163638970118,0.02082193787974405
8742e9494ffffff,Jalore,Rajasthan,0.19211920706073848,0.029647483177529365
873da8acaffffff,Pilibhit,Uttar Pradesh,0.33442693545280655,0.06840331411352653
873c58c52ffffff,Lower Dibang Valley,Arunachal Pradesh,0.059752119736056444,0.0804196446426632
873c96a8effffff,Sukma,Chhattisgarh,0.10574974050117303,0.07341750069001893
8760b4119ffffff,Bhadradri Kothagudem,Telangana,0.04675022469363795,0.047426824106990104
8760a4314ffffff,Kurnool,Andhra Pradesh,0.13707943766563827,0.0
873c10b9affffff,Siwan,Bihar,0.11040374384257094,0.0
8742c1270ffffff,Surendranagar,Gujarat,0.19327267180287627,0.04750316666947527
8760ab783ffffff,Sangli,Maharashtra,0.2860558965260298,0.0009046135999942366
8742492b6ffffff,Ludhiana,Punjab,0.3715917304869933,0.08354277622992125
8760a54a5ffffff,Kurnool,Andhra Pradesh,0.11305589478600876,0.0
8760b64dcffffff,Bijapur,Chhattisgarh,0.08559153699436771,0.09778423490299602
873d9c824ffffff,Lalitpur,Uttar Pradesh,0.11329029692157204,0.03538601466618524
87619ba1effffff,Guntur,Andhra Pradesh,0.15278538991006563,0.0
873d88c80ffffff,Fatehpur,Uttar Pradesh,0.14839418750785577,0.430652179133586
873cf6175ffffff,Purba Bardhaman,West Bengal,0.07138805195949186,6.23616488136297e-05
873d1679affffff,Kaithal,Haryana,0.1652704704848577,0.049734408856009646
873d12099ffffff,Muzaffarnagar,Uttar Pradesh,0.2739149107159859,0.06950193253319412
873d80396ffffff,Shivpuri,Madhya Pradesh,0.13266731718007674,0.04149495919751767
873c5ea2bffffff,Siang,Arunachal Pradesh,0.09244093025720011,0.048369682930754686
873da0babffffff,Mahendragarh,Haryana,0.10713572212245888,0.05533819352088257
873cec950ffffff,Pakke Kessang,Arunachal Pradesh,0.09753144902881743,0.0
873d9bae8ffffff,Dindori,Madhya Pradesh,0.25835413844067906,0.011325369823647348
87425e5b1ffffff,Jaisalmer,Rajasthan,0.17723199842949403,0.0388053320558976
8760a68d3ffffff,Prakasam,Andhra Pradesh,0.11574711792961516,0.0
873c8e8daffffff,Jajpur,Odisha,0.1141645006456458,0.04742478343648304
873c5e030ffffff,Lepa Rada,Arunachal Pradesh,0.08483788671995508,0.06116173033369815
87609b2edffffff,Surat,Gujarat,0.1772177901156301,0.050954541417524715
8742480deffffff,Fazilka,Punjab,0.3270885817838545,0.0
873d902f0ffffff,Sehore,Madhya Pradesh,0.12242037750193847,0.007572970907318484
873ca0746ffffff,Surajpur,Chhattisgarh,0.09073135760745833,0.044555000034791604
873ca8751ffffff,Purulia,West Bengal,0.09644768476585878,0.04589237860467249
873d104b4ffffff,Yamunanagar,Haryana,0.3457630284887263,0.05860018338421106
873d9aa6affffff,Seoni,Madhya Pradesh,0.3468667462188477,0.006727987163114062
874251134ffffff,Jaisalmer,Rajasthan,0.14708174086161022,0.0
873d2402dffffff,Leh,Ladakh,0.07251006028195571,0.018995852437401303
8760ab08dffffff,Kolhapur,Maharashtra,0.27634263140231125,0.0007229340672370682
873d88a12ffffff,Rae Bareli,Uttar Pradesh,0.1316216745397747,0.0888693898251694
8742ce250ffffff,Kheda,Gujarat,0.19833532132223125,0.017155678001285427
873d896c4ffffff,Jaunpur,Uttar Pradesh,0.08935852201133426,0.07816270834916872
8760148acffffff,Ramanagara,Karnataka,0.1840372473836857,0.007809759659784574
873c8ca26ffffff,Mayurbhanj,Odisha,0.0799268394803414,0.02558988104627888
87425029effffff,Jaisalmer,Rajasthan,0.14228989671272368,0.07288752469657295
873ca8102ffffff,Bokaro,Jharkhand,0.10121930488546409,0.035021378832002376
8742edcc4ffffff,Barmer,Rajasthan,0.18218842504488128,0.04714703973497587
8760844d2ffffff,Bidar,Karnataka,0.10697552864864977,0.001693199153759737
8742c3159ffffff,Rajkot,Gujarat,0.1858919703023293,0.06491768498957044
87424d6c9ffffff,Ferozepur,Punjab,0.3326902754651851,0.026721764844929365
87424a4c3ffffff,Bikaner,Rajasthan,0.15596195049396994,0.2079346831326978
873c1acdaffffff,Banka,Bihar,0.09114254981988215,0.021197410903263943
8760a0cb6ffffff,Kurnool,Andhra Pradesh,0.11135042520003237,0.0
873d80a8bffffff,Gwalior,Madhya Pradesh,0.13950110210491995,0.05076214723546574
8760138e8ffffff,Chikkamagaluru,Karnataka,0.16951921137587248,0.0
873cb108bffffff,Mahasamund,Chhattisgarh,0.13361516076264757,0.0470897065235046
873c8c589ffffff,Kendujhar,Odisha,0.10405215933211233,0.0270787434515226
873d95384ffffff,Guna,Madhya Pradesh,0.10364538910125862,0.024764629100537176
87608a90cffffff,Pune,Maharashtra,0.17154100204769648,0.04004462258758987
876033973ffffff,Coimbatore,Tamil Nadu,0.19851888540265017,0.005246623821208549
8760b6166ffffff,Mulugu,Telangana,0.09048257401127224,0.08007025671135079
876012108ffffff,Chitradurga,Karnataka,0.09893012320363577,0.0
873ca3b49ffffff,Balrampur,Chhattisgarh,0.13402029708582552,0.032834141803540925
8742dd365ffffff,Bharuch,Gujarat,0.2767530816380486,0.21880328631985918
873c1a561ffffff,Banka,Bihar,0.09000512499432202,0.024385078737380664
876010776ffffff,Chikkamagaluru,Karnataka,0.12364286283581223,0.0
8742c1cebffffff,Morbi,Gujarat,0.19583169939558925,0.0381187454591891
873d1220cffffff,Muzaffarnagar,Uttar Pradesh,0.24306947486483674,0.05304046426593485
8742dc1aeffffff,Gir Somnath,Gujarat,0.18208739315095435,0.044722657676687615
873daeb12ffffff,Bulandshahr,Uttar Pradesh,0.25272552191788356,0.05940739668558496
876035821ffffff,Tenkasi,Tamil Nadu,0.2837281793071806,0.0
8760ac393ffffff,Gadag,Karnataka,0.17118678558791278,0.0
873ca972bffffff,Paschim Bardhaman,West Bengal,0.092994206733881,0.02389713941202167
873dac01cffffff,Amroha,Uttar Pradesh,0.25093650147459334,0.05244927370505877
873c80771ffffff,Boudh,Odisha,0.10181424529523135,0.036338523192464334
8760351b4ffffff,Virudhunagar,Tamil Nadu,0.2611222212794306,0.0
872098748ffffff,Leh,Ladakh,0.18201849597179523,0.0499758275632629
87209b795ffffff,Bandipora,Jammu and Kashmir,0.13339973484272039,0.017755025826835268
873cf20acffffff,South 24 Parganas,West Bengal,0.1064437577070044,0.0
873c9664effffff,East Godavari,Andhra Pradesh,0.20402658011376582,0.019115503942927912
873db6c95ffffff,Sirohi,Rajasthan,0.17096504928699702,0.03221302078744749
873c1b853ffffff,Uttar Dinajpur,West Bengal,0.038700652967089695,0.0
873d30453ffffff,Kathua,Jammu and Kashmir,0.16053686069841744,0.0316509267247421
873c58119ffffff,Lower Dibang Valley,Arunachal Pradesh,0.09001379034143285,0.059824871151763395
87611a2ceffffff,Ramanathapuram,Tamil Nadu,0.2600674172511631,0.0
873c8142dffffff,Angul,Odisha,0.08123368674982027,0.028259170317785423
873c16486ffffff,Mirzapur,Uttar Pradesh,0.06496142631081193,0.5500677775648943
873cac651ffffff,Hazaribagh,Jharkhand,0.08279257094002511,0.04237599734242776
873ca8cceffffff,Ranchi,Jharkhand,0.03617982595675652,0.02120839912635841
873c3266cffffff,Siddharthnagar,Uttar Pradesh,0.1596161533911536,0.0793952176070654
873c8282effffff,Kalahandi,Odisha,0.07706196356083128,0.09038738587571545
8761994d4ffffff,Prakasam,Andhra Pradesh,0.12269803945637066,0.0
873c5bd6bffffff,Lohit,Arunachal Pradesh,0.20512264711216532,0.004543996231863752
8742494c1ffffff,Bathinda,Punjab,0.3037059269200868,0.0
8760317b4ffffff,Palakkad,Kerala,0.21792468926416522,0.04057246295189088
873db2b30ffffff,Chittorgarh,Rajasthan,0.1440625931047033,0.01842335629640333
874251726ffffff,Jaisalmer,Rajasthan,0.13956626015627102,0.0
873cb0965ffffff,Rajnandgaon,Chhattisgarh,0.059628030549744866,0.00724128635421622
8760abd1cffffff,Belagavi,Karnataka,0.1447237825948377,0.0
873d36224ffffff,Jammu,Jammu and Kashmir,0.17318809506286809,0.029586819270543515
873c91ab2ffffff,Vizianagaram,Andhra Pradesh,0.055086476262452076,0.11771057685685747
87619bcb5ffffff,Krishna,Andhra Pradesh,0.08234758722806847,0.011768537416171366
87608e44effffff,Ahmednagar,Maharashtra,0.17483193145333908,0.037160007657248896
873c1e369ffffff,Madhepura,Bihar,0.07955197442367944,0.0
873d90d1bffffff,Ujjain,Madhya Pradesh,0.12754243886353217,0.0023678676415536714
873d9e285ffffff,Narsinghpur,Madhya Pradesh,0.10732419780185086,0.024216426304223937
873c1260bffffff,Aurangabad,Bihar,0.10346717450534292,0.05357777972363387
873d89714ffffff,Sultanpur,Uttar Pradesh,0.12034524339242379,0.024224297029635283
8760b0a34ffffff,Siddipet,Telangana,0.2757415278303395,0.02135621635056201
873dae2f0ffffff,Kasganj,Uttar Pradesh,0.13482104629082658,0.03642965717770395
873d9b8c4ffffff,Mandla,Madhya Pradesh,0.15230308256772318,0.012517953640959296
873cb1aeaffffff,Baloda Bazar,Chhattisgarh,0.10338202008626571,0.060792505434826394
87601344cffffff,Haveri,Karnataka,0.17075834768891926,0.0
873ca6ce5ffffff,Dindori,Madhya Pradesh,0.1563940821740109,0.011142013093602026
873cb174effffff,Mahasamund,Chhattisgarh,0.10173964041973058,0.03811511499347351
876086125ffffff,Nanded,Maharashtra,0.11796235534241656,0.027793388396018158
873db251effffff,Pratapgarh,Rajasthan,0.14894403337246842,0.025850307203021203
873d92cb6ffffff,Khargone,Madhya Pradesh,0.16026075342641666,0.0030226952324580933
873d9b69dffffff,Mandla,Madhya Pradesh,0.08300183312937398,0.006137693901452648
876088c29ffffff,Pune,Maharashtra,0.17705843570468713,0.03107756048839732
876099682ffffff,Dang,Gujarat,0.1663708829069623,0.03512855759054513
873c84c23ffffff,Janjgir Champa,Chhattisgarh,0.1040394949437046,0.06169028649325098
873c8c8daffffff,Mayurbhanj,Odisha,0.028290196848365992,0.028720809428122183
8742c531affffff,Kutch,Gujarat,0.19126129824940424,0.06142467477064357
873ceccd1ffffff,Nagaon,Assam,0.0420694179484083,0.0
8760a4861ffffff,Y.S.R. Kadapa,Andhra Pradesh,0.1267760937062642,0.0
873d06d45ffffff,Leh,Ladakh,0.06649764271365464,0.016899033191608157
873caa908ffffff,Khunti,Jharkhand,0.10490693848953803,0.028697585321555003
873ce8870ffffff,Golaghat,Assam,0.052341238113437785,0.0
873cc3c08ffffff,Lunglei,Mizoram,0.08817000249389743,0.047870050022182455
8742c4028ffffff,Kutch,Gujarat,0.2173363336131957,0.060462841788151304
8742c825bffffff,Dahod,Gujarat,0.16495901977712693,0.0656763130592027
873d11ce6ffffff,Uttarkashi,Uttarakhand,0.16501716264332578,0.06976382947064227
873c5c6ccffffff,Upper Dibang Valley,Arunachal Pradesh,0.08712424366108393,0.08662862132304323
8760956d8ffffff,Washim,Maharashtra,0.1255881816938415,0.021587310670617588
873d05cf5ffffff,Leh,Ladakh,0.07272392529799497,0.017706862744730427
876036c43ffffff,Ariyalur,Tamil Nadu,0.2645567035844748,0.21176115803219875
873cb1534ffffff,Raipur,Chhattisgarh,0.1054933740701299,0.07091384457336114
876092101ffffff,Betul,Madhya Pradesh,0.22365601877070898,0.0
87608c0cdffffff,Satara,Maharashtra,0.17909687278500255,0.0
873c5e20cffffff,East Siang,Arunachal Pradesh,0.13633562916952174,0.16440965373449856
8760b6a2cffffff,Mulugu,Telangana,0.09474981952920118,0.05322742821489215
8742ca29effffff,Narmada,Gujarat,0.18867057868047504,0.018887738759633548
87618945bffffff,Kolar,Karnataka,0.1234029949473993,0.013083400226994285
8742db466ffffff,Palghar,Maharashtra,0.2747808447910299,0.07142237736639348
8742ce873ffffff,Ahmedabad,Gujarat,0.19694062340119717,0.02517403588231199
873db344effffff,Mandsaur,Madhya Pradesh,0.15412714383648288,0.060851619415876794
8760ac013ffffff,Gadag,Karnataka,0.1704401839583028,0.0
873d9c950ffffff,Lalitpur,Uttar Pradesh,0.09868603548292786,0.03599452109354733
8760a1c0bffffff,Kurnool,Andhra Pradesh,0.11140853344982603,0.0
873ce88f5ffffff,Golaghat,Assam,0.0815593240364791,0.0
8760b34f2ffffff,Adilabad,Telangana,0.09228868594246455,0.02005128268707978
873cf6575ffffff,Bankura,West Bengal,0.06954497526670952,0.022753070566630427
873d314b4ffffff,Chamba,Himachal Pradesh,0.07488897219326662,0.01867031875016203
873dac8e1ffffff,Bijnor,Uttar Pradesh,0.2425697326758731,0.05850960234450303
873d9daf5ffffff,Chhatarpur,Madhya Pradesh,0.10378927500014551,0.029450329898162556
873da6893ffffff,Churu,Rajasthan,0.1535902942523571,0.0
87209a31affffff,Muzaffarabad,Jammu and Kashmir,0.16262726857897716,0.05002339835838892
8742cc361ffffff,Sabarkantha,Gujarat,0.20150818007082216,0.06130076073124865
873cea704ffffff,Imphal West,Manipur,0.0652639600476668,0.0
872098a70ffffff,Leh,Ladakh,0.19089616325871817,0.05002339835838892
873c59589ffffff,Anjaw,Arunachal Pradesh,0.08084632753836442,0.04534719210099469
8742c30a5ffffff,Rajkot,Gujarat,0.18466988423746458,0.06019968027621744
8760b0898ffffff,Jayashankar Bhupalapally,Telangana,0.11662141057583748,0.00033725765025283957
87618ca83ffffff,Chengalpattu,Tamil Nadu,0.3069608524079925,0.042477541356233606
87619a411ffffff,Bhadradri Kothagudem,Telangana,0.07578114965384494,0.0513587519277264
8742c285cffffff,Jamnagar,Gujarat,0.1969812931519521,0.042854583870289016
873c9c874ffffff,Ganjam,Odisha,0.09396023997894713,0.036965710343525
873d04648ffffff,Leh,Ladakh,0.07214059863645178,0.011814641562699832
87618bd95ffffff,Y.S.R. Kadapa,Andhra Pradesh,0.10977945851906738,0.0
873c9489affffff,Narayanpur,Chhattisgarh,0.0997927559996246,0.048800746699020056
8742eba86ffffff,Sirohi,Rajasthan,0.19666091080297537,0.06672518417398347
8742cb463ffffff,Alirajpur,Madhya Pradesh,0.1545187649692488,0.0253752183348559
873d822d2ffffff,Lalitpur,Uttar Pradesh,0.09868603548292786,0.03386893898571913
873d81342ffffff,Jalaun,Uttar Pradesh,0.2644798523828394,0.0
8742c80e9ffffff,Panchmahal,Gujarat,0.1863186682147373,0.025663894485768494
873d1e891ffffff,Chamoli,Uttarakhand,0.13788356957174433,0.029127409903172488
873d9db48ffffff,Chhatarpur,Madhya Pradesh,0.11974719909522481,0.00988783002002518
873c5e2dcffffff,Dhemaji,Assam,0.07066432737295605,0.08954596000295091
8760b3b28ffffff,Nizamabad,Telangana,0.11198216623601646,0.02218409158720132
8742e8099ffffff,Jalore,Rajasthan,0.18024285528559247,0.009346791952014172
873ca4b5dffffff,Rewa,Madhya Pradesh,0.015449928231171722,0.060892571809184316
8760150ebffffff,Kodagu,Karnataka,0.18502465193881412,0.010980256809021665
873d906a4ffffff,Sehore,Madhya Pradesh,0.1273776767238726,0.0
8760b1164ffffff,Medak,Telangana,0.1156672318234734,0.0
8742e3426ffffff,Kutch,Gujarat,0.18734564602040982,0.01958830753456732
873da591cffffff,Hisar,Haryana,0.1549893407456937,0.014956154948709641
873c81a26ffffff,Kendujhar,Odisha,0.038406919030068716,0.04211897473570225
87619ac04ffffff,West Godavari,Andhra Pradesh,0.07821146278571593,0.012309411017299945
873c110b2ffffff,Muzaffarpur,Bihar,0.09337661842967988,0.0
873caca4dffffff,Nawada,Bihar,0.07668300171097307,0.016855803254859646
873c186d9ffffff,Katihar,Bihar,0.0333975467543106,0.0
873d16d2dffffff,Barnala,Punjab,0.30693385168074405,0.0
873caa36dffffff,Saraikela-Kharsawan,Jharkhand,0.09969085525689714,0.023381020092187767
873ca41a6ffffff,Sidhi,Madhya Pradesh,0.08419867848505422,0.0758608798105344
873d26974ffffff,Leh,Ladakh,0.15436986050367713,0.028300583260580565
873c1e034ffffff,Samastipur,Bihar,0.10808132500208822,0.49718228130599496
87618c694ffffff,Thiruvallur,Tamil Nadu,0.09563619728754465,0.05134290903185009
873d354eaffffff,Kishtwar,Jammu and Kashmir,0.11612954660052421,0.028135519209982824
873d201aeffffff,Leh,Ladakh,0.0714717049141058,0.013350349599802691
873cc34a1ffffff,Saiha,Mizoram,0.08744364128332131,0.009679818330408423
873d8938affffff,Ambedkar Nagar,Uttar Pradesh,0.05772548308886409,0.08350798866180123
8760a1231ffffff,Koppal,Karnataka,0.09897451788429071,0.0
87619a8daffffff,West Godavari,Andhra Pradesh,0.08711404347904161,0.03074861020786337
8760b08e6ffffff,Warangal Urban,Telangana,0.09699709831725553,0.0
873d2e004ffffff,Leh,Ladakh,0.072447806491493,0.01415817915292496
873d8ed14ffffff,Jhansi,Uttar Pradesh,0.1377200461794194,0.010685495231963289
873dabcd4ffffff,Hardoi,Uttar Pradesh,0.16496843322555071,0.05305206938218874
876011a70ffffff,Kasaragod,Kerala,0.260386283076878,0.05625244558056419
873d94cdcffffff,Ratlam,Madhya Pradesh,0.16326609142660894,0.01607826222185637
8760b5d49ffffff,Nalgonda,Telangana,0.12124645634544656,0.0
873ca0994ffffff,Koriya,Chhattisgarh,0.09202885527986034,0.007140310738011487
8761994d6ffffff,Prakasam,Andhra Pradesh,0.12030478475488236,0.0
8760a9c52ffffff,South Goa,Goa,0.1549347680678877,0.03334495911340996
87209d016ffffff,Leh,Ladakh,0.1732625848721103,0.05420847782524122
873d22935ffffff,Leh,Ladakh,0.09125179557408014,0.01950687467949458
873c1c502ffffff,Madhubani,Bihar,0.0875610094474951,0.0
87603068dffffff,Erode,Tamil Nadu,0.2532358072658174,0.009137223534229527
876016348ffffff,Tumakuru,Karnataka,0.12029456573100124,0.0
873d8a259ffffff,Rewa,Madhya Pradesh,0.12431999447504848,0.06131304059125797
873d888b0ffffff,Rae Bareli,Uttar Pradesh,0.14949646151271911,0.07013542442775358
873d9cd98ffffff,Vidisha,Madhya Pradesh,0.09999605439279849,0.027013425643496455
873d35d08ffffff,Ganderbal,Jammu and Kashmir,0.1544771929380035,0.029094956312004868
873db26ccffffff,Mandsaur,Madhya Pradesh,0.15159183195253526,0.025528977440458994
873da568cffffff,Jhajjar,Haryana,0.11356839756688979,0.017322857479237935
8742c2853ffffff,Jamnagar,Gujarat,0.1969812931519521,0.042854583870289016
876095575ffffff,Yavatmal,Maharashtra,0.10771696930837867,0.021223467746908996
873c128e2ffffff,Kaimur,Bihar,0.12704156847940076,0.04470733358404494
873d9c9b1ffffff,Sagar,Madhya Pradesh,0.0999702163626541,0.03989583695201129
873cf600effffff,Purba Bardhaman,West Bengal,0.07529070704531014,0.020406735483717065
876033109ffffff,Coimbatore,Tamil Nadu,0.23742494966993322,0.011022646275847082
87608b499ffffff,Palghar,Maharashtra,0.2750779254431031,0.09953688670849521
873db5332ffffff,Ajmer,Rajasthan,0.1688255413968961,0.041100906392326546
87619ab4bffffff,Krishna,Andhra Pradesh,0.07040267504456385,0.003790010172369097
873cb035affffff,Durg,Chhattisgarh,0.1054933740701299,0.07014310367891013
873c16a5affffff,Mau,Uttar Pradesh,0.11920105212002192,0.0
873ced58bffffff,Golaghat,Assam,0.07650155119943945,0.018052613812758803
873cb07a1ffffff,Balod,Chhattisgarh,0.11127540413703974,0.05725282758262265
873cb4222ffffff,Balaghat,Madhya Pradesh,0.09085579965767493,0.006197611933396895
873d9da72ffffff,Panna,Madhya Pradesh,0.12179234597478399,0.029541038190487232
8742dc19dffffff,Gir Somnath,Gujarat,0.18711611048125862,0.05046196368107986
876016240ffffff,Tumakuru,Karnataka,0.11368010738080507,0.0021692860695003264
873db598cffffff,Nagaur,Rajasthan,0.1578625607331709,0.03745466196958579
873ca08cdffffff,Singrauli,Madhya Pradesh,0.10820463417026012,0.04328871437598013
873c9c95affffff,Ganjam,Odisha,0.09396023997894713,0.036965710343525
87618a134ffffff,S.P.S. Nellore,Andhra Pradesh,0.16816569462932818,0.0
873ca9229ffffff,Birbhum,West Bengal,0.0500179883295154,0.06171804440910417
873cf418cffffff,Birbhum,West Bengal,0.040291053453255045,0.0
873ca6164ffffff,Shahdol,Madhya Pradesh,0.10005705249255648,0.06381440085466271
873d965b4ffffff,Dhar,Madhya Pradesh,0.15387418439835138,0.013077852202083257
873d85488ffffff,Morena,Madhya Pradesh,0.11549950040421327,0.03706965642656287
873c531aaffffff,Kurung Kumey,Arunachal Pradesh,0.05990069483558813,0.01157828003355567
87609dab0ffffff,Ahmednagar,Maharashtra,0.15100360628033513,0.044588978460049576
873d92703ffffff,Khandwa,Madhya Pradesh,0.11013835554195463,0.0021704110989397554
873d2ada1ffffff,Leh,Ladakh,0.04866429340191862,0.01415817915292496
873ce1672ffffff,West Karbi Anglong,Assam,0.07957456619920966,0.021148044668891176
873c1acc0ffffff,Banka,Bihar,0.09037262329447233,0.023567630666054412
873d8569bffffff,Gwalior,Madhya Pradesh,0.11777490330894665,0.02908253273315674
87609a0a8ffffff,Barwani,Madhya Pradesh,0.16947551663587151,0.005392538030570707
8742db72affffff,Palghar,Maharashtra,0.15873129468232944,0.0665041603415784
87618d935ffffff,Kallakurichi,Tamil Nadu,0.2965151180006129,0.0
873cb2300ffffff,Uttar Bastar Kanker,Chhattisgarh,0.09365876268006099,0.08017780032321996
873c9cda5ffffff,Gajapati,Odisha,0.027339700433258066,0.09188167439792139
873c52d09ffffff,Tawang,Arunachal Pradesh,0.07913709475809745,0.0
873db38e3ffffff,Bundi,Rajasthan,0.1537347415714483,0.011391627988059757
873c889a6ffffff,Balasore,Odisha,0.10642500541061564,0.05948377321318372
876010806ffffff,Hassan,Karnataka,0.11523441245650258,0.018254467388590243
873d14093ffffff,Shahid Bhagat Singh Nagar,Punjab,0.3026144557002874,0.028497920702161037
873cc558bffffff,North Tripura,Tripura,0.0883893900419181,0.03195878658664207
8760a4b9bffffff,Y.S.R. Kadapa,Andhra Pradesh,0.13486156778383374,0.0
873c58948ffffff,Upper Dibang Valley,Arunachal Pradesh,0.08090117295267162,0.025248055450374965
8742593b6ffffff,Bikaner,Rajasthan,0.1643582151666632,0.04946934632159061
873d86762ffffff,Baran,Rajasthan,0.1073777386577515,0.046382196956336275
873d82741ffffff,Ashoknagar,Madhya Pradesh,0.10693795759509057,0.022417358277776897
87608c6dbffffff,Satara,Maharashtra,0.18297099396850766,0.027795840934553003
8742ea5b6ffffff,Kutch,Gujarat,0.19098072989579612,0.03297612427495107
873db510affffff,Ajmer,Rajasthan,0.1677161515326689,0.04086222682898846
87601618dffffff,Anantapur,Andhra Pradesh,0.10643633400526027,0.0
873c82da4ffffff,Kalahandi,Odisha,0.06581922457717623,0.10894400267840759
87609c092ffffff,Jalna,Maharashtra,0.1871828316685397,0.0018108341021200879
8760b205bffffff,Komaram Bheem,Telangana,0.11930918025785127,0.057298259825980975
873c5c04effffff,Upper Dibang Valley,Arunachal Pradesh,0.16790107801742796,0.0856947887653594
873d346e2ffffff,Reasi,Jammu and Kashmir,0.1315394844406053,0.029229973839317667
873caaa20ffffff,Saraikela-Kharsawan,Jharkhand,0.10364439533091278,0.01936251999192585
87608a85affffff,Pune,Maharashtra,0.2699475679108016,0.07118546314474575
87425b674ffffff,Nagaur,Rajasthan,0.1679678607260921,0.009431561208753908
8742c3221ffffff,Botad,Gujarat,0.19833532132223125,0.03916839207246712
87209978cffffff,Leh,Ladakh,0.1439428812032819,0.02856939769137792
8742eb911ffffff,Jalore,Rajasthan,0.17968299073700483,0.05149733594539125
873c8e740ffffff,Kendrapara,Odisha,0.12775191448237153,0.022490135986038672
873da342bffffff,Dausa,Rajasthan,0.10624629975866465,0.021568913925056003
8742ce958ffffff,Ahmedabad,Gujarat,0.194947043437524,0.04512086953267572
8760322ccffffff,Chamarajanagara,Karnataka,0.30273061171297505,0.00624876273345268
8742c8376ffffff,Mahisagar,Gujarat,0.1815748343089174,0.03196735898946826
876085a88ffffff,Vijayapura,Karnataka,0.10888070232852905,0.0
873d937abffffff,Hoshangabad,Madhya Pradesh,0.10376527824575765,0.0008722605207724192
87619b6f6ffffff,Suryapet,Telangana,0.11996227546572032,0.0
876034a22ffffff,Virudhunagar,Tamil Nadu,0.294483264861226,0.0
87608e8f0ffffff,Pune,Maharashtra,0.15582262986294054,0.004462276372364089
8742483acffffff,Sri Muktsar Sahib,Punjab,0.3201553574311364,0.0
873c14d19ffffff,Basti,Uttar Pradesh,0.13231483995497412,0.01824087909892603
873d12380ffffff,Muzaffarnagar,Uttar Pradesh,0.2739149107159859,0.06742691689246878
874252b5bffffff,Jaisalmer,Rajasthan,0.13789359363530565,0.1194507957109808
873da38ddffffff,Bharatpur,Rajasthan,0.10224638876551777,0.029892752059827814
873db018effffff,Bhilwara,Rajasthan,0.15071061180946124,0.03193730072689969
876006594ffffff,Wayanad,Kerala,0.12127234319546758,0.007283859006510627
873d9a040ffffff,Seoni,Madhya Pradesh,0.20407686577024362,0.0
873d1598bffffff,Kullu,Himachal Pradesh,0.130204823404957,0.018069153071395613
873d90d62ffffff,Ujjain,Madhya Pradesh,0.1289792191971209,0.00452342057610242
873db5995ffffff,Nagaur,Rajasthan,0.15866893985727232,0.03708215807025174
873d85030ffffff,Dholpur,Rajasthan,0.11186234504512609,0.02835567402669839
873da00dbffffff,Alwar,Rajasthan,0.12001435686156926,0.06415356253212427
8742e90b2ffffff,Jalore,Rajasthan,0.1852059007513316,0.020612913365373572
873d9854affffff,Damoh,Madhya Pradesh,0.10710329232895541,0.011455827394243069
8760aa868ffffff,Bagalkote,Karnataka,0.15202192300304251,0.0
873c10d4cffffff,Deoria,Uttar Pradesh,0.11112193930171417,0.0
873daca8dffffff,Bijnor,Uttar Pradesh,0.25164644627650423,0.05191177829835931
87608a365ffffff,Raigad,Maharashtra,0.19102440600347453,0.08952346905734183
873d934a5ffffff,Harda,Madhya Pradesh,0.10469311925408657,0.016465949597346385
873d9bb2affffff,Jabalpur,Madhya Pradesh,0.14684600581178303,0.010798898862601191
873d9b045ffffff,Mandla,Madhya Pradesh,0.09120651446648212,0.018728788858866148
873c12ce9ffffff,Kaimur,Bihar,0.1223467368414026,0.05496655587490655
873ca375dffffff,Jashpur,Chhattisgarh,0.14206112183687203,0.05944918926070773
876014b11ffffff,Chamarajanagara,Karnataka,0.24792296478064302,0.007720252800895676
876033aa8ffffff,Coimbatore,Tamil Nadu,0.20304339400813046,0.02013187462002967
873d9d660ffffff,Panna,Madhya Pradesh,0.0676092736149361,0.08349144250464809
873c1808bffffff,Purnia,Bihar,0.0698832656109242,0.0
876035359ffffff,Idukki,Kerala,0.07349890675572202,0.03430032178421226
8742c439cffffff,Kutch,Gujarat,0.20242323500278614,0.06538255539658877
8760a3344ffffff,Yadgir,Karnataka,0.1129884556142861,0.0
873d0062effffff,Leh,Ladakh,0.06854358614278735,0.01415817915292496
874253116ffffff,Jaisalmer,Rajasthan,0.16696335889412697,0.17886253856282464
873da5653ffffff,Jhajjar,Haryana,0.11394697135401673,0.05320909108193393
873ca212dffffff,Korba,Chhattisgarh,0.10423418201354742,0.0014524369554419826
8760816daffffff,Ahmednagar,Maharashtra,0.15649408201994644,0.0043637681586234985
8760aa84bffffff,Bagalkote,Karnataka,0.15230249135665064,0.0
873d912cdffffff,Vidisha,Madhya Pradesh,0.109175501704525,0.009352169245396568
874253252ffffff,Jaisalmer,Rajasthan,0.18166064889860764,0.0388053320558976
873d89459ffffff,Pratapgarh,Uttar Pradesh,0.11809600928864165,0.06059567132542943
873c806eeffffff,Boudh,Odisha,0.11802745812407142,0.02089468674263399
87608b814ffffff,Raigad,Maharashtra,0.39080998808367245,0.06677511296213964
873d9e040ffffff,Raisen,Madhya Pradesh,0.10097185847536937,0.02163917842173566
873c53d49ffffff,Kurung Kumey,Arunachal Pradesh,0.07974751173966821,0.0008968215944351174
873ce30a1ffffff,East Khasi Hills,Meghalaya,0.08774658749820137,0.07603583423413705
873d356e9ffffff,Kishtwar,Jammu and Kashmir,0.06635603500641835,0.011981883015784688
873c85413ffffff,Sambalpur,Odisha,0.0936696300604225,0.06491997561442507
873cb0984ffffff,Gondia,Maharashtra,0.1388158415519758,0.06116125181959272
873c5c4edffffff,Upper Siang,Arunachal Pradesh,0.05415783366334573,0.06895403689787687
876093823ffffff,Amravati,Maharashtra,0.10470533762894965,0.013005860410873177
8742cc611ffffff,Gandhinagar,Gujarat,0.19845888012578067,0.03872797236272083
873ca26f6ffffff,Janjgir Champa,Chhattisgarh,0.10559997625967985,0.05087931030938511
87608895bffffff,Satara,Maharashtra,0.16564321284777234,0.05429485839064223
873c1b815ffffff,Uttar Dinajpur,West Bengal,0.038700652967089695,0.0
873dac71bffffff,Sambhal,Uttar Pradesh,0.2505735606266569,0.05184565943556607
873cb16c6ffffff,Mahasamund,Chhattisgarh,0.09990292865731731,0.05858818194469378
8760869a2ffffff,Kamareddy,Telangana,0.1086783710726429,0.00181770516050866
873c9146bffffff,Vizianagaram,Andhra Pradesh,0.09232564301967638,0.016003815895304512
873c8630effffff,Balangir,Odisha,0.09991215007387184,0.05029752500706163
873d8d69bffffff,Amethi,Uttar Pradesh,0.12047503768434804,0.07999762623520923
876083290ffffff,Ahmednagar,Maharashtra,0.1564505497905247,0.044751878959117766
873d8bcd0ffffff,Rewa,Madhya Pradesh,0.1380909257537689,0.009875395430827057
873c53775ffffff,Lower Subansiri,Arunachal Pradesh,0.09008931796688043,0.003094270721384293
873d92903ffffff,Indore,Madhya Pradesh,0.12816681723081896,0.007007559640678907
876031168ffffff,Ernakulam,Kerala,0.193443768370629,0.025851643697657505
873c86936ffffff,Mahasamund,Chhattisgarh,0.10432860499858342,0.060127522319913924
873c5e0abffffff,Lepa Rada,Arunachal Pradesh,0.07293352197026803,0.06737620540537549
873db12daffffff,Sawai Madhopur,Rajasthan,0.12116311650258771,0.03803223061949498
8760b4b18ffffff,Khammam,Telangana,0.08738577444337135,0.0
87608254affffff,Parbhani,Maharashtra,0.11096799123213821,0.03663859043146319
873c5acf4ffffff,Charaideo,Assam,0.04165063103442732,0.0
873d2206dffffff,Leh,Ladakh,0.07709695939735337,0.013350349599802691
873c1360affffff,Nalanda,Bihar,0.07827026936137682,0.013606674804083447
8760b22caffffff,Chandrapur,Maharashtra,0.0905766452154997,0.01983580226289781
874258b0dffffff,Bikaner,Rajasthan,0.20176516016219373,0.0
87425b690ffffff,Nagaur,Rajasthan,0.16466880854909605,0.030090410200122885
87618b012ffffff,Y.S.R. Kadapa,Andhra Pradesh,0.10432376271495361,0.0
8742c3023ffffff,Rajkot,Gujarat,0.18939163946392087,0.061217840341346745
873d0294effffff,Leh,Ladakh,0.09237134116258477,0.020188318936625062
8760a530bffffff,Anantapur,Andhra Pradesh,0.10826387038721803,0.0
873db6ce9ffffff,Pali,Rajasthan,0.17076706772928113,0.029433111615818842
873d8c48effffff,Hamirpur,Uttar Pradesh,0.14614999943637724,0.3956087791853161
8760911b2ffffff,Akola,Maharashtra,0.14449403336328387,0.008259054072166256
873d8ad75ffffff,Banda,Uttar Pradesh,0.14761989670066106,0.05050376420113324
872099ae9ffffff,Leh,Ladakh,0.14652355063018346,0.02682868840529637
873c59536ffffff,Anjaw,Arunachal Pradesh,0.07699942946040435,0.024781797133641283
876098a26ffffff,Jalgaon,Maharashtra,0.17580068390189355,0.004689503207319309
876080134ffffff,Latur,Maharashtra,0.10460049876855232,0.0
87425825cffffff,Bikaner,Rajasthan,0.17585537578260416,0.020837595567564402
8742e8c2affffff,Barmer,Rajasthan,0.1844582162109103,0.019827831668363466
873dac4c1ffffff,Amroha,Uttar Pradesh,0.25236258106994713,0.0547476721741936
87609ba32ffffff,Dhule,Maharashtra,0.16234081583044732,0.03099572559275526
873c1e2f1ffffff,Madhepura,Bihar,0.08118489216194917,0.0
8742cb54affffff,Alirajpur,Madhya Pradesh,0.1545187649692488,0.02552000543094885
873d85698ffffff,Gwalior,Madhya Pradesh,0.11777490330894665,0.02908253273315674
873d9e59effffff,Hoshangabad,Madhya Pradesh,0.11933778203372523,0.012002760392472655
873c82570ffffff,Rayagada,Odisha,0.09156170532220798,0.11032269172486218
873c91764ffffff,Srikakulam,Andhra Pradesh,0.06447736941290132,0.0
873d31728ffffff,Kargil,Ladakh,0.06553100381271289,0.011006812009577562
8742ed86cffffff,Jaisalmer,Rajasthan,0.18110078435002,0.04256982309087109
8742cb60effffff,Dhar,Madhya Pradesh,0.1555770268223445,0.025353504988467074
874253295ffffff,Jaisalmer,Rajasthan,0.18111114323689195,0.04416628061070765
8760aeab6ffffff,Bagalkote,Karnataka,0.1467455058034614,0.0
8742cd6e3ffffff,Dungarpur,Rajasthan,0.16520517195455978,0.06514128463537641
8760996c2ffffff,Dang,Gujarat,0.20068467542961874,0.029896042199703883
873ced304ffffff,Sivasagar,Assam,0.0859542115614412,0.0029256890489123186
876099696ffffff,Dang,Gujarat,0.17817200229733346,0.03456638221176112
873cb02d2ffffff,Balod,Chhattisgarh,0.1040353128875617,0.06323061095688853
8720988e0ffffff,Leh,Ladakh,0.1765864091578002,0.0499758275632629
876084432ffffff,Bidar,Karnataka,0.10697552864864977,0.0022554376280324515
873d16864ffffff,Fatehgarh Sahib,Punjab,0.31774113623685435,0.03510545150995896
873d00841ffffff,Leh,Ladakh,0.08712583867693335,0.011814641562699832
873caa8eeffffff,West Singhbhum,Jharkhand,0.11616968780994828,0.01799789636220442
873c8dc06ffffff,Jhargram,West Bengal,0.09072672063847449,0.02244879941390939
87425c219ffffff,Bikaner,Rajasthan,0.16714929456371555,0.13870568584427978
87209b121ffffff,Muzaffarabad,Jammu and Kashmir,0.1551565237637506,0.02856939769137792
876082d49ffffff,Parbhani,Maharashtra,0.10804823264209976,0.061504294695692886
873db06dcffffff,Chittorgarh,Rajasthan,0.1481239544705086,0.02357982638745432
87608e31dffffff,Pune,Maharashtra,0.15019886108938343,0.010006411373383602
873c8c412ffffff,Kendujhar,Odisha,0.11387980508290209,0.024397371022551677
873d02a21ffffff,Leh,Ladakh,0.09233487755727604,0.01888148813193858
873d8a66affffff,Rewa,Madhya Pradesh,0.08927894185593524,0.06819861926960556
873d8c868ffffff,Hardoi,Uttar Pradesh,0.13188561947560185,0.08836890849308396
873c952b1ffffff,Rayagada,Odisha,0.098330627992646,0.10488237078256729
873cb358effffff,Kondagaon,Chhattisgarh,0.11572660509574725,0.023768708623181794
873d3328bffffff,Kullu,Himachal Pradesh,0.1380200792047527,0.02041281811497175
87209a295ffffff,Muzaffarabad,Jammu and Kashmir,0.15594520738949422,0.045686503824776056
8760145a8ffffff,Bengaluru Urban,Karnataka,0.11518648103900254,0.017038037170895005
8742cc881ffffff,Patan,Gujarat,0.1941604199148858,0.056187189011380444
873d84668ffffff,Morena,Madhya Pradesh,0.10297300698769667,0.06510753073010425
87425aa4affffff,Jodhpur,Rajasthan,0.17176505813850612,0.03633132130791553
8742c2c52ffffff,Porbandar,Gujarat,0.18715140235027855,0.021675099226824108
8742dd88effffff,Bhavnagar,Gujarat,0.19881607768135967,0.02019814132362154
8760f6ce5ffffff,Sindhudurg,Maharashtra,0.3301330222232873,0.04657636784638894
876198618ffffff,Guntur,Andhra Pradesh,0.13506909835316536,0.3615928983823096
873ca5258ffffff,Sonbhadra,Uttar Pradesh,0.07822296601817304,0.09630193404004637
873d98650ffffff,Jabalpur,Madhya Pradesh,0.27326910043397423,0.024779390411876438
8742ee4a4ffffff,Kutch,Gujarat,0.18769055659162487,0.061152591777562014
873c3650cffffff,Lakhimpur Kheri,Uttar Pradesh,0.1625402711441981,0.09647003947032391
873c36466ffffff,Bahraich,Uttar Pradesh,0.1625402711441981,0.09234266587560597
8742db30affffff,Nashik,Maharashtra,0.45450664841512023,0.04345824826498267
873c8e62cffffff,Jagatsinghpur,Odisha,0.12779075679280158,0.0
873d116e9ffffff,Rudraprayag,Uttarakhand,0.15862932740217967,0.0679926398023445
873db11a3ffffff,Tonk,Rajasthan,0.1662912490735488,0.039945433786188984
873c90ad9ffffff,Koraput,Odisha,0.15729047746662522,0.11361286117334668
876014babffffff,Mysuru,Karnataka,0.23520655026989204,0.007550174963148083
873da2205ffffff,Dausa,Rajasthan,0.12051853593169029,0.02026840319308343
8760ab874ffffff,Kolhapur,Maharashtra,0.2745736435809554,0.0
8742ebceeffffff,Banaskantha,Gujarat,0.19768406516099973,0.07240192819764688
8742c24d3ffffff,Junagadh,Gujarat,0.34835583295628,0.05352852083885954
873d34093ffffff,Rajouri,Jammu and Kashmir,0.15522861483358302,0.029260194144155875
8742c446cffffff,Kutch,Gujarat,0.30872850881195735,0.04542178627025356
873cf282effffff,North 24 Parganas,West Bengal,0.07851705607803441,0.0
8760a4c90ffffff,Prakasam,Andhra Pradesh,0.10765563812011343,0.0
873d3435cffffff,Pulwama,Jammu and Kashmir,0.12282886020518631,0.023797350646109335
873cac9abffffff,Aurangabad,Bihar,0.060932410100053895,0.014109954786881427
873d81653ffffff,Jalaun,Uttar Pradesh,0.1380497408064431,0.45936172232001776
873c5aac1ffffff,Changlang,Arunachal Pradesh,0.08071188538735999,0.04254149413199078
873da865effffff,Shahjahanpur,Uttar Pradesh,0.3431281424162006,0.04831317090722809
876031600ffffff,Palakkad,Kerala,0.22184760311007745,0.007247139633549588
87603160affffff,Palakkad,Kerala,0.23204484986599128,0.01495082057101133
874249a6bffffff,Kapurthala,Punjab,0.3611034545255602,0.02965133218644615
87209b10cffffff,Muzaffarabad,Jammu and Kashmir,0.14697495452715517,0.02856939769137792
873c0ad85ffffff,South Sikkim,Sikkim,0.17269224758141813,0.02681388880444975
873d9c0b4ffffff,Sagar,Madhya Pradesh,0.10839294545937804,0.04838434887691736
873d2e896ffffff,Leh,Ladakh,0.07562665707141586,0.014002774417499569
873c81d68ffffff,Deogarh,Odisha,0.14272030512088213,0.04781249383692042
873d9cab2ffffff,Lalitpur,Uttar Pradesh,0.11387037859271326,0.025609859074117357
8742cd94effffff,Udaipur,Rajasthan,0.1871998043221601,0.03172624086175496
8760ac0aaffffff,Gadag,Karnataka,0.1695117415010364,0.0
873cb1a50ffffff,Janjgir Champa,Chhattisgarh,0.10338202008626571,0.060792505434826394
876010191ffffff,Tumakuru,Karnataka,0.11902245756573128,0.0
873c80964ffffff,Jharsuguda,Odisha,0.04600234075549743,0.08247543078736726
873d31c25ffffff,Kishtwar,Jammu and Kashmir,0.06470999580516593,0.014170015870584425
873d02968ffffff,Leh,Ladakh,0.09237134116258477,0.01387985956817394
873dab853ffffff,Lakhimpur Kheri,Uttar Pradesh,0.16496843322555071,0.05203977845367128
8760326f3ffffff,Krishnagiri,Tamil Nadu,0.22096211196024093,0.007267134739994273
87619b780ffffff,Suryapet,Telangana,0.07970843436049961,0.0
8742cea83ffffff,Ahmedabad,Gujarat,0.1970728708796078,0.061682854852644145
873d9ba04ffffff,Dindori,Madhya Pradesh,0.2549864579036588,0.035861691007029385
873c93199ffffff,Visakhapatnam,Andhra Pradesh,0.09924257064170719,0.0002619639069206223
876095560ffffff,Yavatmal,Maharashtra,0.10771696930837867,0.02338422313450203
87209d289ffffff,Leh,Ladakh,0.15337851879354178,0.029094956312004868
87619a041ffffff,Krishna,Andhra Pradesh,0.07247601417756855,0.008768679652092055
873c19c9affffff,Uttar Dinajpur,West Bengal,0.053935080770776245,0.002667199051586775
873d358cbffffff,Kargil,Ladakh,0.11516642636502625,0.022158256573904887
873cab4c9ffffff,East Singhbhum,Jharkhand,0.08662733729268161,0.019322668577295914
873ce0c94ffffff,West Garo Hills,Meghalaya,0.06081029583725161,0.038193978061533386
873d22868ffffff,Leh,Ladakh,0.06868136099669227,0.013194944864377302
873db2cddffffff,Udaipur,Rajasthan,0.15195060966388352,0.02230347414571304
87619bdb1ffffff,Krishna,Andhra Pradesh,0.08234758722806847,0.014426049744202201
876086c2dffffff,Nizamabad,Telangana,0.11667817446269031,0.023376250991548025
873cb3b00ffffff,Dhamtari,Chhattisgarh,0.10488129911080848,0.05773345644522816
873c328d6ffffff,Balrampur,Uttar Pradesh,0.16027316243909373,0.002786903444106137
873d122ebffffff,Bijnor,Uttar Pradesh,0.2739149107159859,0.031170306749896688
873d825b0ffffff,Guna,Madhya Pradesh,0.12233403050960301,0.0447001038169382
873cb6760ffffff,Gadchiroli,Maharashtra,0.07838532138401291,0.019500686192525145
873d89d5dffffff,Amethi,Uttar Pradesh,0.06612204729495957,0.06186722204868417
873c9621effffff,Malkangiri,Odisha,0.0698752970971212,0.07056384601413868
873d15812ffffff,Kullu,Himachal Pradesh,0.12986966184363005,0.020164134488577075
873d8cce0ffffff,Kanpur Dehat,Uttar Pradesh,0.31691215224275193,0.012674882712411406
8760110c5ffffff,Dakshina Kannada,Karnataka,0.13018835783357602,0.029539306420529276
876189a86ffffff,Krishnagiri,Tamil Nadu,0.17726453598602862,0.016804464969451892
873cb5081ffffff,Kabeerdham,Chhattisgarh,0.07780483248412588,0.06320539004119588
873d130b3ffffff,Pauri Garhwal,Uttarakhand,0.33716511024065554,0.02889903532315334
87609ed20ffffff,Buldhana,Maharashtra,0.10701558289023722,0.01722843130981972
873d2411cffffff,Leh,Ladakh,0.13829578144284266,0.016600532331244883
873ca1b2affffff,Palamu,Jharkhand,0.11017386411395404,0.0857492390714455
876098ca6ffffff,Jalgaon,Maharashtra,0.14925325229040404,0.024670605407880287
873db3235ffffff,Kota,Rajasthan,0.12671542206001463,0.044837186418211064
873cc46c9ffffff,Dhalai,Tripura,0.08905303552762726,0.01952960829972594
873db4483ffffff,Pali,Rajasthan,0.18331422048643675,0.04187453920669515
873cadaaeffffff,Jamui,Bihar,0.07580906424242531,0.02096847453028831
873d13852ffffff,Tehri Garhwal,Uttarakhand,0.12777640296414539,0.031681030265226395
8742e955cffffff,Jalore,Rajasthan,0.1823049145697192,0.0
873d9a10effffff,Chhindwara,Madhya Pradesh,0.3414851836432098,0.0
87618bdaaffffff,Y.S.R. Kadapa,Andhra Pradesh,0.10173763989686092,0.0
87209d711ffffff,Leh,Ladakh,0.1753460861266047,0.0541287541544285
8760ad745ffffff,Uttara Kannada,Karnataka,0.15387446531194895,0.0
873d95334ffffff,Guna,Madhya Pradesh,0.10328904922986129,0.02398802193109505
87609a649ffffff,Dhar,Madhya Pradesh,0.17086931991691107,0.006369268052557564
8760b432cffffff,Mahabubabad,Telangana,0.12423125640381025,0.0
873daca2dffffff,Bijnor,Uttar Pradesh,0.24387219677543412,0.05580215978434572
8760856b1ffffff,Osmanabad,Maharashtra,0.10144285548515276,0.0002077877454105458
8760b1468ffffff,Kamareddy,Telangana,0.09468957065019523,0.0022586293179998763
873d848a2ffffff,Sawai Madhopur,Rajasthan,0.12051853593169029,0.0342218197098629
873d16b28ffffff,Fatehgarh Sahib,Punjab,0.30227329943611286,0.10975249361482348
873d268f3ffffff,Leh,Ladakh,0.1189483796009761,0.028135519209982824
8742c8513ffffff,Anand,Gujarat,0.18857787797274367,0.00869629526345403
873d33ab3ffffff,Lahaul and Spiti,Himachal Pradesh,0.06364905167340654,0.02278962442849276
873d206abffffff,Leh,Ladakh,0.09228401043506029,0.013370736861325068
876086641ffffff,Nanded,Maharashtra,0.11011425552254937,0.06573173158539217
873c12213ffffff,Aurangabad,Bihar,0.06637596607194035,0.0
87608549cffffff,Osmanabad,Maharashtra,0.10424415889715499,0.0
873d90922ffffff,Agar Malwa,Madhya Pradesh,0.11497862380664366,0.009026174015868225
873d26604ffffff,Leh,Ladakh,0.10098939676066082,0.020912353720430637
873c1540affffff,West Champaran,Bihar,0.12404158007856615,0.06693255377380729
87609e8eaffffff,Buldhana,Maharashtra,0.12369472418932805,0.008941939654771303
876002d13ffffff,Kannur,Kerala,0.29483187030705565,0.022429746943692413
873d8a948ffffff,Banda,Uttar Pradesh,0.13337846944898524,0.06585868204701885
8760b1bb2ffffff,Medak,Telangana,0.1156672318234734,0.0
873ccc923ffffff,Kamjong,Manipur,0.16733150431693686,0.0
873c5c711ffffff,Upper Siang,Arunachal Pradesh,0.08112121527417018,0.029237611297167957
873c0a4a9ffffff,Kalimpong,West Bengal,0.1844053411697939,0.03309232322534184
873ce2bb3ffffff,South Garo Hills,Meghalaya,0.06598900389767157,0.010895358926979041
873da0b94ffffff,Mahendragarh,Haryana,0.11244517763249286,0.052385608698540566
873ced406ffffff,Jorhat,Assam,0.0710933422098299,0.0
8761994deffffff,Guntur,Andhra Pradesh,0.16905736478531386,0.0
8742c3d6dffffff,Rajkot,Gujarat,0.19814789812900643,0.05887519463971506
873da1701ffffff,Faridabad,Haryana,0.10977294883488291,0.058446435750321366
873d315a5ffffff,Chamba,Himachal Pradesh,0.07715798316604153,0.01867031875016203
8742eb442ffffff,Banaskantha,Gujarat,0.20260600839297632,0.05865045858232848
87618dc8bffffff,Viluppuram,Tamil Nadu,0.26108550710978917,0.004637142158859893
873da52cdffffff,Sonipat,Haryana,0.1305846196382947,0.05686665929126193
873c8365dffffff,Nayagarh,Odisha,0.07624536813225562,0.020810517567142337
873c8996dffffff,South 24 Parganas,West Bengal,0.08671869753564637,0.15561078344378426
876035da0ffffff,Virudhunagar,Tamil Nadu,0.30585525022520604,0.0
873cf6573ffffff,Bankura,West Bengal,0.06886194525851128,0.02410764626764213
87425c4ccffffff,Jaisalmer,Rajasthan,0.15295380127165398,0.0
8742ce0a5ffffff,Ahmedabad,Gujarat,0.19127791788146475,0.056441155159509024
8760ad412ffffff,Dharwad,Karnataka,0.17118678558791278,0.0
873d16413ffffff,Jind,Haryana,0.14329892233571317,0.013255869225167659
8760354e1ffffff,Theni,Tamil Nadu,0.24728163576519804,0.0
873d221b4ffffff,Leh,Ladakh,0.07239648565661756,0.01269305611408408
87608119bffffff,Solapur,Maharashtra,0.15582262986294054,0.002996548337328395
873c80aecffffff,Sambalpur,Odisha,0.10286765807711858,0.024924292150895005
87608d519ffffff,Ratnagiri,Maharashtra,0.2664958546197053,0.040799745443398296
873d8d4a2ffffff,Lucknow,Uttar Pradesh,0.13175146883169891,0.10903092576078166
873d236d1ffffff,Leh,Ladakh,0.07309388931606685,0.011814641562699832
8742ec365ffffff,Barmer,Rajasthan,0.17958085122629855,0.04714703973497587
87601118dffffff,Dakshina Kannada,Karnataka,0.16210695628545993,0.03215842805914923
873c12588ffffff,Kaimur,Bihar,0.08217511142834613,0.07480740603219117
874249719ffffff,Barnala,Punjab,0.29831454824503456,0.0022210794378198367
873cc3996ffffff,Lunglei,Mizoram,0.05940734630520483,0.02298886699964219
873d152dbffffff,Kinnaur,Himachal Pradesh,0.12745049483702534,0.02056130683406502
873d318daffffff,Kargil,Ladakh,0.0667111872774882,0.010349518523858944
87609a0c0ffffff,Barwani,Madhya Pradesh,0.15858638179176898,0.005957184865560824
873d33b16ffffff,Lahaul and Spiti,Himachal Pradesh,0.06433211859281403,0.012537651378658685
873c81ba0ffffff,Kendujhar,Odisha,0.09453686097373871,0.04517704304975424
873cb492effffff,Seoni,Madhya Pradesh,0.1778205932770733,0.0
8760b3229ffffff,Nirmal,Telangana,0.11796235534241656,0.06188014465264503
873d830f2ffffff,Tikamgarh,Madhya Pradesh,0.11429569387831921,0.027195066910903645
873cb00c9ffffff,Balod,Chhattisgarh,0.06256714366991584,0.06347596062157085
8760b194affffff,Medchal Malkajgiri,Telangana,0.10599829800190508,0.0045037828854861545
873ce8902ffffff,Karbi Anglong,Assam,0.057943311457260394,0.028479307141381343
873ced0e1ffffff,Sivasagar,Assam,0.07389145165898331,0.0
873ca52eeffffff,Sonbhadra,Uttar Pradesh,0.08217511142834613,0.08124642906127659
874248275ffffff,Sri Muktsar Sahib,Punjab,0.32459972397189585,0.0
8742d1a1dffffff,Gir Somnath,Gujarat,0.264229916418609,0.08362182925383765
873d10270ffffff,Uttarkashi,Uttarakhand,0.18397311466369332,0.07092227158675647
873daa422ffffff,Etawah,Uttar Pradesh,0.12781000109323892,0.004622947706262865
87619b2e4ffffff,Nalgonda,Telangana,0.12003499829386119,0.0
876033a0affffff,Palakkad,Kerala,0.2049660620102852,0.006922294314285389
873ca5332ffffff,Sonbhadra,Uttar Pradesh,0.10645381197318018,0.09523177715964115
873da14c6ffffff,Nuh,Haryana,0.10633049118991678,0.0587457686667553
8742c6311ffffff,Devbhumi Dwarka,Gujarat,0.18248263421606675,0.025489177028039
873c96602ffffff,East Godavari,Andhra Pradesh,0.05197197728505699,0.06258035061157852
873d06598ffffff,Lahaul and Spiti,Himachal Pradesh,0.13798483149578775,0.019204697386555017
873c81568ffffff,Angul,Odisha,0.1003998141466091,0.550990761893972
8742ce68cffffff,Bharuch,Gujarat,0.19696964730081584,0.05680898805116048
873d9e833ffffff,Raisen,Madhya Pradesh,0.12080098317297365,0.008681904834270105
8760a33aeffffff,Yadgir,Karnataka,0.11290326579508493,0.007790705803831079
873cabca6ffffff,Saraikela-Kharsawan,Jharkhand,0.10239117480123909,0.022585616260208725
873c9000effffff,Visakhapatnam,Andhra Pradesh,0.10864248932305007,0.07242612773594934
873d880d1ffffff,Fatehpur,Uttar Pradesh,0.12241948968942205,0.05859207266385617
873c32290ffffff,Siddharthnagar,Uttar Pradesh,0.15974594768307787,0.0217267393491266
87600672cffffff,Kozhikode,Kerala,0.30364044919479355,0.02453691691851798
873dad596ffffff,Rampur,Uttar Pradesh,0.29392882019649796,0.048554321902031926
873d99771ffffff,Umaria,Madhya Pradesh,0.09778055308643732,0.06566891868530814
8742e9763ffffff,Jalore,Rajasthan,0.1898628014500235,0.1962299708400384
876022d58ffffff,Pathanamthitta,Kerala,0.1945110034040784,0.03653523299276445
87424a806ffffff,Ganganagar,Rajasthan,0.1786977463672142,0.0
8760b2089ffffff,Chandrapur,Maharashtra,0.1271318562424589,0.012288830624147826
8760b361bffffff,Nanded,Maharashtra,0.10565094642792905,0.043995021401034014
873d1ed66ffffff,Rudraprayag,Uttarakhand,0.17998374360098882,0.02407965799715444
873c86436ffffff,Nuapada,Odisha,0.10905774275460642,0.0905428882986327
8760b2112ffffff,Komaram Bheem,Telangana,0.1599182010670071,0.04341371205919762
873da3a36ffffff,Bharatpur,Rajasthan,0.10392076040016547,0.039911703853364774
873d24183ffffff,Leh,Ladakh,0.13527195920543944,0.014325420606009817
873c1142effffff,Muzaffarpur,Bihar,0.08257720995990481,0.0
8742c1a8effffff,Kutch,Gujarat,0.19190587882030163,0.03284919885527902
873c818c1ffffff,Sundargarh,Odisha,0.09965655308780097,0.044989798169468465
876091a5bffffff,Buldhana,Maharashtra,0.10866488313458997,0.0010021975474198233
87608c205ffffff,Satara,Maharashtra,0.18021458863422443,0.029470895122658082
873d936d3ffffff,Betul,Madhya Pradesh,0.12434572635330765,0.0
873d8ab4effffff,Chitrakoot,Uttar Pradesh,0.14645621202949644,0.5935576349729068
8760ab271ffffff,Sindhudurg,Maharashtra,0.2813186233365096,0.048731311076149
873ce9835ffffff,Mon,Nagaland,0.08002495712489745,0.0032132283320139743
8742c0280ffffff,Morbi,Gujarat,0.20578826794524618,0.05113170887695729
8742db090ffffff,Palghar,Maharashtra,0.1653270536743119,0.07142237736639348
873d11442ffffff,Uttarkashi,Uttarakhand,0.1801939558211611,0.06603171349732125
873ca2240ffffff,Korba,Chhattisgarh,0.163843636856832,0.033313876827916394
873da9ce4ffffff,Pilibhit,Uttar Pradesh,0.11676775975028318,0.08640994658242421
8742c0972ffffff,Kutch,Gujarat,0.19932142463082053,0.047954905083900955
873d16412ffffff,Jind,Haryana,0.13722421715869337,0.013463343327267091
87609e608ffffff,Khargone,Madhya Pradesh,0.27059490434654604,0.0
873d050edffffff,Leh,Ladakh,0.09374981203997138,0.01415817915292496
8742ebb8effffff,Sirohi,Rajasthan,0.1822682744142648,0.06098869103820232
874258483ffffff,Jodhpur,Rajasthan,0.17481785288223609,0.0
87611b399ffffff,Thoothukkudi,Tamil Nadu,0.3076041092781111,0.0
873c1338affffff,Nalanda,Bihar,0.07929243985395888,0.507321320814203
873c868d1ffffff,Bargarh,Odisha,0.09887649805072099,0.06129123208462616
873d00ccaffffff,Leh,Ladakh,0.06367164043731602,0.01415817915292496
873cad06affffff,Jamui,Bihar,0.08056379831277682,0.02841066690975278
874259d25ffffff,Bikaner,Rajasthan,0.17151645079756264,0.16365422636255617
873c9da05ffffff,Puri,Odisha,0.0955758246857469,0.5290626971262656
8742c250dffffff,Junagadh,Gujarat,0.30413488832096397,0.021009735424294514
873d108daffffff,Sirmaur,Himachal Pradesh,0.29181309613944756,0.020321518056208684
873d32a88ffffff,Pathankot,Punjab,0.27677416322757614,0.02783453733017509
8742c1906ffffff,Kutch,Gujarat,0.1926551015304438,0.059147961651628604
8742ce088ffffff,Ahmedabad,Gujarat,0.19216257383953,0.03137627630223525
872099498ffffff,Leh,Ladakh,0.16311552636725074,0.02700448040224413
873d9ba1effffff,Dindori,Madhya Pradesh,0.25174701237037367,0.009975217496124003
87601611dffffff,Chikkaballapura,Karnataka,0.12080010985219398,0.0
873cf2501ffffff,South 24 Parganas,West Bengal,0.0973291083030145,0.5742975654247653
876030204ffffff,Tiruppur,Tamil Nadu,0.2246530885971515,0.01033879091365981
8742c4aa2ffffff,Kutch,Gujarat,0.19191126790716745,0.04467292964545504
876198392ffffff,Guntur,Andhra Pradesh,0.0791663641940326,0.011197767066586147
876036db2ffffff,Ariyalur,Tamil Nadu,0.26529456538711993,0.0
873ce31b6ffffff,East Khasi Hills,Meghalaya,0.0764450703558768,0.06390932398646945
873ca66d3ffffff,Bilaspur,Chhattisgarh,0.1534458593837305,0.009943807284735418
873ce8089ffffff,Kohima,Nagaland,0.09651243283957082,0.0
87609bc72ffffff,Nandurbar,Maharashtra,0.17639683807357376,0.0036438972872226815
873c528b4ffffff,Tawang,Arunachal Pradesh,0.07812944067655546,0.0
873caea08ffffff,Ranchi,Jharkhand,0.0948917698688642,0.016579032531212227
873d9ac64ffffff,Chhindwara,Madhya Pradesh,0.2852619042171267,0.00016900572964709
873c19982ffffff,Darjeeling,West Bengal,0.05230461003797368,0.000328614870013514
873cac940ffffff,Gaya,Bihar,0.0795839878925855,0.02330940219632308
876036356ffffff,Tiruchirappalli,Tamil Nadu,0.2911940337006127,0.0
873ce280cffffff,South Garo Hills,Meghalaya,0.07618472735138258,0.025718102142634897
873c85599ffffff,Sambalpur,Odisha,0.0907035645087607,0.054227927888496605
873da68c3ffffff,Churu,Rajasthan,0.1567444394955987,0.00016316221716817375
873d82b44ffffff,Shivpuri,Madhya Pradesh,0.11664892100486855,0.019538498175381752
873c84c33ffffff,Janjgir Champa,Chhattisgarh,0.1040394949437046,0.06169028649325098
873ce1382ffffff,Morigaon,Assam,0.1017499758230925,0.0
876082b51ffffff,Beed,Maharashtra,0.10860470454304343,0.04395814162126818
873cea273ffffff,Kamjong,Manipur,0.09155653289390066,0.0
874259d4cffffff,Bikaner,Rajasthan,0.17041255115281148,0.06535054663819244
873d264d8ffffff,Leh,Ladakh,0.11369037071515337,0.012679021257074066
873c1ac0affffff,Banka,Bihar,0.09151004812003247,0.02515858732559356
873caab11ffffff,Ranchi,Jharkhand,0.14089452279936165,0.02846539168249357
873cc5155ffffff,Hailakandi,Assam,0.09175263001133964,0.05060630068820347
873c58613ffffff,Namsai,Arunachal Pradesh,0.0673314047602738,0.07683640352362996
8764e4831ffffff,South Andaman,Andaman and Nicobar Islands,0.19826852151800797,0.018962631237331436
873ca06c6ffffff,Surajpur,Chhattisgarh,0.10162311271629286,0.04040759631747057
8760352a8ffffff,Idukki,Kerala,0.06953907431888565,0.007283763777382184
8760a8ba9ffffff,Dharwad,Karnataka,0.17118678558791278,0.0
873c9d899ffffff,Puri,Odisha,0.07508466548684936,0.013903727372965212
873d34dacffffff,Mirpur,Jammu and Kashmir,0.16138965105589329,0.051903958198199755
873cf4199ffffff,Murshidabad,West Bengal,0.040291053453255045,0.0
873caabb6ffffff,West Singhbhum,Jharkhand,0.10913772305844234,0.02204667563146484
8760944dcffffff,Wardha,Maharashtra,0.12170915313467993,0.010526229451282466
873ca531cffffff,Sonbhadra,Uttar Pradesh,0.10645381197318018,0.09523177715964115
873cb6cdaffffff,Chandrapur,Maharashtra,0.1479670785036915,0.0181859046803271
876094254ffffff,Yavatmal,Maharashtra,0.12763837569181063,0.0234803015601481
87424acc4ffffff,Ganganagar,Rajasthan,0.17883447378115366,0.18996901520545584
87424ba29ffffff,Mansa,Punjab,0.29424946096371374,0.0
873c12b40ffffff,Buxar,Bihar,0.11948940409037054,0.016012173210051606
87425d340ffffff,Ganganagar,Rajasthan,0.17840061881582658,0.18953360279212056
873da5d58ffffff,Hisar,Haryana,0.16109172557848722,0.011989809997274455
8742c3caaffffff,Rajkot,Gujarat,0.1969812931519521,0.056835321617180176
873d9a2f6ffffff,Seoni,Madhya Pradesh,0.1308653849752006,0.0
876092d0bffffff,Chhindwara,Madhya Pradesh,0.12308141303560088,0.0
87608e295ffffff,Pune,Maharashtra,0.17492938419801718,0.005250978030130332
873d9536effffff,Guna,Madhya Pradesh,0.1106976075863805,0.047413969777951565
873cb5229ffffff,Mungeli,Chhattisgarh,0.09808040092466129,0.05645982216184084
873d2e8e3ffffff,Leh,Ladakh,0.08247153689123171,0.02013544178900292
87608680affffff,Kamareddy,Telangana,0.10606960797219593,0.018836996954597125
8742c3574ffffff,Rajkot,Gujarat,0.19862865448813485,0.14004596131151686
873d35910ffffff,Bandipora,Jammu and Kashmir,0.14856463467418293,0.028135519209982824
87618a01bffffff,S.P.S. Nellore,Andhra Pradesh,0.12650687678043876,0.007510847875333293
873c8d4e0ffffff,Balasore,Odisha,0.10853150736325813,0.5256985760817717
873c8d41bffffff,Balasore,Odisha,0.10853150736325813,0.5256985760817717
873dac702ffffff,Sambhal,Uttar Pradesh,0.2505735606266569,0.05307541191825608
873c10d90ffffff,Mau,Uttar Pradesh,0.12818110726519422,0.0
8760b4016ffffff,Bhadradri Kothagudem,Telangana,0.08911674884864756,0.00110245687575138
8742ea2b3ffffff,Banaskantha,Gujarat,0.1973163681861138,0.07857831360326008
873c94184ffffff,Dakshin Bastar Dantewada,Chhattisgarh,0.10177302004659355,0.09033311043797598
873d23866ffffff,Leh,Ladakh,0.0876166900616411,0.017250695044645544
874249babffffff,Jalandhar,Punjab,0.3626908756135571,0.02912952480413149
873cb5995ffffff,Mandla,Madhya Pradesh,0.26415716842906,0.0062499087858468826
876035171ffffff,Virudhunagar,Tamil Nadu,0.2853418528966193,0.0
8760f6496ffffff,Ratnagiri,Maharashtra,0.3351756992704174,0.044363074441975014
87618ebabffffff,Thiruvallur,Tamil Nadu,0.10794040390687937,0.0
876030099ffffff,Tiruppur,Tamil Nadu,0.26498618328356244,0.0
873d9b363ffffff,Dindori,Madhya Pradesh,0.25371935886020675,0.012439965238979387
87602621dffffff,Thiruvananthapuram,Kerala,0.2672780975241076,0.03505880898121897
87601149cffffff,Chikkamagaluru,Karnataka,0.1658411599081175,0.0
873d93cd9ffffff,Harda,Madhya Pradesh,0.10469311925408657,0.017253162627993448
876082128ffffff,Parbhani,Maharashtra,0.11001738992112053,0.05672279882225915
8760aa496ffffff,Solapur,Maharashtra,0.1621983020964861,0.0
87608e432ffffff,Ahmednagar,Maharashtra,0.152127463231403,0.042539507708174586
873cf479effffff,Murshidabad,West Bengal,0.054771060990676815,0.6235631906295686
873d9040effffff,Dewas,Madhya Pradesh,0.12399506417190244,0.006164557779666306
873cad951ffffff,Sheikhpura,Bihar,0.08724922299739347,0.0
8742c024bffffff,Morbi,Gujarat,0.20591737255684545,0.05025377112279657
873d35744ffffff,Kishtwar,Jammu and Kashmir,0.07144947767447735,0.014325420606009817
873c32cdbffffff,Gonda,Uttar Pradesh,0.1316267205720783,0.04664621639005179
873d981a6ffffff,Damoh,Madhya Pradesh,0.11600734141495674,0.02461383437388302
873c58118ffffff,Lower Dibang Valley,Arunachal Pradesh,0.09001379034143285,0.06262440487873946
873c815adffffff,Angul,Odisha,0.05158231754869462,0.03942780241539268
873ca1810ffffff,Garhwa,Jharkhand,0.08349842475470536,0.10267197972148172
873d2ea88ffffff,Leh,Ladakh,0.08723494642883192,0.019342408989757406
872098bb4ffffff,Leh,Ladakh,0.17668180812656645,0.05002339835838892
8742ea1a8ffffff,Kutch,Gujarat,0.19211920706073848,0.04504219683998245
8760a018cffffff,Jogulamba Gadwal,Telangana,0.11451522544023197,0.0
873ced729ffffff,Sivasagar,Assam,0.05016027663468736,0.01339065421797483
873d10b55ffffff,Shimla,Himachal Pradesh,0.12679470928921246,0.02390859476111026
873d9bcb5ffffff,Seoni,Madhya Pradesh,0.33305292517803786,0.003389421754558805
873c84935ffffff,Korba,Chhattisgarh,0.1003588849862786,0.06116747241821472
873d8e41cffffff,Mahoba,Uttar Pradesh,0.3082795733339866,0.0
87618d863ffffff,Kallakurichi,Tamil Nadu,0.2737206240575168,0.0
87425e313ffffff,Jodhpur,Rajasthan,0.16217366602557864,0.0
873c14720ffffff,Gorakhpur,Uttar Pradesh,0.12300298062849885,0.03567263311003786
872099a30ffffff,Leh,Ladakh,0.14441113377882084,0.02679749423875844
873dae68bffffff,Firozabad,Uttar Pradesh,0.14720784702629336,0.005887384915549866
876011153ffffff,Dakshina Kannada,Karnataka,0.1480163356466391,0.03352531128656947
8742ebba6ffffff,Jalore,Rajasthan,0.19730549137387282,0.08466791331440988
873d22580ffffff,Kargil,Ladakh,0.07199339716081947,0.01269305611408408
873d110caffffff,Uttarkashi,Uttarakhand,0.12766963964532663,0.026740689120507706
8742e8a59ffffff,Barmer,Rajasthan,0.17154864574026993,0.006112206939809851
87618dc92ffffff,Tiruvannamalai,Tamil Nadu,0.2606218079026076,0.004924037129772327
8760a626effffff,Nagarkurnool,Telangana,0.1127637106913579,0.0
873cb0342ffffff,Durg,Chhattisgarh,0.1054933740701299,0.07014310367891013
8742cd552ffffff,Aravalli,Gujarat,0.17856343498404423,0.06719122455493616
873d812e2ffffff,Jalaun,Uttar Pradesh,0.26726238400142877,0.0
873db0231ffffff,Bhilwara,Rajasthan,0.15982563973900676,0.041412349772088665
8742ecb16ffffff,Barmer,Rajasthan,0.17516368573078603,0.05214924499031517
873d31989ffffff,Kargil,Ladakh,0.06630518458304467,0.010349518523858944
873c92866ffffff,Visakhapatnam,Andhra Pradesh,0.08387433455792104,0.06100198232741538
8742594daffffff,Bikaner,Rajasthan,0.15440331786257394,0.04655846810120014
8760ab4cdffffff,Sangli,Maharashtra,0.18297099396850766,0.0
873d9ad5effffff,Chhindwara,Madhya Pradesh,0.3409701878485631,0.0
873daa69cffffff,Auraiya,Uttar Pradesh,0.27534942644355614,0.03706473976394112
873d93ca2ffffff,Dewas,Madhya Pradesh,0.10253530303286654,0.028990311563023324
873c86428ffffff,Nuapada,Odisha,0.10701996162696728,0.08713093671253314
873d3590affffff,Bandipora,Jammu and Kashmir,0.14856463467418293,0.028135519209982824
873d886b1ffffff,Kaushambi,Uttar Pradesh,0.1380596478234009,0.587371806681382
873c5d7b3ffffff,Upper Dibang Valley,Arunachal Pradesh,0.07462775425953821,0.016557695465323072
8760a3a99ffffff,Raichur,Karnataka,0.11290326579508493,0.007790705803831079
8742dcdb6ffffff,Gir Somnath,Gujarat,0.2021838047375368,0.0668984803051973
876085a61ffffff,Vijayapura,Karnataka,0.15914436283377104,0.0
873c84a05ffffff,Raigarh,Chhattisgarh,0.08670518723861118,0.055548791965313725
8742512d8ffffff,Jaisalmer,Rajasthan,0.17297708015893049,0.0
873c5d604ffffff,Upper Dibang Valley,Arunachal Pradesh,0.06975567034062008,0.012129908799760326
8742c5714ffffff,Kutch,Gujarat,0.1941604199148858,0.045452410760847
87609d84effffff,Ahmednagar,Maharashtra,0.14543839959049057,0.04221886154917665
873d266f1ffffff,Leh,Ladakh,0.07020143751997251,0.014170015870584425
873d817a0ffffff,Jhansi,Uttar Pradesh,0.13860532073858522,0.055663722548101896
873d200a1ffffff,Leh,Ladakh,0.07160575373120211,0.013194944864377302
876033632ffffff,Chamarajanagara,Karnataka,0.15522374977917328,0.018632756876949645
87618b32bffffff,Anantapur,Andhra Pradesh,0.09902881171016287,0.0
8760b3daaffffff,Komaram Bheem,Telangana,0.1194541492122681,0.04566380286502121
8742c3aacffffff,Surendranagar,Gujarat,0.2075597724456531,0.08539562777651195
873d8db91ffffff,Barabanki,Uttar Pradesh,0.15391048593601947,0.029748208966957575
873d8e54dffffff,Mahoba,Uttar Pradesh,0.332659177345188,0.02506134918522202
8742c8198ffffff,Kheda,Gujarat,0.18356238287294663,0.009693412473383602
873c13028ffffff,Patna,Bihar,0.07580906424242531,0.0
8760a980effffff,South Goa,Goa,0.17617249768157492,0.02140689227866445
873c360d3ffffff,Bahraich,Uttar Pradesh,0.1625402711441981,0.09225100819557833
876080189ffffff,Latur,Maharashtra,0.10460049876855232,0.0
873ca98a5ffffff,Deoghar,Jharkhand,0.12398069527917119,0.03519481764333141
87611b6aeffffff,Virudhunagar,Tamil Nadu,0.33439344619111977,0.0
873dab0a6ffffff,Hardoi,Uttar Pradesh,0.1614308311792782,0.095322654969106
87603492cffffff,Ramanathapuram,Tamil Nadu,0.3006342939837087,0.0
873cb5398ffffff,Bametara,Chhattisgarh,0.18395342692743244,0.05757614370213507
8760a238bffffff,Narayanpet,Telangana,0.10600728629932638,0.0
873cb6983ffffff,Nagpur,Maharashtra,0.1168776907151918,0.00927101834010004
873cae9b3ffffff,Latehar,Jharkhand,0.06473379176077314,0.04826638153733929
873cb6683ffffff,Gadchiroli,Maharashtra,0.0875965590673618,0.016067805594630658
873da451dffffff,Churu,Rajasthan,0.16429642876772926,0.017058877670461832
8760a3d76ffffff,Narayanpet,Telangana,0.11167385862948769,0.0
873c81d70ffffff,Deogarh,Odisha,0.11471521583153872,0.019598257234666204
873c132e2ffffff,Nalanda,Bihar,0.08598176668991306,0.5024784372224063
873d9604effffff,Indore,Madhya Pradesh,0.1731638493667568,0.0027516192767341272
876016ca4ffffff,Chikkaballapura,Karnataka,0.12067321399398868,0.0
873cf0c14ffffff,Nadia,West Bengal,0.03881477393085038,0.0
873db2709ffffff,Neemuch,Madhya Pradesh,0.15090415795681997,0.02321917445344906
87619a9a3ffffff,West Godavari,Andhra Pradesh,0.09264409350777104,0.5479072771337831
8760b289bffffff,Komaram Bheem,Telangana,0.17213133432668914,0.05121593366010995
873dac749ffffff,Moradabad,Uttar Pradesh,0.2518099534615883,0.04850821971191645
876091032ffffff,Akola,Maharashtra,0.12743901389225643,0.02464481809426961
873ca5441ffffff,Sonbhadra,Uttar Pradesh,0.10357451857950577,0.0999226560556727
8760a28edffffff,Mahabubnagar,Telangana,0.09597808264520499,0.0
87608258effffff,Hingoli,Maharashtra,0.1043667655482028,0.006880058574592868
876095649ffffff,Washim,Maharashtra,0.10569134776892353,0.0028286149774486295
876189508ffffff,Kolar,Karnataka,0.1234029949473993,0.013653099161848746
873d8b6cdffffff,Mirzapur,Uttar Pradesh,0.12094765171383236,0.05480626287587528
873d93745ffffff,Hoshangabad,Madhya Pradesh,0.10469311925408657,0.017419000305474306
873cb4d59ffffff,Balaghat,Madhya Pradesh,0.1774062152184786,0.016816210419581784
873c1d74bffffff,Darjeeling,West Bengal,0.14094400583143255,0.03129672639704026
873d82cebffffff,Guna,Madhya Pradesh,0.10870232087847223,0.021758929479426477
873db6b08ffffff,Pali,Rajasthan,0.18666914323951472,0.06335348202736137
873ccc9b1ffffff,Tengnoupal,Manipur,0.022358800655697748,0.0
873c90a55ffffff,Koraput,Odisha,0.0994994197072602,0.1290577535752979
8742ce64bffffff,Anand,Gujarat,0.19543433514061886,0.02291687965941351
87609ca18ffffff,Aurangabad,Maharashtra,0.15102452173039568,0.014660205309876854
873ce1858ffffff,Udalguri,Assam,0.08046078966360855,0.0
873ce479bffffff,Kokrajhar,Assam,0.0515769499715625,0.0
873c92172ffffff,East Godavari,Andhra Pradesh,0.08629382315418446,0.08338605109283093
8760ad504ffffff,Uttara Kannada,Karnataka,0.17431434064820017,0.0
873c91a5cffffff,Rayagada,Odisha,0.04599517147931669,0.12239010564370065
873dac183ffffff,Amroha,Uttar Pradesh,0.27563292774696313,0.05095694801104442
87601e56effffff,Udupi,Karnataka,0.2600893455435719,0.015036577270419965
873d8e21cffffff,Banda,Uttar Pradesh,0.09693342357682017,0.0
873d862f4ffffff,Baran,Rajasthan,0.09868603548292786,0.02189262820459041
876034728ffffff,Sivaganga,Tamil Nadu,0.23423065741642266,0.0
873c1600dffffff,Azamgarh,Uttar Pradesh,0.12818110726519422,0.053865318987616075
873da6b21ffffff,Sikar,Rajasthan,0.15625370698657565,0.010836751565263876
873c19c1dffffff,Uttar Dinajpur,West Bengal,0.04735274730198095,0.0
874253d15ffffff,Jaisalmer,Rajasthan,0.13789359363530565,0.09126169226535034
873c84328ffffff,Raigarh,Chhattisgarh,0.08058138282175964,0.05691851794176862
8760b604affffff,Gadchiroli,Maharashtra,0.09705634576220393,0.06367166757540489
873c86d09ffffff,Nuapada,Odisha,0.10023759802338879,0.059054004605387254
8742e9d40ffffff,Barmer,Rajasthan,0.17694351769987,0.00731392126883615
873cae403ffffff,Gumla,Jharkhand,0.09152994850594319,0.05191742533675967
873dac380ffffff,Moradabad,Uttar Pradesh,0.251296216662831,0.05372537409873549
873ced375ffffff,Charaideo,Assam,0.054615174627444446,0.008459187467469579
873cab716ffffff,East Singhbhum,Jharkhand,0.07616014835479229,0.03475502875090049
873c8dd58ffffff,Jhargram,West Bengal,0.08338758468244518,0.04307320656326323
873d93aacffffff,Raisen,Madhya Pradesh,0.21545910320044395,0.0010940871599238143
873d8d0eeffffff,Barabanki,Uttar Pradesh,0.13175146883169891,0.057780451779539645
873d89c50ffffff,Sultanpur,Uttar Pradesh,0.05816526415152501,0.0795782341214056
873d9b30affffff,Dindori,Madhya Pradesh,0.26218292121144454,0.012439965238979387
873d046e4ffffff,Leh,Ladakh,0.09105767868057468,0.013659240415488525
876094a58ffffff,Adilabad,Telangana,0.12259073272651085,0.02505733727080623
8742538eaffffff,Jaisalmer,Rajasthan,0.16791745628406565,0.0
873dad4b2ffffff,Rampur,Uttar Pradesh,0.27011661657010916,0.046526194554419004
873da6d4affffff,Nagaur,Rajasthan,0.1506893080707447,0.01943184381156866
876013855ffffff,Chikkamagaluru,Karnataka,0.16665384072910153,0.0
873d95486ffffff,Rajgarh,Madhya Pradesh,0.11481386166698408,0.007977359002075888
873cf418dffffff,Murshidabad,West Bengal,0.04626276672757171,0.0
873ca8330ffffff,Bokaro,Jharkhand,0.12008319351669165,0.03255161355291118
873c5e7a0ffffff,Dhemaji,Assam,0.0995522196292837,0.028432355924874052
